Category,Type of Vehicles,31.03.2001,31.03.2002,31.03.2003,31.03.2004,31.03.2005,31.03.2006,31.03.2007,31.03.2008,31.03.2009,31.03.2010,31.03.2011,31.03.2012,31.03.2013,31.03.2014,31.03.2015,31.03.2016,31.03.2017,31.03.2018,31.03.2019,31.03.2020,31.03.2021,31.03.2023
Transport - Stage Carriages,Public (Stu),16969,16843,16414,16994,17436,17635,17520,17897,18767,19307,19761,19625,22053,22501,22474,23078,22646,21835,21542,20944,20926,20127
Transport - Stage Carriages,Private,5705,6068,6345,6531,6271,6760,6841,6982,7183,7898,7929,7958,8061,7689,7927,7937,7861,7711,7584,7590,7662,7764
Transport - Stage Carriages,TOTAL,22674,22911,22759,23565,23707,24395,24361,24879,25950,27205,27690,27583,30114,30190,30401,31015,30507,29546,29126,28534,28588,27891
Transport - Stage Carriages,Mini bus,3693,4136,3903,3816,3869,4285,4035,4002,4041,4003,3989,4051,4125,4009,3980,3994,4218,4181,4062,4056,4056,2857
Transport - Contract Carriages,Autorickshaw,108090,111942,119719,119937,122832,133639,136986,146244,152072,160734,202133,209003,218329,223702,232112,237970,251056,260696,280964,297202,303232,302918
Transport - Contract Carriages,Ordinary Taxi,869,751,914,886,1223,1612,1676,2366,3593,5272,4257,3978,3751,4016,4081,4582,4403,4494,4300,4380,4330,2575
Transport - Contract Carriages,Motor Cab (SP),31200,32821,35363,36388,35922,42797,47804,57587,63278,72558,82677,93277,92887,99667,101862,107119,114082,107184,111658,114625,114526,101122
Transport - Contract Carriages,Motor Cab (AIP),4366,4464,4713,4655,4826,7051,7922,8937,9436,9674,11204,11760,11881,14562,14579,14260,10881,14496,14946,14839,14367,10858
Transport - Contract Carriages,Maxi Cab(SP),23740,25092,28010,24835,23043,24591,26158,33248,37655,42753,50630,59086,63683,71112,75442,77715,78285,80818,82612,84239,85069,81478
Transport - Contract Carriages,Maxi CAB (AIP),857,908,804,883,797,939,1108,1678,2329,2798,3609,4393,5208,7294,7531,7438,6561,6101,6204,6319,6299,5455
Transport - Contract Carriages,Omni Bus (SP),299,299,329,318,327,310,466,430,460,503,515,619,750,833,906,996,766,713,783,786,1354,1333
Transport - Contract Carriages,Omni Bus (AIP),151,151,147,143,151,153,144,130,161,156,171,159,163,151,201,184,166,168,110,115,180,163
Transport - Contract Carriages,TOTAL,169572,176428,189999,188045,189121,211092,222264,250620,268984,294448,355196,382275,396652,421337,436714,450264,466200,474670,501577,522505,529357,505902
Transport - others,Private Service Vehicles,2392,2718,3480,4374,4485,5330,5807,8049,9407,10498,11070,12117,13218,13894,14177,14189,14143,12476,12620,13103,13113,13786
Transport - others,School Bus,2141,2444,4923,5706,5876,8099,8796,10835,13219,14632,16491,18974,20639,36395,38092,38587,36580,31812,32648,34463,34628,34835
Transport - others,Ambulance,2149,2336,2556,2772,2946,3211,3728,4126,5233,5620,6041,6448,7740,8436,9122,9603,10531,11133,11347,11668,11871,13395
Transport - others,Fire Fighter,708,725,735,785,854,1419,1542,1558,1564,1578,1582,1587,1588,1611,1640,1646,1651,1655,1680,1699,1699,1717
Transport - others,TOTAL,7390,8223,11694,13637,14161,18059,19873,24568,29423,32328,35184,39126,43185,60336,63031,64025,62905,57076,58295,60933,61311,63733
Transport - Goods carriages,Lorries,110399,109579,110144,107186,108985,131351,134495,164134,183881,199807,209739,226335,232054,236519,249212,259362,255706,247719,261993,268577,271596,325407
Transport - Goods carriages,National Permit Lorries,28608,26534,26626,26068,27455,31581,33898,40428,47612,51977,59428,68745,72469,82027,86927,90135,88971,91106,95540,98807,100653,121368
Transport - Goods carriages,Tractor & Trailer,29798,31358,34046,38263,43052,50519,57808,62258,70368,71638,72666,73764,75002,75967,76459,76976,77434,77774,77995,78016,78025,78126
Transport - Goods carriages,Light Commercial Vehicles,40598,43864,48239,62240,74380,101637,103911,130659,148375,148249,160002,173857,183433,220765,230717,232309,236124,231625,220613,222318,224095,185962
Transport - Goods carriages,Articulated Vehicles,8633,9073,10038,9392,9196,8187,7680,5321,6080,4293,4645,5289,5608,4890,5089,5540,12295,14853,15422,15909,15980,25126
Transport - Goods carriages,TOTAL,218036,220408,229093,243149,263068,323275,337792,402800,456316,475964,506480,547990,568566,620168,648404,664322,670530,663077,671563,683627,690349,735989
Transport,Grand Total Transport vehicles,421365,432106,457448,472212,493926,581106,608325,706869,784714,833948,928539,1001025,1042642,1136040,1182530,1213620,1234360,1228550,1264623,1299655,1313661,1336372
Non-Transport - Two-wheelers,Motor cycle,1142550,1334348,1595505,1883849,2244565,2691550,3269611,3839000,4416484,5100133,5997158,7047160,8083395,9066777,9984353,10889391,11963437,12999062,14391347,15784388,16908062,19212044
Non-Transport - Two-wheelers,Scooters,684567,752129,832548,911076,1001436,1089637,1148698,1200712,1245745,1308347,1420599,1556369,1719254,1930381,2188345,2496523,2871938,3323468,3576348,3659285,3691558,3766756
Non-Transport - Two-wheelers,Mopeds,2335885,2514088,2645590,2752830,2860056,2969141,3085117,3220307,3374554,3561118,3789581,4056399,4347724,4597982,4818829,5014721,5151927,5263680,5378521,5474711,5545493,5664434
Non-Transport - Two-wheelers,TotalTwo wheelers,4163002,4600565,5073643,5547755,6106057,6750328,7503426,8260019,9036783,9969598,11207338,12659928,14150373,15595140,16991527,18400635,19987302,21586210,23346216,24918384,26145113,28643234
Non-Transport,Motor car,446824,483799,523840,564949,617461,674002,745321,829789,924800,1037725,1187109,1341122,1505328,1664498,1836012,1978559,2162106,2361195,2557696,2739097,2895959,3339866
Non-Transport,Jeep,35546,36877,38445,39290,39878,40976,41764,42128,42510,42720,43383,44021,44622,45030,45357,45786,45983,46165,46232,46232,46232,46232
Non-Transport,Trycycle Auto,3731,3813,4034,4083,4111,4123,4171,4260,4331,4331,4331,4331,4332,4349,0,4353,4353,4354,4358,4358,4358,
Non-Transport,Stationwagon,2089,2146,2285,2456,2491,2662,2759,2775,2818,2818,0,0,0,0,0,0,0,0,0,0,0,
Non-Transport,Tractor,66955,70209,73289,76058,80516,89980,108088,124231,139225,155913,176556,201294,223290,239771,248854,260438,276017,294128,317061,340639,369253,424817
Non-Transport,Threewheeler,8398,11589,16431,23336,33264,46853,54207,57898,59548,60622,61081,61565,61827,62044,66446,62106,62185,62387,62779,62986,63105,67859
Non-Transport,Fourwheeler,4575,4833,5206,5874,7264,10825,12617,14706,15767,16545,16930,17307,17378,17428,0,17429,17433,17537,17537,17537,17537,
Non-Transport,Road Roller,427,471,476,494,653,974,1385,1644,1732,1813,1981,2096,2111,2127,2177,2233,2333,2456,2496,2519,2535,2540
Non-Transport,Others,9170,11689,13940,16006,18123,19901,21557,24691,28141,30928,33469,35936,39865,42672,46115,49234,52992,58865,69187,78456,87063,111147
Non-Transport,Non-Transport Grand Total,4740717,5225991,5751589,6280301,6909818,7640624,8495295,9362141,10255655,11323013,12732178,14367600,16049126,17673059,19236488,20820773,22610704,24433297,26423562,28210208,29631155,32635695
Grand Total - Transport and Non-transport,Total all vehicles ,5162082,5658097,6209037,6752513,7403744,8221730,9103620,10069010,11040369,12156961,13660717,15368625,17091768,18807505,20419018,22034393,23845064,25661847,27688185,29509863,30944816,33972067
