Year,Month,Day,Rep,Feeder,Mount,Speaker,Track,TempDay,Treatment,ID,Sex,StartTime,VisitTime,Latency,Sec,20min,HFRcal
2018,12,4,1,2,0,1,7,-8.958,2,011016A271,0.5,12:36:45,13:14:27,00:37:42,2262,6,18
2018,12,4,1,2,0,1,7,-8.958,2,011016B66E,-0.5,12:36:45,13:36:16,00:59:31,3571,1,3
2018,12,4,1,2,0,1,7,-8.958,2,011016E03B,0.5,12:36:45,12:42:06,00:05:21,321,1,3
2018,12,4,1,2,0,1,7,-8.958,2,011016FFC0,-0.5,12:36:45,13:02:58,00:26:13,1573,8,24
2018,12,4,1,2,0,1,7,-8.958,2,0110174E70,0.5,12:36:45,13:15:09,00:38:24,2304,4,12
2018,12,4,1,2,0,1,7,-8.958,2,011017549A,-0.5,12:36:45,12:38:34,00:01:49,109,4,12
2018,12,4,1,2,0,1,7,-8.958,2,0110176BCA,0.5,12:36:45,12:41:15,00:04:30,270,1,3
2018,12,4,1,2,0,1,7,-8.958,2,01103F517D,0.5,12:36:45,13:14:40,00:37:55,2275,6,18
2018,12,4,1,2,0,1,7,-8.958,2,01103F7AAC,-0.5,12:36:45,12:45:10,00:08:25,505,5,15
2018,12,4,1,2,0,1,7,-8.958,2,01103F8A41,0.5,12:36:45,12:39:47,00:03:02,182,2,6
2018,12,4,1,2,0,1,7,-8.958,2,0700EDD987,-0.5,12:36:45,12:45:04,00:08:19,499,3,9
2018,12,4,1,2,0,1,7,-8.958,2,0700EDE465,-0.5,12:36:45,12:49:58,00:13:13,793,3,9
2018,12,4,1,2,0,1,7,-8.958,2,0700EE0C37,-0.5,12:36:45,12:39:52,00:03:07,187,2,6
2018,12,4,1,2,0,1,7,-8.958,2,0700EE1A91,-0.5,12:36:45,12:42:44,00:05:59,359,1,3
2018,12,4,1,9,5,2,0,-8.958,3,011016A962,0.5,09:34:06,10:25:30,00:51:24,3084,1,3
2018,12,4,1,9,5,2,0,-8.958,3,011016B3CE,-0.5,09:34:06,12:10:36,02:36:30,9390,4,12
2018,12,4,1,9,5,2,0,-8.958,3,0110170143,0.5,09:34:06,12:23:39,02:49:33,10173,7,21
2018,12,4,1,9,5,2,0,-8.958,3,0110172DEC,-0.5,09:34:06,10:50:08,01:16:02,4562,5,15
2018,12,4,1,9,5,2,0,-8.958,3,0110175CF7,0.5,09:34:06,10:55:19,01:21:13,4873,3,9
2018,12,4,1,9,5,2,0,-8.958,3,01101765DB,0.5,09:34:06,12:25:47,02:51:41,10301,8,24
2018,12,4,1,9,5,2,0,-8.958,3,01103F64E9,-0.5,09:34:06,10:06:58,00:32:52,1972,1,3
2018,12,4,1,9,5,2,0,-8.958,3,01103F8EFA,-0.5,09:34:06,10:49:43,01:15:37,4537,12,36
2018,12,4,1,9,5,2,0,-8.958,3,0700EDC092,-0.5,09:34:06,12:23:42,02:49:36,10176,13,39
2018,12,4,1,9,5,2,0,-8.958,3,0700EDC833,-0.5,09:34:06,10:50:23,01:16:17,4577,2,6
2018,12,4,1,9,5,2,0,-8.958,3,0700EDCE8A,-0.5,09:34:06,12:24:01,02:49:55,10195,4,12
2018,12,4,1,9,5,2,0,-8.958,3,0700EDD953,-0.5,09:34:06,11:06:27,01:32:21,5541,8,24
2018,12,4,1,10,3,1,2,-8.958,4,0110170AFD,-0.5,14:06:08,14:53:13,00:47:05,2825,3,9
2018,12,4,1,10,3,1,2,-8.958,4,01101726F2,-0.5,14:06:08,15:31:39,01:25:31,5131,6,18
2018,12,4,1,10,3,1,2,-8.958,4,01101740A4,0.5,14:06:08,15:37:34,01:31:26,5486,3,9
2018,12,4,1,10,3,1,2,-8.958,4,0110174E28,0.5,14:06:08,15:31:50,01:25:42,5142,6,18
2018,12,4,1,10,3,1,2,-8.958,4,01101760B3,-0.5,14:06:08,15:31:34,01:25:26,5126,5,15
2018,12,4,1,10,3,1,2,-8.958,4,0700EDFB72,-0.5,14:06:08,15:43:53,01:37:45,5865,3,9
2018,12,4,1,14,0,2,0,-8.958,1,011016B677,-0.5,11:05:53,14:04:10,02:58:17,10697,13,39
2018,12,4,1,14,0,2,0,-8.958,1,011016C36E,-0.5,11:05:53,11:26:32,00:20:39,1239,9,27
2018,12,4,1,14,0,2,0,-8.958,1,011016C68F,0.5,11:05:53,11:24:44,00:18:51,1131,4,12
2018,12,4,1,14,0,2,0,-8.958,1,011016F3FE,0.5,11:05:53,11:15:03,00:09:10,550,8,24
2018,12,4,1,14,0,2,0,-8.958,1,011016FB1C,-0.5,11:05:53,11:09:46,00:03:53,233,7,21
2018,12,4,1,14,0,2,0,-8.958,1,0110176382,0.5,11:05:53,11:09:22,00:03:29,209,1,3
2018,12,4,1,14,0,2,0,-8.958,1,01103F3AFB,-0.5,11:05:53,11:40:16,00:34:23,2063,5,15
2018,12,4,1,14,0,2,0,-8.958,1,01103F762C,-0.5,11:05:53,11:11:28,00:05:35,335,4,12
2018,12,4,1,14,0,2,0,-8.958,1,0700EDD67A,-0.5,11:05:53,11:07:12,00:01:19,79,18,54
2018,12,4,1,14,0,2,0,-8.958,1,0700EDFF45,-0.5,11:05:53,11:16:29,00:10:36,636,7,21
2018,12,4,1,14,0,2,0,-8.958,1,0700EE1699,-0.5,11:05:53,11:21:20,00:15:27,927,11,33
2018,12,6,1,2,0,1,0,-18.421,1,011016A271,0.5,14:06:02,14:08:38,00:02:36,156,7,21
2018,12,6,1,2,0,1,0,-18.421,1,011016B66E,-0.5,14:06:02,14:18:42,00:12:40,760,4,12
2018,12,6,1,2,0,1,0,-18.421,1,011016E03B,0.5,14:06:02,14:13:03,00:07:01,421,2,6
2018,12,6,1,2,0,1,0,-18.421,1,011016FFC0,-0.5,14:06:02,16:30:10,02:24:08,8648,9,27
2018,12,6,1,2,0,1,0,-18.421,1,01101740A4,0.5,14:06:02,14:12:14,00:06:12,372,3,9
2018,12,6,1,2,0,1,0,-18.421,1,0110174E70,0.5,14:06:02,14:07:16,00:01:14,74,5,15
2018,12,6,1,2,0,1,0,-18.421,1,011017549A,-0.5,14:06:02,14:06:48,00:00:46,46,12,36
2018,12,6,1,2,0,1,0,-18.421,1,0110176BCA,0.5,14:06:02,14:22:48,00:16:46,1006,1,3
2018,12,6,1,2,0,1,0,-18.421,1,01103F517D,0.5,14:06:02,14:07:27,00:01:25,85,4,12
2018,12,6,1,2,0,1,0,-18.421,1,01103F7AAC,-0.5,14:06:02,14:34:13,00:28:11,1691,6,18
2018,12,6,1,2,0,1,0,-18.421,1,01103F8A41,0.5,14:06:02,14:11:15,00:05:13,313,7,21
2018,12,6,1,2,0,1,0,-18.421,1,0700EDD987,-0.5,14:06:02,14:34:40,00:28:38,1718,4,12
2018,12,6,1,2,0,1,0,-18.421,1,0700EDE465,-0.5,14:06:02,14:32:04,00:26:02,1562,6,18
2018,12,6,1,2,0,1,0,-18.421,1,0700EE0C37,-0.5,14:06:02,14:29:02,00:23:00,1380,10,30
2018,12,6,1,2,0,1,0,-18.421,1,0700EE1A91,-0.5,14:06:02,14:17:06,00:11:04,664,3,9
2018,12,6,1,9,0,1,5,-18.421,2,011016A962,0.5,11:05:54,11:14:38,00:08:44,524,4,12
2018,12,6,1,9,0,1,5,-18.421,2,0110170143,0.5,11:05:54,11:51:45,00:45:51,2751,2,6
2018,12,6,1,9,0,1,5,-18.421,2,0110172DEC,-0.5,11:05:54,11:10:48,00:04:54,294,2,6
2018,12,6,1,9,0,1,5,-18.421,2,0110175CF7,0.5,11:05:54,11:22:52,00:16:58,1018,2,6
2018,12,6,1,9,0,1,5,-18.421,2,01101765DB,0.5,11:05:54,11:26:28,00:20:34,1234,4,12
2018,12,6,1,9,0,1,5,-18.421,2,01103F64E9,-0.5,11:05:54,11:08:15,00:02:21,141,8,24
2018,12,6,1,9,0,1,5,-18.421,2,01103F8EFA,-0.5,11:05:54,11:07:56,00:02:02,122,13,39
2018,12,6,1,9,0,1,5,-18.421,2,0700EDC092,-0.5,11:05:54,11:08:47,00:02:53,173,8,24
2018,12,6,1,9,0,1,5,-18.421,2,0700EDC833,-0.5,11:05:54,11:08:59,00:03:05,185,3,9
2018,12,6,1,9,0,1,5,-18.421,2,0700EDCE8A,-0.5,11:05:54,11:13:43,00:07:49,469,5,15
2018,12,6,1,9,0,1,5,-18.421,2,0700EDD953,-0.5,11:05:54,11:11:14,00:05:20,320,5,15
2018,12,6,1,11,1,2,5,-18.421,4,011016A962,0.5,12:37:10,12:40:10,00:03:00,180,1,3
2018,12,6,1,11,1,2,5,-18.421,4,011016F8BB,0.5,12:37:10,13:54:07,01:16:57,4617,5,15
2018,12,6,1,11,1,2,5,-18.421,4,0110175C91,-0.5,12:37:10,14:14:32,01:37:22,5842,6,18
2018,12,6,1,11,1,2,5,-18.421,4,01101764FE,-0.5,12:37:10,12:41:32,00:04:22,262,1,3
2018,12,6,1,11,1,2,5,-18.421,4,01103F397C,-0.5,12:37:10,13:46:11,01:09:01,4141,12,36
2018,12,6,1,11,1,2,5,-18.421,4,01103F8710,-0.5,12:37:10,16:03:18,03:26:08,12368,8,24
2018,12,6,1,11,1,2,5,-18.421,4,0700EDC3AB,-0.5,12:37:10,12:39:15,00:02:05,125,1,3
2018,12,6,1,11,1,2,5,-18.421,4,0700EE045D,0.5,12:37:10,14:06:05,01:28:55,5335,5,15
2018,12,6,1,12,3,2,0,-18.421,3,011016B677,-0.5,09:36:52,11:15:28,01:38:36,5916,3,9
2018,12,6,1,12,3,2,0,-18.421,3,011016C021,0.5,09:36:52,11:15:26,01:38:34,5914,9,27
2018,12,6,1,12,3,2,0,-18.421,3,011016FBE0,-0.5,09:36:52,11:16:01,01:39:09,5949,5,15
2018,12,6,1,12,3,2,0,-18.421,3,01101726F2,-0.5,09:36:52,14:28:20,04:51:28,17488,9,27
2018,12,6,1,12,3,2,0,-18.421,3,0110174792,0.5,09:36:52,10:58:59,01:22:07,4927,11,33
2018,12,6,1,12,3,2,0,-18.421,3,0110175DA5,-0.5,09:36:52,12:00:59,02:24:07,8647,7,21
2018,12,6,1,12,3,2,0,-18.421,3,01103F8710,-0.5,09:36:52,13:21:06,03:44:14,13454,7,21
2018,12,6,1,12,3,2,0,-18.421,3,01103F8837,0.5,09:36:52,10:13:20,00:36:28,2188,1,3
2018,12,6,1,12,3,2,0,-18.421,3,0700EE3271,-0.5,09:36:52,10:59:14,01:22:22,4942,8,24
2018,12,8,1,2,6,2,3,-16.946,4,011016A271,0.5,14:07:00,15:15:25,01:08:25,4105,11,33
2018,12,8,1,2,6,2,3,-16.946,4,011016B66E,-0.5,14:07:00,15:19:11,01:12:11,4331,7,21
2018,12,8,1,2,6,2,3,-16.946,4,011016E03B,0.5,14:07:00,15:15:28,01:08:28,4108,4,12
2018,12,8,1,2,6,2,3,-16.946,4,011016FFC0,-0.5,14:07:00,14:51:08,00:44:08,2648,7,21
2018,12,8,1,2,6,2,3,-16.946,4,01101740A4,0.5,14:07:00,16:00:36,01:53:36,6816,4,12
2018,12,8,1,2,6,2,3,-16.946,4,0110174E70,0.5,14:07:00,15:12:50,01:05:50,3950,7,21
2018,12,8,1,2,6,2,3,-16.946,4,011017549A,-0.5,14:07:00,14:10:41,00:03:41,221,1,3
2018,12,8,1,2,6,2,3,-16.946,4,0110176BCA,0.5,14:07:00,15:15:58,01:08:58,4138,6,18
2018,12,8,1,2,6,2,3,-16.946,4,01103F517D,0.5,14:07:00,15:22:05,01:15:05,4505,3,9
2018,12,8,1,2,6,2,3,-16.946,4,01103F7AAC,-0.5,14:07:00,14:26:41,00:19:41,1181,5,15
2018,12,8,1,2,6,2,3,-16.946,4,01103F8A41,0.5,14:07:00,14:14:37,00:07:37,457,1,3
2018,12,8,1,2,6,2,3,-16.946,4,0700EE0C37,-0.5,14:07:00,15:19:57,01:12:57,4377,8,24
2018,12,8,1,2,6,2,3,-16.946,4,0700EE1A91,-0.5,14:07:00,16:16:20,02:09:20,7760,7,21
2018,12,8,1,4,6,1,0,-16.946,3,011016E0DD,-0.5,12:34:37,13:54:24,01:19:47,4787,8,24
2018,12,8,1,4,6,1,0,-16.946,3,0110170143,0.5,12:34:37,14:09:12,01:34:35,5675,7,21
2018,12,8,1,4,6,1,0,-16.946,3,0110171BB9,-0.5,12:34:37,13:53:43,01:19:06,4746,6,18
2018,12,8,1,4,6,1,0,-16.946,3,0110172AD5,-0.5,12:34:37,14:22:20,01:47:43,6463,7,21
2018,12,8,1,4,6,1,0,-16.946,3,01101765DB,0.5,12:34:37,14:08:42,01:34:05,5645,8,24
2018,12,8,1,4,6,1,0,-16.946,3,01103F7AAC,-0.5,12:34:37,13:38:24,01:03:47,3827,5,15
2018,12,8,1,4,6,1,0,-16.946,3,01103F8F8D,0.5,12:34:37,13:53:58,01:19:21,4761,8,24
2018,12,8,1,4,6,1,0,-16.946,3,0700EDB1E3,0.5,12:34:37,15:11:02,02:36:25,9385,8,24
2018,12,8,1,4,6,1,0,-16.946,3,0700EDC092,-0.5,12:34:37,14:08:48,01:34:11,5651,6,18
2018,12,8,1,4,6,1,0,-16.946,3,0700EDCE8A,-0.5,12:34:37,13:59:36,01:24:59,5099,7,21
2018,12,8,1,4,6,1,0,-16.946,3,0700EDD953,-0.5,12:34:37,15:52:50,03:18:13,11893,5,15
2018,12,8,1,4,6,1,0,-16.946,3,0700EDD987,-0.5,12:34:37,13:38:19,01:03:42,3822,5,15
2018,12,8,1,4,6,1,0,-16.946,3,0700EDE465,-0.5,12:34:37,14:03:49,01:29:12,5352,5,15
2018,12,8,1,4,6,1,0,-16.946,3,0700EE12FE,0.5,12:34:37,13:52:48,01:18:11,4691,2,6
2018,12,8,1,4,6,1,0,-16.946,3,0700EE194E,-0.5,12:34:37,13:54:37,01:20:00,4800,7,21
2018,12,8,1,4,6,1,0,-16.946,3,0700EE2D57,0.5,12:34:37,13:55:43,01:21:06,4866,6,18
2018,12,8,1,4,6,1,0,-16.946,3,0700EE4009,-0.5,12:34:37,13:57:51,01:23:14,4994,4,12
2018,12,8,1,10,0,1,5,-16.946,2,0110170AFD,-0.5,11:07:40,11:11:02,00:03:22,202,9,27
2018,12,8,1,10,0,1,5,-16.946,2,01101726F2,-0.5,11:07:40,14:44:04,03:36:24,12984,11,33
2018,12,8,1,10,0,1,5,-16.946,2,01101740A4,0.5,11:07:40,11:09:43,00:02:03,123,10,30
2018,12,8,1,10,0,1,5,-16.946,2,0110174E28,0.5,11:07:40,11:41:08,00:33:28,2008,3,9
2018,12,8,1,10,0,1,5,-16.946,2,0110174E70,0.5,11:07:40,13:11:18,02:03:38,7418,4,12
2018,12,8,1,10,0,1,5,-16.946,2,01101760B3,-0.5,11:07:40,11:12:55,00:05:15,315,2,6
2018,12,8,1,10,0,1,5,-16.946,2,01103F517D,0.5,11:07:40,11:12:04,00:04:24,264,1,3
2018,12,8,1,10,0,1,5,-16.946,2,01103F8710,-0.5,11:07:40,12:01:39,00:53:59,3239,7,21
2018,12,8,1,10,0,1,5,-16.946,2,0700EDFB72,-0.5,11:07:40,11:13:22,00:05:42,342,2,6
2018,12,8,1,16,0,1,0,-16.946,1,011016C37F,0.5,09:35:24,10:06:44,00:31:20,1880,2,6
2018,12,8,1,16,0,1,0,-16.946,1,011016DD7C,-0.5,09:35:24,10:11:26,00:36:02,2162,7,21
2018,12,8,1,16,0,1,0,-16.946,1,011016E17D,0.5,09:35:24,10:02:13,00:26:49,1609,6,18
2018,12,8,1,16,0,1,0,-16.946,1,011017172F,0.5,09:35:24,09:55:06,00:19:42,1182,16,48
2018,12,8,1,16,0,1,0,-16.946,1,01103F6EC3,-0.5,09:35:24,10:51:37,01:16:13,4573,13,39
2018,12,8,1,16,0,1,0,-16.946,1,01103F8556,-0.5,09:35:24,10:08:19,00:32:55,1975,9,27
2018,12,8,1,16,0,1,0,-16.946,1,0700ED97B7,0.5,09:35:24,10:14:02,00:38:38,2318,5,15
2018,12,10,1,4,0,2,0,-3.154,1,011016E0DD,-0.5,12:33:46,12:37:32,00:03:46,226,6,18
2018,12,10,1,4,0,2,0,-3.154,1,0110171BB9,-0.5,12:33:46,12:49:47,00:16:01,961,7,21
2018,12,10,1,4,0,2,0,-3.154,1,0110172AD5,-0.5,12:33:46,12:56:30,00:22:44,1364,6,18
2018,12,10,1,4,0,2,0,-3.154,1,01101765DB,0.5,12:33:46,14:31:02,01:57:16,7036,5,15
2018,12,10,1,4,0,2,0,-3.154,1,01103F7AAC,-0.5,12:33:46,12:40:59,00:07:13,433,8,24
2018,12,10,1,4,0,2,0,-3.154,1,01103F8F8D,0.5,12:33:46,13:01:18,00:27:32,1652,3,9
2018,12,10,1,4,0,2,0,-3.154,1,0700EDB1E3,0.5,12:33:46,12:38:21,00:04:35,275,3,9
2018,12,10,1,4,0,2,0,-3.154,1,0700EDCE8A,-0.5,12:33:46,16:15:02,03:41:16,13276,9,27
2018,12,10,1,4,0,2,0,-3.154,1,0700EDD953,-0.5,12:33:46,13:39:45,01:05:59,3959,3,9
2018,12,10,1,4,0,2,0,-3.154,1,0700EDD987,-0.5,12:33:46,12:41:06,00:07:20,440,6,18
2018,12,10,1,4,0,2,0,-3.154,1,0700EDE465,-0.5,12:33:46,12:40:56,00:07:10,430,9,27
2018,12,10,1,4,0,2,0,-3.154,1,0700EE12FE,0.5,12:33:46,13:55:07,01:21:21,4881,7,21
2018,12,10,1,4,0,2,0,-3.154,1,0700EE194E,-0.5,12:33:46,12:38:09,00:04:23,263,6,18
2018,12,10,1,4,0,2,0,-3.154,1,0700EE2D57,0.5,12:33:46,13:03:40,00:29:54,1794,2,6
2018,12,10,1,4,0,2,0,-3.154,1,0700EE4009,-0.5,12:33:46,13:12:40,00:38:54,2334,1,3
2018,12,10,1,11,0,2,4,-3.154,2,011016A962,0.5,11:04:53,15:05:38,04:00:45,14445,10,30
2018,12,10,1,11,0,2,4,-3.154,2,011016F8BB,0.5,11:04:53,11:07:49,00:02:56,176,3,9
2018,12,10,1,11,0,2,4,-3.154,2,0110170AFD,-0.5,11:04:53,15:08:39,04:03:46,14626,5,15
2018,12,10,1,11,0,2,4,-3.154,2,0110172DEC,-0.5,11:04:53,15:02:37,03:57:44,14264,5,15
2018,12,10,1,11,0,2,4,-3.154,2,0110175C91,-0.5,11:04:53,11:06:51,00:01:58,118,6,18
2018,12,10,1,11,0,2,4,-3.154,2,01101764FE,-0.5,11:04:53,11:12:15,00:07:22,442,2,6
2018,12,10,1,11,0,2,4,-3.154,2,01103F397C,-0.5,11:04:53,11:42:21,00:37:28,2248,4,12
2018,12,10,1,11,0,2,4,-3.154,2,01103F8710,-0.5,11:04:53,11:23:05,00:18:12,1092,2,6
2018,12,10,1,11,0,2,4,-3.154,2,0700EDC3AB,-0.5,11:04:53,11:07:18,00:02:25,145,2,6
2018,12,10,1,11,0,2,4,-3.154,2,0700EDD953,-0.5,11:04:53,14:53:21,03:48:28,13708,8,24
2018,12,10,1,11,0,2,4,-3.154,2,0700EE045D,0.5,11:04:53,11:05:48,00:00:55,55,2,6
2018,12,10,1,12,5,1,5,-3.154,4,011016B677,-0.5,14:06:52,15:18:45,01:11:53,4313,4,12
2018,12,10,1,12,5,1,5,-3.154,4,011016C021,0.5,14:06:52,14:42:54,00:36:02,2162,3,9
2018,12,10,1,12,5,1,5,-3.154,4,011016FBE0,-0.5,14:06:52,15:15:35,01:08:43,4123,8,24
2018,12,10,1,12,5,1,5,-3.154,4,0110174792,0.5,14:06:52,15:16:31,01:09:39,4179,11,33
2018,12,10,1,12,5,1,5,-3.154,4,0110175DA5,-0.5,14:06:52,15:19:59,01:13:07,4387,4,12
2018,12,10,1,12,5,1,5,-3.154,4,01103F8837,0.5,14:06:52,16:21:38,02:14:46,8086,3,9
2018,12,10,1,12,5,1,5,-3.154,4,0700EE3271,-0.5,14:06:52,15:18:13,01:11:21,4281,8,24
2018,12,10,1,16,4,2,0,-3.154,3,011016C37F,0.5,09:35:45,10:52:38,01:16:53,4613,2,6
2018,12,10,1,16,4,2,0,-3.154,3,011016DD7C,-0.5,09:35:45,12:00:48,02:25:03,8703,6,18
2018,12,10,1,16,4,2,0,-3.154,3,011016E17D,0.5,09:35:45,10:45:03,01:09:18,4158,5,15
2018,12,10,1,16,4,2,0,-3.154,3,011017172F,0.5,09:35:45,09:45:49,00:10:04,604,4,12
2018,12,10,1,16,4,2,0,-3.154,3,01103F6EC3,-0.5,09:35:45,10:39:51,01:04:06,3846,9,27
2018,12,10,1,16,4,2,0,-3.154,3,01103F8556,-0.5,09:35:45,09:46:56,00:11:11,671,3,9
2018,12,10,1,16,4,2,0,-3.154,3,0700ED97B7,0.5,09:35:45,12:05:05,02:29:20,8960,5,15
2018,12,12,1,4,6,1,3,-2.321,4,011016E0DD,-0.5,12:35:27,14:05:30,01:30:03,5403,4,12
2018,12,12,1,4,6,1,3,-2.321,4,0110170143,0.5,12:35:27,14:50:56,02:15:29,8129,5,15
2018,12,12,1,4,6,1,3,-2.321,4,0110171BB9,-0.5,12:35:27,13:41:08,01:05:41,3941,8,24
2018,12,12,1,4,6,1,3,-2.321,4,01101765DB,0.5,12:35:27,15:00:37,02:25:10,8710,5,15
2018,12,12,1,4,6,1,3,-2.321,4,01103F7AAC,-0.5,12:35:27,12:59:12,00:23:45,1425,9,27
2018,12,12,1,4,6,1,3,-2.321,4,01103F8F8D,0.5,12:35:27,14:34:44,01:59:17,7157,5,15
2018,12,12,1,4,6,1,3,-2.321,4,0700EDB1E3,0.5,12:35:27,15:37:01,03:01:34,10894,1,3
2018,12,12,1,4,6,1,3,-2.321,4,0700EDC092,-0.5,12:35:27,14:51:27,02:16:00,8160,7,21
2018,12,12,1,4,6,1,3,-2.321,4,0700EDCE8A,-0.5,12:35:27,14:58:33,02:23:06,8586,7,21
2018,12,12,1,4,6,1,3,-2.321,4,0700EDD987,-0.5,12:35:27,14:38:54,02:03:27,7407,5,15
2018,12,12,1,4,6,1,3,-2.321,4,0700EDE465,-0.5,12:35:27,14:40:00,02:04:33,7473,7,21
2018,12,12,1,4,6,1,3,-2.321,4,0700EE194E,-0.5,12:35:27,13:45:54,01:10:27,4227,4,12
2018,12,12,1,4,6,1,3,-2.321,4,0700EE2D57,0.5,12:35:27,14:34:32,01:59:05,7145,6,18
2018,12,12,1,4,6,1,3,-2.321,4,0700EE4009,-0.5,12:35:27,13:42:36,01:07:09,4029,5,15
2018,12,12,1,10,0,1,0,-2.321,1,0110170AFD,-0.5,14:06:56,14:13:27,00:06:31,391,8,24
2018,12,12,1,10,0,1,0,-2.321,1,01101726F2,-0.5,14:06:56,14:10:18,00:03:22,202,11,33
2018,12,12,1,10,0,1,0,-2.321,1,01101740A4,0.5,14:06:56,14:13:19,00:06:23,383,8,24
2018,12,12,1,10,0,1,0,-2.321,1,0110174E28,0.5,14:06:56,14:11:58,00:05:02,302,3,9
2018,12,12,1,10,0,1,0,-2.321,1,0110174E70,0.5,14:06:56,14:08:42,00:01:46,106,3,9
2018,12,12,1,10,0,1,0,-2.321,1,01101760B3,-0.5,14:06:56,14:09:20,00:02:24,144,5,15
2018,12,12,1,10,0,1,0,-2.321,1,01103F517D,0.5,14:06:56,14:13:50,00:06:54,414,2,6
2018,12,12,1,10,0,1,0,-2.321,1,01103F8837,0.5,14:06:56,14:12:41,00:05:45,345,5,15
2018,12,12,1,10,0,1,0,-2.321,1,0700EDFB72,-0.5,14:06:56,14:08:13,00:01:17,77,4,12
2018,12,12,1,14,2,1,0,-2.321,3,011016B677,-0.5,11:05:36,14:26:39,03:21:03,12063,1,3
2018,12,12,1,14,2,1,0,-2.321,3,011016C36E,-0.5,11:05:36,12:42:39,01:37:03,5823,7,21
2018,12,12,1,14,2,1,0,-2.321,3,011016C68F,0.5,11:05:36,13:22:46,02:17:10,8230,8,24
2018,12,12,1,14,2,1,0,-2.321,3,011016F3FE,0.5,11:05:36,11:50:01,00:44:25,2665,2,6
2018,12,12,1,14,2,1,0,-2.321,3,011016FB1C,-0.5,11:05:36,11:34:18,00:28:42,1722,1,3
2018,12,12,1,14,2,1,0,-2.321,3,0110176382,0.5,11:05:36,13:07:08,02:01:32,7292,7,21
2018,12,12,1,14,2,1,0,-2.321,3,01103F3AFB,-0.5,11:05:36,11:46:10,00:40:34,2434,4,12
2018,12,12,1,14,2,1,0,-2.321,3,01103F762C,-0.5,11:05:36,12:35:47,01:30:11,5411,6,18
2018,12,12,1,14,2,1,0,-2.321,3,0700EDD67A,-0.5,11:05:36,11:46:12,00:40:36,2436,5,15
2018,12,12,1,14,2,1,0,-2.321,3,0700EDFF45,-0.5,11:05:36,11:20:14,00:14:38,878,2,6
2018,12,12,1,14,2,1,0,-2.321,3,0700EE1699,-0.5,11:05:36,11:55:20,00:49:44,2984,11,33
2018,12,12,1,16,0,2,1,-2.321,2,011016C37F,0.5,09:36:19,10:55:46,01:19:27,4767,7,21
2018,12,12,1,16,0,2,1,-2.321,2,011016DD7C,-0.5,09:36:19,11:18:32,01:42:13,6133,9,27
2018,12,12,1,16,0,2,1,-2.321,2,011016E17D,0.5,09:36:19,09:40:44,00:04:25,265,3,9
2018,12,12,1,16,0,2,1,-2.321,2,011017172F,0.5,09:36:19,09:40:12,00:03:53,233,4,12
2018,12,12,1,16,0,2,1,-2.321,2,01103F6EC3,-0.5,09:36:19,10:37:04,01:00:45,3645,5,15
2018,12,12,1,16,0,2,1,-2.321,2,01103F8556,-0.5,09:36:19,10:06:20,00:30:01,1801,5,15
2018,12,12,1,16,0,2,1,-2.321,2,0700ED97B7,0.5,09:36:19,11:09:59,01:33:40,5620,5,15
2018,12,14,1,10,3,2,0,-0.079,3,0110170AFD,-0.5,09:37:55,10:02:08,00:24:13,1453,17,51
2018,12,14,1,10,3,2,0,-0.079,3,01101726F2,-0.5,09:37:55,10:33:45,00:55:50,3350,5,15
2018,12,14,1,10,3,2,0,-0.079,3,01101740A4,0.5,09:37:55,09:57:55,00:20:00,1200,1,3
2018,12,14,1,10,3,2,0,-0.079,3,0110174E28,0.5,09:37:55,10:24:35,00:46:40,2800,2,6
2018,12,14,1,10,3,2,0,-0.079,3,0110174E70,0.5,09:37:55,10:59:14,01:21:19,4879,8,24
2018,12,14,1,10,3,2,0,-0.079,3,01101760B3,-0.5,09:37:55,10:46:01,01:08:06,4086,4,12
2018,12,14,1,10,3,2,0,-0.079,3,01103F517D,0.5,09:37:55,11:04:56,01:27:01,5221,1,3
2018,12,14,1,10,3,2,0,-0.079,3,01103F8837,0.5,09:37:55,09:52:11,00:14:16,856,1,3
2018,12,14,1,10,3,2,0,-0.079,3,0700EDFB72,-0.5,09:37:55,10:40:04,01:02:09,3729,5,15
2018,12,14,1,11,0,2,0,-0.079,1,011016A962,0.5,14:06:49,14:08:19,00:01:30,90,5,15
2018,12,14,1,11,0,2,0,-0.079,1,011016F8BB,0.5,14:06:49,14:26:00,00:19:11,1151,3,9
2018,12,14,1,11,0,2,0,-0.079,1,0110172DEC,-0.5,14:06:49,15:18:19,01:11:30,4290,5,15
2018,12,14,1,11,0,2,0,-0.079,1,0110175C91,-0.5,14:06:49,14:24:41,00:17:52,1072,5,15
2018,12,14,1,11,0,2,0,-0.079,1,0110175CF7,0.5,14:06:49,15:17:46,01:10:57,4257,4,12
2018,12,14,1,11,0,2,0,-0.079,1,01101764FE,-0.5,14:06:49,14:25:17,00:18:28,1108,5,15
2018,12,14,1,11,0,2,0,-0.079,1,01103F397C,-0.5,14:06:49,14:49:09,00:42:20,2540,9,27
2018,12,14,1,11,0,2,0,-0.079,1,01103F8710,-0.5,14:06:49,14:24:18,00:17:29,1049,5,15
2018,12,14,1,11,0,2,0,-0.079,1,0700EDC3AB,-0.5,14:06:49,14:27:48,00:20:59,1259,3,9
2018,12,14,1,11,0,2,0,-0.079,1,0700EE045D,0.5,14:06:49,14:10:57,00:04:08,248,6,18
2018,12,14,1,12,0,2,8,-0.079,2,011016B677,-0.5,11:08:33,11:10:31,00:01:58,118,4,12
2018,12,14,1,12,0,2,8,-0.079,2,011016C021,0.5,11:08:33,11:10:51,00:02:18,138,8,24
2018,12,14,1,12,0,2,8,-0.079,2,011016FBE0,-0.5,11:08:33,11:11:24,00:02:51,171,7,21
2018,12,14,1,12,0,2,8,-0.079,2,0110170AFD,-0.5,11:08:33,11:28:22,00:19:49,1189,6,18
2018,12,14,1,12,0,2,8,-0.079,2,01101726F2,-0.5,11:08:33,12:15:30,01:06:57,4017,12,36
2018,12,14,1,12,0,2,8,-0.079,2,0110174792,0.5,11:08:33,11:27:03,00:18:30,1110,4,12
2018,12,14,1,12,0,2,8,-0.079,2,0110175DA5,-0.5,11:08:33,11:25:16,00:16:43,1003,2,6
2018,12,14,1,12,0,2,8,-0.079,2,01103F8837,0.5,11:08:33,11:47:39,00:39:06,2346,3,9
2018,12,14,1,12,0,2,8,-0.079,2,0700EE3271,-0.5,11:08:33,11:28:47,00:20:14,1214,1,3
2018,12,14,1,14,1,2,8,-0.079,4,011016C36E,-0.5,12:36:12,12:38:16,00:02:04,124,2,6
2018,12,14,1,14,1,2,8,-0.079,4,011016C68F,0.5,12:36:12,13:48:29,01:12:17,4337,6,18
2018,12,14,1,14,1,2,8,-0.079,4,011016F3FE,0.5,12:36:12,12:58:53,00:22:41,1361,1,3
2018,12,14,1,14,1,2,8,-0.079,4,011016FB1C,-0.5,12:36:12,14:16:00,01:39:48,5988,12,36
2018,12,14,1,14,1,2,8,-0.079,4,0110176382,0.5,12:36:12,15:32:47,02:56:35,10595,4,12
2018,12,14,1,14,1,2,8,-0.079,4,01103F3AFB,-0.5,12:36:12,13:20:09,00:43:57,2637,1,3
2018,12,14,1,14,1,2,8,-0.079,4,01103F762C,-0.5,12:36:12,13:42:15,01:06:03,3963,11,33
2018,12,14,1,14,1,2,8,-0.079,4,0700EDD67A,-0.5,12:36:12,12:43:40,00:07:28,448,2,6
2018,12,14,1,14,1,2,8,-0.079,4,0700EDFF45,-0.5,12:36:12,15:23:39,02:47:27,10047,13,39
2018,12,14,1,14,1,2,8,-0.079,4,0700EE1699,-0.5,12:36:12,12:45:05,00:08:53,533,10,30
2018,12,16,1,2,4,1,0,-9.15,3,011016A271,0.5,09:36:43,11:58:45,02:22:02,8522,3,9
2018,12,16,1,2,4,1,0,-9.15,3,011016B66E,-0.5,09:36:43,10:40:52,01:04:09,3849,4,12
2018,12,16,1,2,4,1,0,-9.15,3,011016E03B,0.5,09:36:43,10:08:19,00:31:36,1896,6,18
2018,12,16,1,2,4,1,0,-9.15,3,0110174E70,0.5,09:36:43,10:09:40,00:32:57,1977,3,9
2018,12,16,1,2,4,1,0,-9.15,3,011017549A,-0.5,09:36:43,09:40:25,00:03:42,222,7,21
2018,12,16,1,2,4,1,0,-9.15,3,0110176BCA,0.5,09:36:43,09:38:53,00:02:10,130,1,3
2018,12,16,1,2,4,1,0,-9.15,3,01103F517D,0.5,09:36:43,12:42:36,03:05:53,11153,6,18
2018,12,16,1,2,4,1,0,-9.15,3,01103F7AAC,-0.5,09:36:43,10:06:29,00:29:46,1786,6,18
2018,12,16,1,2,4,1,0,-9.15,3,01103F8A41,0.5,09:36:43,10:40:24,01:03:41,3821,4,12
2018,12,16,1,2,4,1,0,-9.15,3,0700EDD987,-0.5,09:36:43,09:56:46,00:20:03,1203,1,3
2018,12,16,1,2,4,1,0,-9.15,3,0700EDE465,-0.5,09:36:43,12:24:22,02:47:39,10059,1,3
2018,12,16,1,2,4,1,0,-9.15,3,0700EE0C37,-0.5,09:36:43,10:46:39,01:09:56,4196,5,15
2018,12,16,1,2,4,1,0,-9.15,3,0700EE1A91,-0.5,09:36:43,11:00:13,01:23:30,5010,7,21
2018,12,16,1,9,0,2,0,-9.15,1,011016A962,0.5,12:34:21,13:07:06,00:32:45,1965,4,12
2018,12,16,1,9,0,2,0,-9.15,1,0110170143,0.5,12:34:21,13:06:06,00:31:45,1905,6,18
2018,12,16,1,9,0,2,0,-9.15,1,0110171BB9,-0.5,12:34:21,13:10:04,00:35:43,2143,4,12
2018,12,16,1,9,0,2,0,-9.15,1,0110172DEC,-0.5,12:34:21,13:03:36,00:29:15,1755,4,12
2018,12,16,1,9,0,2,0,-9.15,1,0110175CF7,0.5,12:34:21,13:08:35,00:34:14,2054,2,6
2018,12,16,1,9,0,2,0,-9.15,1,01101765DB,0.5,12:34:21,12:56:20,00:21:59,1319,3,9
2018,12,16,1,9,0,2,0,-9.15,1,01103F64E9,-0.5,12:34:21,12:51:13,00:16:52,1012,5,15
2018,12,16,1,9,0,2,0,-9.15,1,01103F8710,-0.5,12:34:21,12:50:59,00:16:38,998,4,12
2018,12,16,1,9,0,2,0,-9.15,1,01103F8EFA,-0.5,12:34:21,12:51:03,00:16:42,1002,8,24
2018,12,16,1,9,0,2,0,-9.15,1,0700EDC092,-0.5,12:34:21,13:03:11,00:28:50,1730,2,6
2018,12,16,1,9,0,2,0,-9.15,1,0700EDC833,-0.5,12:34:21,12:50:44,00:16:23,983,4,12
2018,12,16,1,9,0,2,0,-9.15,1,0700EDCE8A,-0.5,12:34:21,13:05:02,00:30:41,1841,5,15
2018,12,16,1,14,0,1,7,-9.15,2,011016C36E,-0.5,11:04:46,11:21:12,00:16:26,986,3,9
2018,12,16,1,14,0,1,7,-9.15,2,011016C68F,0.5,11:04:46,11:17:55,00:13:09,789,7,21
2018,12,16,1,14,0,1,7,-9.15,2,011016F3FE,0.5,11:04:46,11:06:13,00:01:27,87,6,18
2018,12,16,1,14,0,1,7,-9.15,2,011016FB1C,-0.5,11:04:46,11:14:06,00:09:20,560,10,30
2018,12,16,1,14,0,1,7,-9.15,2,01101726F2,-0.5,11:04:46,12:38:52,01:34:06,5646,14,42
2018,12,16,1,14,0,1,7,-9.15,2,0110176382,0.5,11:04:46,12:01:10,00:56:24,3384,8,24
2018,12,16,1,14,0,1,7,-9.15,2,01103F3AFB,-0.5,11:04:46,11:25:56,00:21:10,1270,10,30
2018,12,16,1,14,0,1,7,-9.15,2,01103F762C,-0.5,11:04:46,11:08:51,00:04:05,245,2,6
2018,12,16,1,14,0,1,7,-9.15,2,01103F8837,0.5,11:04:46,15:18:06,04:13:20,15200,4,12
2018,12,16,1,14,0,1,7,-9.15,2,0700EDD67A,-0.5,11:04:46,11:06:33,00:01:47,107,7,21
2018,12,16,1,14,0,1,7,-9.15,2,0700EDFF45,-0.5,11:04:46,11:48:58,00:44:12,2652,7,21
2018,12,16,1,14,0,1,7,-9.15,2,0700EE1699,-0.5,11:04:46,11:51:13,00:46:27,2787,17,51
2018,12,16,1,16,5,1,2,-9.15,4,011016C37F,0.5,14:07:05,15:29:47,01:22:42,4962,7,21
2018,12,16,1,16,5,1,2,-9.15,4,011016DD7C,-0.5,14:07:05,15:28:15,01:21:10,4870,16,48
2018,12,16,1,16,5,1,2,-9.15,4,011016E17D,0.5,14:07:05,15:29:22,01:22:17,4937,4,12
2018,12,16,1,16,5,1,2,-9.15,4,011017172F,0.5,14:07:05,14:32:06,00:25:01,1501,6,18
2018,12,16,1,16,5,1,2,-9.15,4,01103F6EC3,-0.5,14:07:05,16:12:58,02:05:53,7553,11,33
2018,12,16,1,16,5,1,2,-9.15,4,01103F8556,-0.5,14:07:05,14:34:40,00:27:35,1655,1,3
2018,12,16,1,16,5,1,2,-9.15,4,0700ED97B7,0.5,14:07:05,15:29:44,01:22:39,4959,6,18
2018,12,18,1,4,0,1,2,-4.758,2,011016E0DD,-0.5,09:38:25,09:50:27,00:12:02,722,4,12
2018,12,18,1,4,0,1,2,-4.758,2,0110170143,0.5,09:38:25,15:22:33,05:44:08,20648,7,21
2018,12,18,1,4,0,1,2,-4.758,2,0110170AFD,-0.5,09:38:25,09:46:01,00:07:36,456,5,15
2018,12,18,1,4,0,1,2,-4.758,2,0110171BB9,-0.5,09:38:25,10:57:14,01:18:49,4729,9,27
2018,12,18,1,4,0,1,2,-4.758,2,0110172AD5,-0.5,09:38:25,10:16:02,00:37:37,2257,2,6
2018,12,18,1,4,0,1,2,-4.758,2,01101765DB,0.5,09:38:25,15:01:35,05:23:10,19390,4,12
2018,12,18,1,4,0,1,2,-4.758,2,01103F7AAC,-0.5,09:38:25,10:00:20,00:21:55,1315,5,15
2018,12,18,1,4,0,1,2,-4.758,2,01103F8F8D,0.5,09:38:25,10:57:29,01:19:04,4744,7,21
2018,12,18,1,4,0,1,2,-4.758,2,0700EDB1E3,0.5,09:38:25,09:50:03,00:11:38,698,2,6
2018,12,18,1,4,0,1,2,-4.758,2,0700EDC092,-0.5,09:38:25,15:04:02,05:25:37,19537,6,18
2018,12,18,1,4,0,1,2,-4.758,2,0700EDCE8A,-0.5,09:38:25,15:01:12,05:22:47,19367,9,27
2018,12,18,1,4,0,1,2,-4.758,2,0700EDE465,-0.5,09:38:25,09:59:46,00:21:21,1281,5,15
2018,12,18,1,4,0,1,2,-4.758,2,0700EE12FE,0.5,09:38:25,12:55:30,03:17:05,11825,6,18
2018,12,18,1,4,0,1,2,-4.758,2,0700EE194E,-0.5,09:38:25,09:46:52,00:08:27,507,5,15
2018,12,18,1,4,0,1,2,-4.758,2,0700EE2D57,0.5,09:38:25,10:16:46,00:38:21,2301,4,12
2018,12,18,1,9,4,1,6,-4.758,4,011016A962,0.5,14:05:13,14:17:27,00:12:14,734,3,9
2018,12,18,1,9,4,1,6,-4.758,4,0110172DEC,-0.5,14:05:13,15:09:52,01:04:39,3879,4,12
2018,12,18,1,9,4,1,6,-4.758,4,0110175CF7,0.5,14:05:13,15:08:24,01:03:11,3791,7,21
2018,12,18,1,9,4,1,6,-4.758,4,01103F64E9,-0.5,14:05:13,14:06:07,00:00:54,54,12,36
2018,12,18,1,9,4,1,6,-4.758,4,01103F8EFA,-0.5,14:05:13,14:24:58,00:19:45,1185,1,3
2018,12,18,1,9,4,1,6,-4.758,4,0700EDC833,-0.5,14:05:13,14:08:13,00:03:00,180,5,15
2018,12,18,1,11,2,2,0,-4.758,3,011016A962,0.5,12:38:32,13:22:02,00:43:30,2610,10,30
2018,12,18,1,11,2,2,0,-4.758,3,011016F8BB,0.5,12:38:32,14:41:23,02:02:51,7371,5,15
2018,12,18,1,11,2,2,0,-4.758,3,0110174792,0.5,12:38:32,13:22:29,00:43:57,2637,7,21
2018,12,18,1,11,2,2,0,-4.758,3,0110175C91,-0.5,12:38:32,13:21:47,00:43:15,2595,4,12
2018,12,18,1,11,2,2,0,-4.758,3,0110175DA5,-0.5,12:38:32,13:45:33,01:07:01,4021,6,18
2018,12,18,1,11,2,2,0,-4.758,3,01101764FE,-0.5,12:38:32,12:51:10,00:12:38,758,9,27
2018,12,18,1,11,2,2,0,-4.758,3,01103F397C,-0.5,12:38:32,13:52:01,01:13:29,4409,12,36
2018,12,18,1,11,2,2,0,-4.758,3,01103F8710,-0.5,12:38:32,14:57:57,02:19:25,8365,12,36
2018,12,18,1,11,2,2,0,-4.758,3,0700EDC3AB,-0.5,12:38:32,13:02:36,00:24:04,1444,5,15
2018,12,18,1,11,2,2,0,-4.758,3,0700EE045D,0.5,12:38:32,12:49:47,00:11:15,675,4,12
2018,12,18,1,11,2,2,0,-4.758,3,0700EE3271,-0.5,12:38:32,13:21:34,00:43:02,2582,1,3
2018,12,18,1,12,0,1,0,-4.758,1,011016B677,-0.5,11:07:50,11:14:28,00:06:38,398,8,24
2018,12,18,1,12,0,1,0,-4.758,1,011016C021,0.5,11:07:50,11:14:02,00:06:12,372,14,42
2018,12,18,1,12,0,1,0,-4.758,1,011016FBE0,-0.5,11:07:50,11:17:01,00:09:11,551,5,15
2018,12,18,1,12,0,1,0,-4.758,1,0110174792,0.5,11:07:50,11:09:08,00:01:18,78,9,27
2018,12,18,1,12,0,1,0,-4.758,1,0110175DA5,-0.5,11:07:50,11:17:19,00:09:29,569,17,51
2018,12,18,1,12,0,1,0,-4.758,1,01103F8837,0.5,11:07:50,11:08:44,00:00:54,54,16,48
2018,12,18,1,12,0,1,0,-4.758,1,0700EDC3AB,-0.5,11:07:50,11:58:19,00:50:29,3029,6,18
2018,12,18,1,12,0,1,0,-4.758,1,0700EE3271,-0.5,11:07:50,11:24:49,00:16:59,1019,6,18
2018,12,28,2,2,0,1,0,-8.667,1,011016A271,0.5,09:38:02,10:01:25,00:23:23,1403,9,27
2018,12,28,2,2,0,1,0,-8.667,1,011016B66E,-0.5,09:38:02,10:00:04,00:22:02,1322,3,9
2018,12,28,2,2,0,1,0,-8.667,1,011016E03B,0.5,09:38:02,11:26:01,01:47:59,6479,9,27
2018,12,28,2,2,0,1,0,-8.667,1,0110170AFD,-0.5,09:38:02,09:40:32,00:02:30,150,14,42
2018,12,28,2,2,0,1,0,-8.667,1,01101740A4,0.5,09:38:02,10:41:51,01:03:49,3829,6,18
2018,12,28,2,2,0,1,0,-8.667,1,0110174E70,0.5,09:38:02,09:45:20,00:07:18,438,4,12
2018,12,28,2,2,0,1,0,-8.667,1,011017549A,-0.5,09:38:02,09:47:04,00:09:02,542,11,33
2018,12,28,2,2,0,1,0,-8.667,1,0110176BCA,0.5,09:38:02,10:02:51,00:24:49,1489,3,9
2018,12,28,2,2,0,1,0,-8.667,1,01103F517D,0.5,09:38:02,09:42:02,00:04:00,240,7,21
2018,12,28,2,2,0,1,0,-8.667,1,01103F8A41,0.5,09:38:02,09:51:39,00:13:37,817,8,24
2018,12,28,2,2,0,1,0,-8.667,1,0700EDD987,-0.5,09:38:02,09:40:41,00:02:39,159,3,9
2018,12,28,2,2,0,1,0,-8.667,1,0700EE0C37,-0.5,09:38:02,10:04:55,00:26:53,1613,13,39
2018,12,28,2,2,0,1,0,-8.667,1,0700EE1A91,-0.5,09:38:02,10:15:54,00:37:52,2272,12,36
2018,12,28,2,10,0,1,5,-8.667,2,011016E03B,0.5,14:09:40,15:26:33,01:16:53,4613,10,30
2018,12,28,2,10,0,1,5,-8.667,2,0110170AFD,-0.5,14:09:40,14:10:51,00:01:11,71,10,30
2018,12,28,2,10,0,1,5,-8.667,2,0110174E28,0.5,14:09:40,14:40:56,00:31:16,1876,2,6
2018,12,28,2,10,0,1,5,-8.667,2,01101760B3,-0.5,14:09:40,14:13:02,00:03:22,202,3,9
2018,12,28,2,10,0,1,5,-8.667,2,01103F8837,0.5,14:09:40,15:13:07,01:03:27,3807,3,9
2018,12,28,2,10,0,1,5,-8.667,2,0700EDFB72,-0.5,14:09:40,14:31:57,00:22:17,1337,3,9
2018,12,28,2,12,5,2,0,-8.667,3,011016B677,-0.5,11:09:27,11:23:44,00:14:17,857,7,21
2018,12,28,2,12,5,2,0,-8.667,3,011016C021,0.5,11:09:27,11:10:46,00:01:19,79,10,30
2018,12,28,2,12,5,2,0,-8.667,3,011016FBE0,-0.5,11:09:27,11:17:45,00:08:18,498,4,12
2018,12,28,2,12,5,2,0,-8.667,3,01101726F2,-0.5,11:09:27,14:15:55,03:06:28,11188,12,36
2018,12,28,2,12,5,2,0,-8.667,3,0110174792,0.5,11:09:27,11:10:38,00:01:11,71,8,24
2018,12,28,2,12,5,2,0,-8.667,3,0110175DA5,-0.5,11:09:27,12:38:08,01:28:41,5321,10,30
2018,12,28,2,12,5,2,0,-8.667,3,01103F8837,0.5,11:09:27,13:01:17,01:51:50,6710,8,24
2018,12,28,2,12,5,2,0,-8.667,3,0700EE3271,-0.5,11:09:27,12:38:14,01:28:47,5327,6,18
2018,12,28,2,14,1,2,5,-8.667,4,011016C36E,-0.5,12:35:57,12:46:44,00:10:47,647,4,12
2018,12,28,2,14,1,2,5,-8.667,4,011016C68F,0.5,12:35:57,13:44:31,01:08:34,4114,4,12
2018,12,28,2,14,1,2,5,-8.667,4,011016F3FE,0.5,12:35:57,13:56:31,01:20:34,4834,5,15
2018,12,28,2,14,1,2,5,-8.667,4,011016FB1C,-0.5,12:35:57,12:40:23,00:04:26,266,1,3
2018,12,28,2,14,1,2,5,-8.667,4,01101726F2,-0.5,12:35:57,12:52:13,00:16:16,976,11,33
2018,12,28,2,14,1,2,5,-8.667,4,0110176382,0.5,12:35:57,12:39:48,00:03:51,231,2,6
2018,12,28,2,14,1,2,5,-8.667,4,01103F3AFB,-0.5,12:35:57,13:25:37,00:49:40,2980,5,15
2018,12,28,2,14,1,2,5,-8.667,4,01103F762C,-0.5,12:35:57,14:31:30,01:55:33,6933,10,30
2018,12,28,2,14,1,2,5,-8.667,4,01103F8837,0.5,12:35:57,12:40:14,00:04:17,257,2,6
2018,12,28,2,14,1,2,5,-8.667,4,0700EDD67A,-0.5,12:35:57,12:40:39,00:04:42,282,5,15
2018,12,28,2,14,1,2,5,-8.667,4,0700EDFF45,-0.5,12:35:57,12:52:57,00:17:00,1020,4,12
2018,12,28,2,14,1,2,5,-8.667,4,0700EE1699,-0.5,12:35:57,12:49:40,00:13:43,823,14,42
2018,12,30,2,2,0,2,7,-13.487,2,011016A271,0.5,12:36:49,12:55:36,00:18:47,1127,10,30
2018,12,30,2,2,0,2,7,-13.487,2,011016B66E,-0.5,12:36:49,13:28:31,00:51:42,3102,4,12
2018,12,30,2,2,0,2,7,-13.487,2,011016E03B,0.5,12:36:49,12:47:16,00:10:27,627,1,3
2018,12,30,2,2,0,2,7,-13.487,2,01101740A4,0.5,12:36:49,12:46:45,00:09:56,596,5,15
2018,12,30,2,2,0,2,7,-13.487,2,0110174E70,0.5,12:36:49,12:39:30,00:02:41,161,2,6
2018,12,30,2,2,0,2,7,-13.487,2,011017549A,-0.5,12:36:49,12:46:25,00:09:36,576,2,6
2018,12,30,2,2,0,2,7,-13.487,2,0110176BCA,0.5,12:36:49,13:04:12,00:27:23,1643,1,3
2018,12,30,2,2,0,2,7,-13.487,2,01103F517D,0.5,12:36:49,12:40:30,00:03:41,221,4,12
2018,12,30,2,2,0,2,7,-13.487,2,01103F7AAC,-0.5,12:36:49,12:39:15,00:02:26,146,4,12
2018,12,30,2,2,0,2,7,-13.487,2,01103F8A41,0.5,12:36:49,13:00:19,00:23:30,1410,2,6
2018,12,30,2,2,0,2,7,-13.487,2,0700EDD987,-0.5,12:36:49,12:39:49,00:03:00,180,4,12
2018,12,30,2,2,0,2,7,-13.487,2,0700EE0C37,-0.5,12:36:49,12:59:42,00:22:53,1373,6,18
2018,12,30,2,2,0,2,7,-13.487,2,0700EE1A91,-0.5,12:36:49,12:42:55,00:06:06,366,8,24
2018,12,30,2,4,6,1,2,-13.487,4,011016E0DD,-0.5,11:08:33,12:16:04,01:07:31,4051,4,12
2018,12,30,2,4,6,1,2,-13.487,4,0110170143,0.5,11:08:33,14:53:53,03:45:20,13520,7,21
2018,12,30,2,4,6,1,2,-13.487,4,0110171BB9,-0.5,11:08:33,11:11:02,00:02:29,149,6,18
2018,12,30,2,4,6,1,2,-13.487,4,0110172AD5,-0.5,11:08:33,12:19:05,01:10:32,4232,5,15
2018,12,30,2,4,6,1,2,-13.487,4,01101765DB,0.5,11:08:33,11:50:40,00:42:07,2527,1,3
2018,12,30,2,4,6,1,2,-13.487,4,01103F7AAC,-0.5,11:08:33,13:15:33,02:07:00,7620,8,24
2018,12,30,2,4,6,1,2,-13.487,4,01103F8F8D,0.5,11:08:33,12:35:40,01:27:07,5227,8,24
2018,12,30,2,4,6,1,2,-13.487,4,0700EDB1E3,0.5,11:08:33,12:17:15,01:08:42,4122,7,21
2018,12,30,2,4,6,1,2,-13.487,4,0700EDC092,-0.5,11:08:33,11:46:48,00:38:15,2295,6,18
2018,12,30,2,4,6,1,2,-13.487,4,0700EDCE8A,-0.5,11:08:33,14:54:30,03:45:57,13557,8,24
2018,12,30,2,4,6,1,2,-13.487,4,0700EDD987,-0.5,11:08:33,13:46:28,02:37:55,9475,10,30
2018,12,30,2,4,6,1,2,-13.487,4,0700EDE465,-0.5,11:08:33,12:24:31,01:15:58,4558,17,51
2018,12,30,2,4,6,1,2,-13.487,4,0700EE194E,-0.5,11:08:33,11:21:55,00:13:22,802,1,3
2018,12,30,2,4,6,1,2,-13.487,4,0700EE2D57,0.5,11:08:33,12:44:18,01:35:45,5745,5,15
2018,12,30,2,9,0,1,0,-13.487,1,011016A962,0.5,09:40:22,09:56:52,00:16:30,990,3,9
2018,12,30,2,9,0,1,0,-13.487,1,0110170143,0.5,09:40:22,09:58:02,00:17:40,1060,7,21
2018,12,30,2,9,0,1,0,-13.487,1,0110171BB9,-0.5,09:40:22,10:08:42,00:28:20,1700,9,27
2018,12,30,2,9,0,1,0,-13.487,1,0110172DEC,-0.5,09:40:22,09:55:53,00:15:31,931,6,18
2018,12,30,2,9,0,1,0,-13.487,1,0110175CF7,0.5,09:40:22,10:03:03,00:22:41,1361,1,3
2018,12,30,2,9,0,1,0,-13.487,1,01101765DB,0.5,09:40:22,09:55:46,00:15:24,924,5,15
2018,12,30,2,9,0,1,0,-13.487,1,01103F64E9,-0.5,09:40:22,09:55:08,00:14:46,886,5,15
2018,12,30,2,9,0,1,0,-13.487,1,01103F8EFA,-0.5,09:40:22,09:54:45,00:14:23,863,12,36
2018,12,30,2,9,0,1,0,-13.487,1,0700EDC092,-0.5,09:40:22,09:55:39,00:15:17,917,10,30
2018,12,30,2,9,0,1,0,-13.487,1,0700EDC833,-0.5,09:40:22,10:24:45,00:44:23,2663,4,12
2018,12,30,2,9,0,1,0,-13.487,1,0700EDCE8A,-0.5,09:40:22,09:56:54,00:16:32,992,9,27
2018,12,30,2,9,0,1,0,-13.487,1,0700EE2D57,0.5,09:40:22,10:11:19,00:30:57,1857,1,3
2018,12,30,2,14,5,2,0,-13.487,3,011016B677,-0.5,14:06:57,14:27:08,00:20:11,1211,9,27
2018,12,30,2,14,5,2,0,-13.487,3,011016C36E,-0.5,14:06:57,14:21:07,00:14:10,850,10,30
2018,12,30,2,14,5,2,0,-13.487,3,011016C68F,0.5,14:06:57,14:57:21,00:50:24,3024,1,3
2018,12,30,2,14,5,2,0,-13.487,3,011016F3FE,0.5,14:06:57,14:26:37,00:19:40,1180,1,3
2018,12,30,2,14,5,2,0,-13.487,3,011016FB1C,-0.5,14:06:57,14:29:47,00:22:50,1370,3,9
2018,12,30,2,14,5,2,0,-13.487,3,01101726F2,-0.5,14:06:57,16:25:54,02:18:57,8337,14,42
2018,12,30,2,14,5,2,0,-13.487,3,0110176382,0.5,14:06:57,14:15:42,00:08:45,525,2,6
2018,12,30,2,14,5,2,0,-13.487,3,01103F3AFB,-0.5,14:06:57,15:01:57,00:55:00,3300,1,3
2018,12,30,2,14,5,2,0,-13.487,3,01103F65D7,-0.5,14:06:57,15:31:10,01:24:13,5053,6,18
2018,12,30,2,14,5,2,0,-13.487,3,01103F762C,-0.5,14:06:57,14:43:43,00:36:46,2206,2,6
2018,12,30,2,14,5,2,0,-13.487,3,0700EDD67A,-0.5,14:06:57,14:16:59,00:10:02,602,5,15
2018,12,30,2,14,5,2,0,-13.487,3,0700EE1699,-0.5,14:06:57,14:38:03,00:31:06,1866,17,51
2019,1,1,2,9,4,1,0,-2.242,3,011016A962,0.5,09:36:14,10:14:55,00:38:41,2321,2,6
2019,1,1,2,9,4,1,0,-2.242,3,0110170143,0.5,09:36:14,10:41:03,01:04:49,3889,6,18
2019,1,1,2,9,4,1,0,-2.242,3,0110171BB9,-0.5,09:36:14,13:12:06,03:35:52,12952,5,15
2019,1,1,2,9,4,1,0,-2.242,3,0110172DEC,-0.5,09:36:14,10:16:01,00:39:47,2387,3,9
2019,1,1,2,9,4,1,0,-2.242,3,0110175CF7,0.5,09:36:14,10:17:18,00:41:04,2464,3,9
2019,1,1,2,9,4,1,0,-2.242,3,01101765DB,0.5,09:36:14,10:12:28,00:36:14,2174,4,12
2019,1,1,2,9,4,1,0,-2.242,3,01103F64E9,-0.5,09:36:14,10:11:29,00:35:15,2115,10,30
2019,1,1,2,9,4,1,0,-2.242,3,01103F8EFA,-0.5,09:36:14,10:13:57,00:37:43,2263,13,39
2019,1,1,2,9,4,1,0,-2.242,3,01103F8F8D,0.5,09:36:14,13:15:18,03:39:04,13144,5,15
2019,1,1,2,9,4,1,0,-2.242,3,0700EDC092,-0.5,09:36:14,10:52:38,01:16:24,4584,11,33
2019,1,1,2,9,4,1,0,-2.242,3,0700EDC833,-0.5,09:36:14,09:44:48,00:08:34,514,3,9
2019,1,1,2,9,4,1,0,-2.242,3,0700EDCE8A,-0.5,09:36:14,12:59:13,03:22:59,12179,10,30
2019,1,1,2,10,2,1,1,-2.242,4,0110170AFD,-0.5,12:38:16,13:19:47,00:41:31,2491,7,21
2019,1,1,2,10,2,1,1,-2.242,4,01101726F2,-0.5,12:38:16,12:46:08,00:07:52,472,8,24
2019,1,1,2,10,2,1,1,-2.242,4,0110174E28,0.5,12:38:16,13:46:31,01:08:15,4095,8,24
2019,1,1,2,10,2,1,1,-2.242,4,01101760B3,-0.5,12:38:16,13:54:13,01:15:57,4557,6,18
2019,1,1,2,10,2,1,1,-2.242,4,01101764FE,-0.5,12:38:16,13:11:01,00:32:45,1965,13,39
2019,1,1,2,10,2,1,1,-2.242,4,01103F8837,0.5,12:38:16,13:18:16,00:40:00,2400,13,39
2019,1,1,2,10,2,1,1,-2.242,4,0700EDFB72,-0.5,12:38:16,13:59:05,01:20:49,4849,5,15
2019,1,1,2,12,0,1,0,-2.242,1,011016B677,-0.5,11:11:37,11:12:47,00:01:10,70,14,42
2019,1,1,2,12,0,1,0,-2.242,1,011016C021,0.5,11:11:37,11:13:25,00:01:48,108,8,24
2019,1,1,2,12,0,1,0,-2.242,1,011016FBE0,-0.5,11:11:37,11:15:17,00:03:40,220,3,9
2019,1,1,2,12,0,1,0,-2.242,1,0110174792,0.5,11:11:37,11:17:20,00:05:43,343,12,36
2019,1,1,2,12,0,1,0,-2.242,1,0110175DA5,-0.5,11:11:37,11:17:17,00:05:40,340,7,21
2019,1,1,2,12,0,1,0,-2.242,1,01101764FE,-0.5,11:11:37,11:14:28,00:02:51,171,7,21
2019,1,1,2,12,0,1,0,-2.242,1,01103F8837,0.5,11:11:37,12:36:38,01:25:01,5101,6,18
2019,1,1,2,12,0,1,0,-2.242,1,0700EDC3AB,-0.5,11:11:37,13:01:27,01:49:50,6590,9,27
2019,1,1,2,12,0,1,0,-2.242,1,0700EE3271,-0.5,11:11:37,11:23:12,00:11:35,695,6,18
2019,1,1,2,14,0,2,2,-2.242,2,011016C36E,-0.5,14:06:20,14:08:49,00:02:29,149,5,15
2019,1,1,2,14,0,2,2,-2.242,2,011016C68F,0.5,14:06:20,14:49:35,00:43:15,2595,12,36
2019,1,1,2,14,0,2,2,-2.242,2,011016F3FE,0.5,14:06:20,14:39:35,00:33:15,1995,8,24
2019,1,1,2,14,0,2,2,-2.242,2,011016FB1C,-0.5,14:06:20,14:10:48,00:04:28,268,10,30
2019,1,1,2,14,0,2,2,-2.242,2,0110176382,0.5,14:06:20,14:29:17,00:22:57,1377,3,9
2019,1,1,2,14,0,2,2,-2.242,2,01103F3AFB,-0.5,14:06:20,14:18:42,00:12:22,742,5,15
2019,1,1,2,14,0,2,2,-2.242,2,01103F65D7,-0.5,14:06:20,14:37:33,00:31:13,1873,1,3
2019,1,1,2,14,0,2,2,-2.242,2,01103F762C,-0.5,14:06:20,14:40:52,00:34:32,2072,6,18
2019,1,1,2,14,0,2,2,-2.242,2,0700EDD67A,-0.5,14:06:20,14:16:26,00:10:06,606,8,24
2019,1,1,2,14,0,2,2,-2.242,2,0700EE1699,-0.5,14:06:20,14:07:40,00:01:20,80,9,27
2019,1,3,2,4,5,2,0,-1.421,3,011016E0DD,-0.5,14:07:06,15:13:18,01:06:12,3972,4,12
2019,1,3,2,4,5,2,0,-1.421,3,0110170143,0.5,14:07:06,15:17:55,01:10:49,4249,12,36
2019,1,3,2,4,5,2,0,-1.421,3,0110171BB9,-0.5,14:07:06,14:20:43,00:13:37,817,8,24
2019,1,3,2,4,5,2,0,-1.421,3,0110172AD5,-0.5,14:07:06,15:19:21,01:12:15,4335,3,9
2019,1,3,2,4,5,2,0,-1.421,3,01101765DB,0.5,14:07:06,15:21:12,01:14:06,4446,9,27
2019,1,3,2,4,5,2,0,-1.421,3,01103F8F8D,0.5,14:07:06,15:18:34,01:11:28,4288,7,21
2019,1,3,2,4,5,2,0,-1.421,3,0700EDB1E3,0.5,14:07:06,15:41:02,01:33:56,5636,1,3
2019,1,3,2,4,5,2,0,-1.421,3,0700EDC092,-0.5,14:07:06,15:17:21,01:10:15,4215,14,42
2019,1,3,2,4,5,2,0,-1.421,3,0700EDCE8A,-0.5,14:07:06,15:24:29,01:17:23,4643,9,27
2019,1,3,2,4,5,2,0,-1.421,3,0700EE194E,-0.5,14:07:06,14:58:24,00:51:18,3078,1,3
2019,1,3,2,4,5,2,0,-1.421,3,0700EE2D57,0.5,14:07:06,15:51:26,01:44:20,6260,3,9
2019,1,3,2,9,0,2,6,-1.421,2,011016A962,0.5,12:35:51,12:41:24,00:05:33,333,5,15
2019,1,3,2,9,0,2,6,-1.421,2,011016B3CE,-0.5,12:35:51,13:19:25,00:43:34,2614,5,15
2019,1,3,2,9,0,2,6,-1.421,2,0110170143,0.5,12:35:51,12:47:36,00:11:45,705,1,3
2019,1,3,2,9,0,2,6,-1.421,2,0110171BB9,-0.5,12:35:51,15:02:37,02:26:46,8806,8,24
2019,1,3,2,9,0,2,6,-1.421,2,0110172DEC,-0.5,12:35:51,12:38:46,00:02:55,175,4,12
2019,1,3,2,9,0,2,6,-1.421,2,0110175CF7,0.5,12:35:51,12:40:53,00:05:02,302,4,12
2019,1,3,2,9,0,2,6,-1.421,2,01101765DB,0.5,12:35:51,12:45:36,00:09:45,585,3,9
2019,1,3,2,9,0,2,6,-1.421,2,01103F64E9,-0.5,12:35:51,12:49:32,00:13:41,821,9,27
2019,1,3,2,9,0,2,6,-1.421,2,01103F8EFA,-0.5,12:35:51,13:49:00,01:13:09,4389,12,36
2019,1,3,2,9,0,2,6,-1.421,2,0700EDC092,-0.5,12:35:51,12:42:33,00:06:42,402,5,15
2019,1,3,2,9,0,2,6,-1.421,2,0700EDC833,-0.5,12:35:51,12:49:13,00:13:22,802,2,6
2019,1,3,2,9,0,2,6,-1.421,2,0700EDCE8A,-0.5,12:35:51,12:45:31,00:09:40,580,5,15
2019,1,3,2,10,0,2,0,-1.421,1,0110170AFD,-0.5,11:08:36,11:10:58,00:02:22,142,6,18
2019,1,3,2,10,0,2,0,-1.421,1,01101726F2,-0.5,11:08:36,11:37:22,00:28:46,1726,3,9
2019,1,3,2,10,0,2,0,-1.421,1,01101740A4,0.5,11:08:36,11:30:58,00:22:22,1342,14,42
2019,1,3,2,10,0,2,0,-1.421,1,0110174E28,0.5,11:08:36,12:05:41,00:57:05,3425,8,24
2019,1,3,2,10,0,2,0,-1.421,1,01101760B3,-0.5,11:08:36,11:09:23,00:00:47,47,6,18
2019,1,3,2,10,0,2,0,-1.421,1,01103F517D,0.5,11:08:36,12:47:36,01:39:00,5940,2,6
2019,1,3,2,10,0,2,0,-1.421,1,01103F8837,0.5,11:08:36,12:35:01,01:26:25,5185,4,12
2019,1,3,2,10,0,2,0,-1.421,1,0700EDFB72,-0.5,11:08:36,12:28:13,01:19:37,4777,9,27
2019,1,3,2,16,6,1,5,-1.421,4,011016C37F,0.5,09:37:48,11:23:03,01:45:15,6315,6,18
2019,1,3,2,16,6,1,5,-1.421,4,011016DD7C,-0.5,09:37:48,11:14:44,01:36:56,5816,8,24
2019,1,3,2,16,6,1,5,-1.421,4,011016E17D,0.5,09:37:48,10:43:54,01:06:06,3966,5,15
2019,1,3,2,16,6,1,5,-1.421,4,011017172F,0.5,09:37:48,10:44:09,01:06:21,3981,13,39
2019,1,3,2,16,6,1,5,-1.421,4,01103F6EC3,-0.5,09:37:48,10:58:05,01:20:17,4817,1,3
2019,1,3,2,16,6,1,5,-1.421,4,01103F8556,-0.5,09:37:48,11:37:51,02:00:03,7203,4,12
2019,1,3,2,16,6,1,5,-1.421,4,0700ED97B7,0.5,09:37:48,11:19:26,01:41:38,6098,6,18
2019,1,5,2,10,4,2,0,-4.45,3,0110170AFD,-0.5,14:09:00,14:10:39,00:01:39,99,9,27
2019,1,5,2,10,4,2,0,-4.45,3,01101726F2,-0.5,14:09:00,14:22:20,00:13:20,800,9,27
2019,1,5,2,10,4,2,0,-4.45,3,0110174E28,0.5,14:09:00,14:17:16,00:08:16,496,1,3
2019,1,5,2,10,4,2,0,-4.45,3,01101760B3,-0.5,14:09:00,15:30:06,01:21:06,4866,13,39
2019,1,5,2,10,4,2,0,-4.45,3,01103F8837,0.5,14:09:00,14:18:59,00:09:59,599,9,27
2019,1,5,2,10,4,2,0,-4.45,3,0700EDFB72,-0.5,14:09:00,15:12:00,01:03:00,3780,7,21
2019,1,5,2,11,0,2,8,-4.45,2,011016A962,0.5,12:35:19,13:08:32,00:33:13,1993,6,18
2019,1,5,2,11,0,2,8,-4.45,2,011016F8BB,0.5,12:35:19,13:44:34,01:09:15,4155,8,24
2019,1,5,2,11,0,2,8,-4.45,2,0110172DEC,-0.5,12:35:19,13:24:44,00:49:25,2965,4,12
2019,1,5,2,11,0,2,8,-4.45,2,0110175C91,-0.5,12:35:19,12:36:23,00:01:04,64,5,15
2019,1,5,2,11,0,2,8,-4.45,2,01101764FE,-0.5,12:35:19,12:36:39,00:01:20,80,5,15
2019,1,5,2,11,0,2,8,-4.45,2,01103F397C,-0.5,12:35:19,12:59:08,00:23:49,1429,8,24
2019,1,5,2,11,0,2,8,-4.45,2,0700EDC3AB,-0.5,12:35:19,12:54:48,00:19:29,1169,8,24
2019,1,5,2,11,0,2,8,-4.45,2,0700EE045D,0.5,12:35:19,12:56:02,00:20:43,1243,7,21
2019,1,5,2,12,4,2,3,-4.45,4,011016B677,-0.5,09:40:37,10:04:36,00:23:59,1439,7,21
2019,1,5,2,12,4,2,3,-4.45,4,011016C021,0.5,09:40:37,10:01:34,00:20:57,1257,10,30
2019,1,5,2,12,4,2,3,-4.45,4,011016FBE0,-0.5,09:40:37,09:57:07,00:16:30,990,5,15
2019,1,5,2,12,4,2,3,-4.45,4,0110174792,0.5,09:40:37,09:56:29,00:15:52,952,7,21
2019,1,5,2,12,4,2,3,-4.45,4,0110175DA5,-0.5,09:40:37,10:43:10,01:02:33,3753,8,24
2019,1,5,2,12,4,2,3,-4.45,4,01103F8837,0.5,09:40:37,10:01:44,00:21:07,1267,1,3
2019,1,5,2,12,4,2,3,-4.45,4,0700EE3271,-0.5,09:40:37,10:42:50,01:02:13,3733,5,15
2019,1,5,2,16,0,2,0,-4.45,1,011016C37F,0.5,11:08:23,11:20:07,00:11:44,704,3,9
2019,1,5,2,16,0,2,0,-4.45,1,011016DD7C,-0.5,11:08:23,11:22:06,00:13:43,823,9,27
2019,1,5,2,16,0,2,0,-4.45,1,011017172F,0.5,11:08:23,11:10:13,00:01:50,110,7,21
2019,1,5,2,16,0,2,0,-4.45,1,01103F6EC3,-0.5,11:08:23,11:09:35,00:01:12,72,10,30
2019,1,5,2,16,0,2,0,-4.45,1,01103F8556,-0.5,11:08:23,11:47:09,00:38:46,2326,10,30
2019,1,5,2,16,0,2,0,-4.45,1,0700ED97B7,0.5,11:08:23,11:28:31,00:20:08,1208,9,27
2019,1,7,2,2,2,2,0,-13.729,3,011016A271,0.5,12:37:11,14:15:18,01:38:07,5887,5,15
2019,1,7,2,2,2,2,0,-13.729,3,011016B66E,-0.5,12:37:11,14:41:39,02:04:28,7468,5,15
2019,1,7,2,2,2,2,0,-13.729,3,0110174E70,0.5,12:37:11,12:48:57,00:11:46,706,5,15
2019,1,7,2,2,2,2,0,-13.729,3,011017549A,-0.5,12:37:11,12:57:46,00:20:35,1235,3,9
2019,1,7,2,2,2,2,0,-13.729,3,0110176BCA,0.5,12:37:11,14:41:57,02:04:46,7486,1,3
2019,1,7,2,2,2,2,0,-13.729,3,01103F517D,0.5,12:37:11,13:09:51,00:32:40,1960,3,9
2019,1,7,2,2,2,2,0,-13.729,3,01103F7AAC,-0.5,12:37:11,12:59:39,00:22:28,1348,4,12
2019,1,7,2,2,2,2,0,-13.729,3,01103F8A41,0.5,12:37:11,13:47:10,01:09:59,4199,6,18
2019,1,7,2,2,2,2,0,-13.729,3,0700EDD987,-0.5,12:37:11,13:03:40,00:26:29,1589,1,3
2019,1,7,2,2,2,2,0,-13.729,3,0700EDE465,-0.5,12:37:11,15:20:45,02:43:34,9814,3,9
2019,1,7,2,2,2,2,0,-13.729,3,0700EE0C37,-0.5,12:37:11,14:02:26,01:25:15,5115,10,30
2019,1,7,2,2,2,2,0,-13.729,3,0700EE1A91,-0.5,12:37:11,14:01:29,01:24:18,5058,13,39
2019,1,7,2,4,0,1,0,-13.729,1,011016E0DD,-0.5,14:06:42,14:23:08,00:16:26,986,6,18
2019,1,7,2,4,0,1,0,-13.729,1,0110170143,0.5,14:06:42,14:39:06,00:32:24,1944,5,15
2019,1,7,2,4,0,1,0,-13.729,1,0110171BB9,-0.5,14:06:42,14:10:42,00:04:00,240,11,33
2019,1,7,2,4,0,1,0,-13.729,1,0110172AD5,-0.5,14:06:42,14:25:55,00:19:13,1153,7,21
2019,1,7,2,4,0,1,0,-13.729,1,01101765DB,0.5,14:06:42,14:38:19,00:31:37,1897,12,36
2019,1,7,2,4,0,1,0,-13.729,1,01103F8F8D,0.5,14:06:42,14:52:37,00:45:55,2755,1,3
2019,1,7,2,4,0,1,0,-13.729,1,0700EDB1E3,0.5,14:06:42,14:23:55,00:17:13,1033,4,12
2019,1,7,2,4,0,1,0,-13.729,1,0700EDC092,-0.5,14:06:42,14:38:38,00:31:56,1916,18,54
2019,1,7,2,4,0,1,0,-13.729,1,0700EDCE8A,-0.5,14:06:42,14:38:50,00:32:08,1928,10,30
2019,1,7,2,4,0,1,0,-13.729,1,0700EDE465,-0.5,14:06:42,14:26:28,00:19:46,1186,5,15
2019,1,7,2,4,0,1,0,-13.729,1,0700EE2D57,0.5,14:06:42,14:16:52,00:10:10,610,3,9
2019,1,7,2,11,1,2,5,-13.729,4,011016A962,0.5,09:39:46,09:41:42,00:01:56,116,7,21
2019,1,7,2,11,1,2,5,-13.729,4,011016B3CE,-0.5,09:39:46,12:12:21,02:32:35,9155,8,24
2019,1,7,2,11,1,2,5,-13.729,4,011016F8BB,0.5,09:39:46,10:47:48,01:08:02,4082,8,24
2019,1,7,2,11,1,2,5,-13.729,4,0110172DEC,-0.5,09:39:46,10:02:43,00:22:57,1377,2,6
2019,1,7,2,11,1,2,5,-13.729,4,0110175C91,-0.5,09:39:46,09:50:47,00:11:01,661,2,6
2019,1,7,2,11,1,2,5,-13.729,4,0110175CF7,0.5,09:39:46,10:49:52,01:10:06,4206,4,12
2019,1,7,2,11,1,2,5,-13.729,4,01101764FE,-0.5,09:39:46,09:41:57,00:02:11,131,9,27
2019,1,7,2,11,1,2,5,-13.729,4,01103F397C,-0.5,09:39:46,10:00:23,00:20:37,1237,2,6
2019,1,7,2,11,1,2,5,-13.729,4,01103F8EFA,-0.5,09:39:46,10:10:49,00:31:03,1863,1,3
2019,1,7,2,11,1,2,5,-13.729,4,0700EDC3AB,-0.5,09:39:46,09:47:41,00:07:55,475,11,33
2019,1,7,2,11,1,2,5,-13.729,4,0700EE045D,0.5,09:39:46,09:42:12,00:02:26,146,4,12
2019,1,7,2,16,0,2,1,-13.729,2,011016C37F,0.5,11:09:27,11:17:48,00:08:21,501,4,12
2019,1,7,2,16,0,2,1,-13.729,2,011016DD7C,-0.5,11:09:27,11:34:06,00:24:39,1479,3,9
2019,1,7,2,16,0,2,1,-13.729,2,011017172F,0.5,11:09:27,11:16:49,00:07:22,442,7,21
2019,1,7,2,16,0,2,1,-13.729,2,01103F6EC3,-0.5,11:09:27,11:29:12,00:19:45,1185,7,21
2019,1,7,2,16,0,2,1,-13.729,2,01103F8556,-0.5,11:09:27,11:29:56,00:20:29,1229,2,6
2019,1,7,2,16,0,2,1,-13.729,2,0700ED97B7,0.5,11:09:27,11:29:37,00:20:10,1210,3,9
2019,1,9,2,2,1,1,4,-12.171,4,011016A271,0.5,12:36:25,13:56:02,01:19:37,4777,10,30
2019,1,9,2,2,1,1,4,-12.171,4,011016B66E,-0.5,12:36:25,13:45:28,01:09:03,4143,4,12
2019,1,9,2,2,1,1,4,-12.171,4,0110174E70,0.5,12:36:25,12:42:41,00:06:16,376,7,21
2019,1,9,2,2,1,1,4,-12.171,4,011017549A,-0.5,12:36:25,12:48:28,00:12:03,723,9,27
2019,1,9,2,2,1,1,4,-12.171,4,0110176BCA,0.5,12:36:25,13:51:28,01:15:03,4503,1,3
2019,1,9,2,2,1,1,4,-12.171,4,01103F517D,0.5,12:36:25,13:00:17,00:23:52,1432,2,6
2019,1,9,2,2,1,1,4,-12.171,4,01103F7AAC,-0.5,12:36:25,13:00:43,00:24:18,1458,6,18
2019,1,9,2,2,1,1,4,-12.171,4,01103F8A41,0.5,12:36:25,13:41:28,01:05:03,3903,6,18
2019,1,9,2,2,1,1,4,-12.171,4,0700EDD987,-0.5,12:36:25,13:48:05,01:11:40,4300,8,24
2019,1,9,2,2,1,1,4,-12.171,4,0700EDE465,-0.5,12:36:25,14:34:56,01:58:31,7111,11,33
2019,1,9,2,2,1,1,4,-12.171,4,0700EE0C37,-0.5,12:36:25,15:38:34,03:02:09,10929,11,33
2019,1,9,2,2,1,1,4,-12.171,4,0700EE1A91,-0.5,12:36:25,13:53:59,01:17:34,4654,7,21
2019,1,9,2,4,0,2,6,-12.171,2,011016E0DD,-0.5,11:07:32,11:29:20,00:21:48,1308,11,33
2019,1,9,2,4,0,2,6,-12.171,2,0110170143,0.5,11:07:32,15:15:23,04:07:51,14871,4,12
2019,1,9,2,4,0,2,6,-12.171,2,0110171BB9,-0.5,11:07:32,11:45:31,00:37:59,2279,11,33
2019,1,9,2,4,0,2,6,-12.171,2,0110172AD5,-0.5,11:07:32,12:24:14,01:16:42,4602,8,24
2019,1,9,2,4,0,2,6,-12.171,2,01101765DB,0.5,11:07:32,15:40:02,04:32:30,16350,14,42
2019,1,9,2,4,0,2,6,-12.171,2,01103F75F3,0.5,11:07:32,11:10:27,00:02:55,175,2,6
2019,1,9,2,4,0,2,6,-12.171,2,01103F7AAC,-0.5,11:07:32,12:24:30,01:16:58,4618,6,18
2019,1,9,2,4,0,2,6,-12.171,2,01103F8F8D,0.5,11:07:32,12:31:23,01:23:51,5031,13,39
2019,1,9,2,4,0,2,6,-12.171,2,0700EDB1E3,0.5,11:07:32,11:30:49,00:23:17,1397,3,9
2019,1,9,2,4,0,2,6,-12.171,2,0700EDC092,-0.5,11:07:32,15:14:14,04:06:42,14802,11,33
2019,1,9,2,4,0,2,6,-12.171,2,0700EDCE8A,-0.5,11:07:32,15:14:53,04:07:21,14841,8,24
2019,1,9,2,4,0,2,6,-12.171,2,0700EDE465,-0.5,11:07:32,12:45:25,01:37:53,5873,16,48
2019,1,9,2,4,0,2,6,-12.171,2,0700EE2D57,0.5,11:07:32,12:34:02,01:26:30,5190,10,30
2019,1,9,2,16,1,2,0,-12.171,3,011016C37F,0.5,14:09:41,14:43:32,00:33:51,2031,1,3
2019,1,9,2,16,1,2,0,-12.171,3,011016DD7C,-0.5,14:09:41,14:10:08,00:00:27,27,9,27
2019,1,9,2,16,1,2,0,-12.171,3,011017172F,0.5,14:09:41,14:36:05,00:26:24,1584,7,21
2019,1,9,2,16,1,2,0,-12.171,3,01103F6EC3,-0.5,14:09:41,14:23:23,00:13:42,822,7,21
2019,1,9,2,16,1,2,0,-12.171,3,01103F8556,-0.5,14:09:41,14:36:11,00:26:30,1590,8,24
2019,1,9,2,16,1,2,0,-12.171,3,0700ED97B7,0.5,14:09:41,15:56:00,01:46:19,6379,12,36
2019,1,11,2,9,2,2,4,-9.304,4,011016A962,0.5,14:05:28,14:17:58,00:12:30,750,3,9
2019,1,11,2,9,2,2,4,-9.304,4,0110170AFD,-0.5,14:05:28,15:14:41,01:09:13,4153,8,24
2019,1,11,2,9,2,2,4,-9.304,4,0110172DEC,-0.5,14:05:28,14:18:01,00:12:33,753,10,30
2019,1,11,2,9,2,2,4,-9.304,4,0110175CF7,0.5,14:05:28,14:43:49,00:38:21,2301,1,3
2019,1,11,2,9,2,2,4,-9.304,4,01101765DB,0.5,14:05:28,14:14:55,00:09:27,567,3,9
2019,1,11,2,9,2,2,4,-9.304,4,01103F64E9,-0.5,14:05:28,14:06:59,00:01:31,91,4,12
2019,1,11,2,9,2,2,4,-9.304,4,01103F8EFA,-0.5,14:05:28,14:08:17,00:02:49,169,5,15
2019,1,11,2,9,2,2,4,-9.304,4,0700EDC092,-0.5,14:05:28,14:10:59,00:05:31,331,3,9
2019,1,11,2,9,2,2,4,-9.304,4,0700EDC833,-0.5,14:05:28,14:15:49,00:10:21,621,4,12
2019,1,11,2,12,0,2,2,-9.304,2,011016B677,-0.5,11:08:59,12:51:41,01:42:42,6162,9,27
2019,1,11,2,12,0,2,2,-9.304,2,011016C021,0.5,11:08:59,11:10:38,00:01:39,99,6,18
2019,1,11,2,12,0,2,2,-9.304,2,011016FBE0,-0.5,11:08:59,11:09:47,00:00:48,48,6,18
2019,1,11,2,12,0,2,2,-9.304,2,0110174792,0.5,11:08:59,11:27:25,00:18:26,1106,8,24
2019,1,11,2,12,0,2,2,-9.304,2,0110175DA5,-0.5,11:08:59,11:25:24,00:16:25,985,8,24
2019,1,11,2,12,0,2,2,-9.304,2,01101764FE,-0.5,11:08:59,11:54:10,00:45:11,2711,8,24
2019,1,11,2,12,0,2,2,-9.304,2,01103F8837,0.5,11:08:59,11:10:14,00:01:15,75,8,24
2019,1,11,2,12,0,2,2,-9.304,2,0700EDC3AB,-0.5,11:08:59,11:37:16,00:28:17,1697,5,15
2019,1,11,2,12,0,2,2,-9.304,2,0700EE3271,-0.5,11:08:59,11:50:47,00:41:48,2508,7,21
2019,1,11,2,14,0,1,0,-9.304,1,011016C36E,-0.5,12:35:07,12:38:03,00:02:56,176,1,3
2019,1,11,2,14,0,1,0,-9.304,1,011016C68F,0.5,12:35:07,12:49:07,00:14:00,840,19,57
2019,1,11,2,14,0,1,0,-9.304,1,011016F3FE,0.5,12:35:07,12:40:02,00:04:55,295,5,15
2019,1,11,2,14,0,1,0,-9.304,1,011016FB1C,-0.5,12:35:07,12:38:37,00:03:30,210,3,9
2019,1,11,2,14,0,1,0,-9.304,1,01101726F2,-0.5,12:35:07,12:37:16,00:02:09,129,14,42
2019,1,11,2,14,0,1,0,-9.304,1,0110176382,0.5,12:35:07,12:35:53,00:00:46,46,8,24
2019,1,11,2,14,0,1,0,-9.304,1,01103F3AFB,-0.5,12:35:07,13:02:12,00:27:05,1625,2,6
2019,1,11,2,14,0,1,0,-9.304,1,01103F65D7,-0.5,12:35:07,14:23:59,01:48:52,6532,7,21
2019,1,11,2,14,0,1,0,-9.304,1,01103F762C,-0.5,12:35:07,12:40:25,00:05:18,318,6,18
2019,1,11,2,14,0,1,0,-9.304,1,01103F8837,0.5,12:35:07,12:49:01,00:13:54,834,4,12
2019,1,11,2,14,0,1,0,-9.304,1,0700EDD67A,-0.5,12:35:07,12:40:26,00:05:19,319,12,36
2019,1,11,2,14,0,1,0,-9.304,1,0700EE1699,-0.5,12:35:07,12:47:29,00:12:22,742,11,33
2019,1,21,3,4,0,1,3,-6.15,2,011016E0DD,-0.5,09:39:34,09:56:22,00:16:48,1008,8,24
2019,1,21,3,4,0,1,3,-6.15,2,0110170143,0.5,09:39:34,15:50:17,06:10:43,22243,8,24
2019,1,21,3,4,0,1,3,-6.15,2,0110171BB9,-0.5,09:39:34,12:00:04,02:20:30,8430,5,15
2019,1,21,3,4,0,1,3,-6.15,2,0110172AD5,-0.5,09:39:34,09:46:39,00:07:05,425,3,9
2019,1,21,3,4,0,1,3,-6.15,2,01101765DB,0.5,09:39:34,12:42:23,03:02:49,10969,4,12
2019,1,21,3,4,0,1,3,-6.15,2,01103F7AAC,-0.5,09:39:34,10:47:54,01:08:20,4100,7,21
2019,1,21,3,4,0,1,3,-6.15,2,01103F8F8D,0.5,09:39:34,11:12:23,01:32:49,5569,12,36
2019,1,21,3,4,0,1,3,-6.15,2,0700EDB1E3,0.5,09:39:34,09:56:44,00:17:10,1030,1,3
2019,1,21,3,4,0,1,3,-6.15,2,0700EDC092,-0.5,09:39:34,15:43:22,06:03:48,21828,8,24
2019,1,21,3,4,0,1,3,-6.15,2,0700EDE465,-0.5,09:39:34,10:24:12,00:44:38,2678,10,30
2019,1,21,3,4,0,1,3,-6.15,2,0700EE2D57,0.5,09:39:34,10:39:02,00:59:28,3568,2,6
2019,1,21,3,10,3,2,3,-6.15,4,0110170AFD,-0.5,12:40:04,12:44:35,00:04:31,271,7,21
2019,1,21,3,10,3,2,3,-6.15,4,01101726F2,-0.5,12:40:04,12:44:09,00:04:05,245,18,54
2019,1,21,3,10,3,2,3,-6.15,4,01101740A4,0.5,12:40:04,14:10:30,01:30:26,5426,11,33
2019,1,21,3,10,3,2,3,-6.15,4,0110174E28,0.5,12:40:04,13:10:15,00:30:11,1811,8,24
2019,1,21,3,10,3,2,3,-6.15,4,01101760B3,-0.5,12:40:04,13:49:56,01:09:52,4192,4,12
2019,1,21,3,10,3,2,3,-6.15,4,01101764FE,-0.5,12:40:04,13:32:36,00:52:32,3152,5,15
2019,1,21,3,10,3,2,3,-6.15,4,01103F8837,0.5,12:40:04,12:43:11,00:03:07,187,9,27
2019,1,21,3,10,3,2,3,-6.15,4,0700EDFB72,-0.5,12:40:04,13:47:51,01:07:47,4067,4,12
2019,1,21,3,12,1,1,0,-6.15,3,011016B677,-0.5,14:12:30,14:29:41,00:17:11,1031,8,24
2019,1,21,3,12,1,1,0,-6.15,3,011016C021,0.5,14:12:30,14:28:18,00:15:48,948,8,24
2019,1,21,3,12,1,1,0,-6.15,3,011016FBE0,-0.5,14:12:30,14:15:13,00:02:43,163,8,24
2019,1,21,3,12,1,1,0,-6.15,3,0110174792,0.5,14:12:30,14:14:35,00:02:05,125,10,30
2019,1,21,3,12,1,1,0,-6.15,3,0110175DA5,-0.5,14:12:30,15:15:57,01:03:27,3807,6,18
2019,1,21,3,12,1,1,0,-6.15,3,01103F8837,0.5,14:12:30,14:22:33,00:10:03,603,10,30
2019,1,21,3,12,1,1,0,-6.15,3,0700EDC3AB,-0.5,14:12:30,14:14:53,00:02:23,143,5,15
2019,1,21,3,12,1,1,0,-6.15,3,0700EE3271,-0.5,14:12:30,14:29:31,00:17:01,1021,3,9
2019,1,21,3,14,0,1,0,-6.15,1,011016C36E,-0.5,11:06:10,11:13:01,00:06:51,411,6,18
2019,1,21,3,14,0,1,0,-6.15,1,011016C68F,0.5,11:06:10,12:29:12,01:23:02,4982,9,27
2019,1,21,3,14,0,1,0,-6.15,1,011016F3FE,0.5,11:06:10,11:30:46,00:24:36,1476,2,6
2019,1,21,3,14,0,1,0,-6.15,1,011016FB1C,-0.5,11:06:10,11:12:57,00:06:47,407,6,18
2019,1,21,3,14,0,1,0,-6.15,1,01101726F2,-0.5,11:06:10,16:25:52,05:19:42,19182,11,33
2019,1,21,3,14,0,1,0,-6.15,1,0110176382,0.5,11:06:10,11:06:57,00:00:47,47,3,9
2019,1,21,3,14,0,1,0,-6.15,1,01103F3AFB,-0.5,11:06:10,11:07:20,00:01:10,70,4,12
2019,1,21,3,14,0,1,0,-6.15,1,01103F65D7,-0.5,11:06:10,11:08:34,00:02:24,144,10,30
2019,1,21,3,14,0,1,0,-6.15,1,01103F762C,-0.5,11:06:10,11:27:27,00:21:17,1277,8,24
2019,1,21,3,14,0,1,0,-6.15,1,0700EDCE8A,-0.5,11:06:10,13:13:50,02:07:40,7660,6,18
2019,1,21,3,14,0,1,0,-6.15,1,0700EDD67A,-0.5,11:06:10,11:06:51,00:00:41,41,7,21
2019,1,21,3,14,0,1,0,-6.15,1,0700EE1699,-0.5,11:06:10,11:40:39,00:34:29,2069,10,30
2019,1,21,3,14,0,1,0,-6.15,1,0700EE3D0C,0.5,11:06:10,11:09:39,00:03:29,209,8,24
2019,1,23,3,2,2,1,0,-14.104,3,011016A271,0.5,14:06:54,15:14:23,01:07:29,4049,4,12
2019,1,23,3,2,2,1,0,-14.104,3,011016B66E,-0.5,14:06:54,15:09:38,01:02:44,3764,1,3
2019,1,23,3,2,2,1,0,-14.104,3,011016FFC0,-0.5,14:06:54,15:40:20,01:33:26,5606,17,51
2019,1,23,3,2,2,1,0,-14.104,3,0110171BB9,-0.5,14:06:54,14:59:29,00:52:35,3155,9,27
2019,1,23,3,2,2,1,0,-14.104,3,01101740A4,0.5,14:06:54,15:08:58,01:02:04,3724,14,42
2019,1,23,3,2,2,1,0,-14.104,3,0110174E70,0.5,14:06:54,14:12:14,00:05:20,320,3,9
2019,1,23,3,2,2,1,0,-14.104,3,011017549A,-0.5,14:06:54,14:07:41,00:00:47,47,9,27
2019,1,23,3,2,2,1,0,-14.104,3,0110176BCA,0.5,14:06:54,15:37:09,01:30:15,5415,1,3
2019,1,23,3,2,2,1,0,-14.104,3,01103F517D,0.5,14:06:54,14:22:06,00:15:12,912,3,9
2019,1,23,3,2,2,1,0,-14.104,3,01103F7AAC,-0.5,14:06:54,14:58:40,00:51:46,3106,6,18
2019,1,23,3,2,2,1,0,-14.104,3,01103F8A41,0.5,14:06:54,15:10:34,01:03:40,3820,5,15
2019,1,23,3,2,2,1,0,-14.104,3,0700EDD987,-0.5,14:06:54,14:22:46,00:15:52,952,6,18
2019,1,23,3,2,2,1,0,-14.104,3,0700EE1A91,-0.5,14:06:54,15:18:29,01:11:35,4295,15,45
2019,1,23,3,9,0,2,0,-14.104,1,011016A962,0.5,12:35:13,12:49:53,00:14:40,880,7,21
2019,1,23,3,9,0,2,0,-14.104,1,011016B3CE,-0.5,12:35:13,12:37:21,00:02:08,128,2,6
2019,1,23,3,9,0,2,0,-14.104,1,0110170143,0.5,12:35:13,12:38:08,00:02:55,175,8,24
2019,1,23,3,9,0,2,0,-14.104,1,0110172DEC,-0.5,12:35:13,12:48:54,00:13:41,821,6,18
2019,1,23,3,9,0,2,0,-14.104,1,0110175CF7,0.5,12:35:13,12:40:04,00:04:51,291,4,12
2019,1,23,3,9,0,2,0,-14.104,1,01101765DB,0.5,12:35:13,12:48:05,00:12:52,772,8,24
2019,1,23,3,9,0,2,0,-14.104,1,01103F64E9,-0.5,12:35:13,13:18:53,00:43:40,2620,5,15
2019,1,23,3,9,0,2,0,-14.104,1,01103F8EFA,-0.5,12:35:13,12:36:51,00:01:38,98,6,18
2019,1,23,3,9,0,2,0,-14.104,1,0700EDC092,-0.5,12:35:13,12:39:48,00:04:35,275,13,39
2019,1,23,3,9,0,2,0,-14.104,1,0700EDC833,-0.5,12:35:13,12:39:32,00:04:19,259,13,39
2019,1,23,3,9,0,2,0,-14.104,1,0700EDCE8A,-0.5,12:35:13,12:50:22,00:15:09,909,8,24
2019,1,23,3,10,0,2,7,-14.104,2,0110170AFD,-0.5,09:40:17,09:43:13,00:02:56,176,9,27
2019,1,23,3,10,0,2,7,-14.104,2,01101726F2,-0.5,09:40:17,09:58:50,00:18:33,1113,23,69
2019,1,23,3,10,0,2,7,-14.104,2,0110174E28,0.5,09:40:17,09:58:14,00:17:57,1077,3,9
2019,1,23,3,10,0,2,7,-14.104,2,01101760B3,-0.5,09:40:17,10:06:52,00:26:35,1595,4,12
2019,1,23,3,10,0,2,7,-14.104,2,01101764FE,-0.5,09:40:17,12:12:24,02:32:07,9127,6,18
2019,1,23,3,10,0,2,7,-14.104,2,0700EDFB72,-0.5,09:40:17,09:57:52,00:17:35,1055,6,18
2019,1,23,3,12,4,2,5,-14.104,4,011016B677,-0.5,11:10:35,11:17:55,00:07:20,440,10,30
2019,1,23,3,12,4,2,5,-14.104,4,011016C021,0.5,11:10:35,11:16:34,00:05:59,359,6,18
2019,1,23,3,12,4,2,5,-14.104,4,011016FBE0,-0.5,11:10:35,11:18:26,00:07:51,471,7,21
2019,1,23,3,12,4,2,5,-14.104,4,0110174792,0.5,11:10:35,11:17:35,00:07:00,420,7,21
2019,1,23,3,12,4,2,5,-14.104,4,0110175DA5,-0.5,11:10:35,12:38:50,01:28:15,5295,12,36
2019,1,23,3,12,4,2,5,-14.104,4,01101764FE,-0.5,11:10:35,12:40:45,01:30:10,5410,3,9
2019,1,23,3,12,4,2,5,-14.104,4,01103F8837,0.5,11:10:35,14:44:12,03:33:37,12817,5,15
2019,1,23,3,12,4,2,5,-14.104,4,0700EE3271,-0.5,11:10:35,12:43:14,01:32:39,5559,4,12
2019,1,25,3,2,1,1,7,0.2,4,011016A271,0.5,14:08:49,15:48:24,01:39:35,5975,6,18
2019,1,25,3,2,1,1,7,0.2,4,011016B66E,-0.5,14:08:49,15:39:32,01:30:43,5443,2,6
2019,1,25,3,2,1,1,7,0.2,4,011016FFC0,-0.5,14:08:49,14:57:59,00:49:10,2950,13,39
2019,1,25,3,2,1,1,7,0.2,4,01101740A4,0.5,14:08:49,16:00:51,01:52:02,6722,9,27
2019,1,25,3,2,1,1,7,0.2,4,0110174E70,0.5,14:08:49,14:31:13,00:22:24,1344,2,6
2019,1,25,3,2,1,1,7,0.2,4,011017549A,-0.5,14:08:49,14:32:44,00:23:55,1435,7,21
2019,1,25,3,2,1,1,7,0.2,4,0110176BCA,0.5,14:08:49,15:40:32,01:31:43,5503,2,6
2019,1,25,3,2,1,1,7,0.2,4,01103F517D,0.5,14:08:49,15:15:12,01:06:23,3983,7,21
2019,1,25,3,2,1,1,7,0.2,4,01103F7AAC,-0.5,14:08:49,15:07:44,00:58:55,3535,4,12
2019,1,25,3,2,1,1,7,0.2,4,01103F8A41,0.5,14:08:49,15:13:20,01:04:31,3871,5,15
2019,1,25,3,2,1,1,7,0.2,4,0700EDD987,-0.5,14:08:49,15:01:17,00:52:28,3148,2,6
2019,1,25,3,2,1,1,7,0.2,4,0700EE1A91,-0.5,14:08:49,15:16:31,01:07:42,4062,9,27
2019,1,25,3,12,0,2,0,0.2,1,011016B677,-0.5,11:11:58,11:26:22,00:14:24,864,9,27
2019,1,25,3,12,0,2,0,0.2,1,011016C021,0.5,11:11:58,11:13:32,00:01:34,94,12,36
2019,1,25,3,12,0,2,0,0.2,1,011016FBE0,-0.5,11:11:58,11:35:09,00:23:11,1391,6,18
2019,1,25,3,12,0,2,0,0.2,1,0110174792,0.5,11:11:58,11:25:54,00:13:56,836,12,36
2019,1,25,3,12,0,2,0,0.2,1,0110175DA5,-0.5,11:11:58,11:24:59,00:13:01,781,11,33
2019,1,25,3,12,0,2,0,0.2,1,01103F8837,0.5,11:11:58,12:01:19,00:49:21,2961,4,12
2019,1,25,3,12,0,2,0,0.2,1,0700EDC3AB,-0.5,11:11:58,11:22:29,00:10:31,631,4,12
2019,1,25,3,12,0,2,0,0.2,1,0700EE3271,-0.5,11:11:58,11:26:10,00:14:12,852,7,21
2019,1,25,3,14,4,2,0,0.2,3,011016C36E,-0.5,12:35:48,12:54:11,00:18:23,1103,5,15
2019,1,25,3,14,4,2,0,0.2,3,011016C68F,0.5,12:35:48,13:24:45,00:48:57,2937,4,12
2019,1,25,3,14,4,2,0,0.2,3,011016F3FE,0.5,12:35:48,12:48:54,00:13:06,786,6,18
2019,1,25,3,14,4,2,0,0.2,3,011016FB1C,-0.5,12:35:48,12:58:05,00:22:17,1337,4,12
2019,1,25,3,14,4,2,0,0.2,3,0110176382,0.5,12:35:48,12:39:31,00:03:43,223,4,12
2019,1,25,3,14,4,2,0,0.2,3,01103F3AFB,-0.5,12:35:48,13:47:06,01:11:18,4278,9,27
2019,1,25,3,14,4,2,0,0.2,3,01103F65D7,-0.5,12:35:48,13:43:38,01:07:50,4070,11,33
2019,1,25,3,14,4,2,0,0.2,3,01103F762C,-0.5,12:35:48,13:19:48,00:44:00,2640,3,9
2019,1,25,3,14,4,2,0,0.2,3,0700EDD67A,-0.5,12:35:48,12:36:10,00:00:22,22,2,6
2019,1,25,3,14,4,2,0,0.2,3,0700EE1699,-0.5,12:35:48,13:25:43,00:49:55,2995,7,21
2019,1,25,3,14,4,2,0,0.2,3,0700EE3D0C,0.5,12:35:48,13:03:48,00:28:00,1680,1,3
2019,1,25,3,16,0,1,1,0.2,2,011016C37F,0.5,09:40:05,10:05:31,00:25:26,1526,3,9
2019,1,25,3,16,0,1,1,0.2,2,011016DD7C,-0.5,09:40:05,12:45:31,03:05:26,11126,4,12
2019,1,25,3,16,0,1,1,0.2,2,011017172F,0.5,09:40:05,10:29:23,00:49:18,2958,4,12
2019,1,25,3,16,0,1,1,0.2,2,01103F6EC3,-0.5,09:40:05,09:52:52,00:12:47,767,2,6
2019,1,25,3,16,0,1,1,0.2,2,01103F8556,-0.5,09:40:05,11:08:57,01:28:52,5332,6,18
2019,1,25,3,16,0,1,1,0.2,2,0700ED97B7,0.5,09:40:05,11:14:10,01:34:05,5645,3,9
2019,1,27,3,9,1,2,0,1.183,3,011016A962,0.5,12:36:42,14:26:41,01:49:59,6599,3,9
2019,1,27,3,9,1,2,0,1.183,3,011016B3CE,-0.5,12:36:42,14:31:32,01:54:50,6890,4,12
2019,1,27,3,9,1,2,0,1.183,3,0110170143,0.5,12:36:42,13:41:44,01:05:02,3902,6,18
2019,1,27,3,9,1,2,0,1.183,3,0110172DEC,-0.5,12:36:42,12:56:42,00:20:00,1200,6,18
2019,1,27,3,9,1,2,0,1.183,3,0110175CF7,0.5,12:36:42,13:40:32,01:03:50,3830,2,6
2019,1,27,3,9,1,2,0,1.183,3,01101765DB,0.5,12:36:42,12:54:55,00:18:13,1093,3,9
2019,1,27,3,9,1,2,0,1.183,3,01103F64E9,-0.5,12:36:42,13:38:13,01:01:31,3691,8,24
2019,1,27,3,9,1,2,0,1.183,3,01103F8EFA,-0.5,12:36:42,12:50:09,00:13:27,807,7,21
2019,1,27,3,9,1,2,0,1.183,3,0700EDC092,-0.5,12:36:42,13:00:20,00:23:38,1418,2,6
2019,1,27,3,9,1,2,0,1.183,3,0700EDC833,-0.5,12:36:42,13:13:40,00:36:58,2218,1,3
2019,1,27,3,9,1,2,0,1.183,3,0700EDCE8A,-0.5,12:36:42,13:41:41,01:04:59,3899,10,30
2019,1,27,3,11,0,2,3,1.183,2,011016F8BB,0.5,09:42:37,10:40:35,00:57:58,3478,3,9
2019,1,27,3,11,0,2,3,1.183,2,0110174792,0.5,09:42:37,14:04:01,04:21:24,15684,2,6
2019,1,27,3,11,0,2,3,1.183,2,0110175C91,-0.5,09:42:37,10:44:53,01:02:16,3736,12,36
2019,1,27,3,11,0,2,3,1.183,2,01101764FE,-0.5,09:42:37,09:51:33,00:08:56,536,4,12
2019,1,27,3,11,0,2,3,1.183,2,01103F397C,-0.5,09:42:37,09:49:37,00:07:00,420,4,12
2019,1,27,3,11,0,2,3,1.183,2,0700EE045D,0.5,09:42:37,10:48:28,01:05:51,3951,6,18
2019,1,27,3,14,2,2,2,1.183,4,011016B677,-0.5,11:06:13,12:13:19,01:07:06,4026,7,21
2019,1,27,3,14,2,2,2,1.183,4,011016C36E,-0.5,11:06:13,12:01:34,00:55:21,3321,5,15
2019,1,27,3,14,2,2,2,1.183,4,011016C68F,0.5,11:06:13,12:15:50,01:09:37,4177,4,12
2019,1,27,3,14,2,2,2,1.183,4,011016F3FE,0.5,11:06:13,11:22:46,00:16:33,993,5,15
2019,1,27,3,14,2,2,2,1.183,4,011016FB1C,-0.5,11:06:13,11:19:37,00:13:24,804,6,18
2019,1,27,3,14,2,2,2,1.183,4,01103F3AFB,-0.5,11:06:13,12:14:45,01:08:32,4112,7,21
2019,1,27,3,14,2,2,2,1.183,4,01103F65D7,-0.5,11:06:13,12:27:07,01:20:54,4854,8,24
2019,1,27,3,14,2,2,2,1.183,4,01103F762C,-0.5,11:06:13,11:33:55,00:27:42,1662,1,3
2019,1,27,3,14,2,2,2,1.183,4,0700EDD67A,-0.5,11:06:13,11:31:31,00:25:18,1518,5,15
2019,1,27,3,14,2,2,2,1.183,4,0700EE1699,-0.5,11:06:13,11:31:10,00:24:57,1497,2,6
2019,1,27,3,14,2,2,2,1.183,4,0700EE3D0C,0.5,11:06:13,12:20:59,01:14:46,4486,6,18
2019,1,27,3,16,0,2,0,1.183,1,011016C37F,0.5,14:11:17,14:14:21,00:03:04,184,5,15
2019,1,27,3,16,0,2,0,1.183,1,011016DD7C,-0.5,14:11:17,15:14:48,01:03:31,3811,8,24
2019,1,27,3,16,0,2,0,1.183,1,011017172F,0.5,14:11:17,14:24:52,00:13:35,815,7,21
2019,1,27,3,16,0,2,0,1.183,1,01103F6EC3,-0.5,14:11:17,14:15:47,00:04:30,270,6,18
2019,1,27,3,16,0,2,0,1.183,1,01103F8556,-0.5,14:11:17,15:17:09,01:05:52,3952,4,12
2019,1,27,3,16,0,2,0,1.183,1,0700ED97B7,0.5,14:11:17,15:15:49,01:04:32,3872,5,15
2019,1,29,3,4,4,2,6,-13.7,4,011016E0DD,-0.5,14:09:01,15:18:29,01:09:28,4168,10,30
2019,1,29,3,4,4,2,6,-13.7,4,0110171BB9,-0.5,14:09:01,14:35:27,00:26:26,1586,7,21
2019,1,29,3,4,4,2,6,-13.7,4,0110172AD5,-0.5,14:09:01,15:13:43,01:04:42,3882,6,18
2019,1,29,3,4,4,2,6,-13.7,4,01103F7AAC,-0.5,14:09:01,14:18:58,00:09:57,597,7,21
2019,1,29,3,4,4,2,6,-13.7,4,01103F8EFA,-0.5,14:09:01,15:13:12,01:04:11,3851,16,48
2019,1,29,3,4,4,2,6,-13.7,4,01103F8F8D,0.5,14:09:01,15:24:29,01:15:28,4528,9,27
2019,1,29,3,4,4,2,6,-13.7,4,0700EDB1E3,0.5,14:09:01,15:54:42,01:45:41,6341,4,12
2019,1,29,3,4,4,2,6,-13.7,4,0700EDE465,-0.5,14:09:01,14:21:13,00:12:12,732,7,21
2019,1,29,3,4,4,2,6,-13.7,4,0700EE2D57,0.5,14:09:01,15:27:54,01:18:53,4733,5,15
2019,1,29,3,9,0,2,6,-13.7,2,011016A962,0.5,12:37:23,13:00:22,00:22:59,1379,7,21
2019,1,29,3,9,0,2,6,-13.7,2,011016B3CE,-0.5,12:37:23,13:13:59,00:36:36,2196,8,24
2019,1,29,3,9,0,2,6,-13.7,2,0110170143,0.5,12:37:23,12:52:12,00:14:49,889,6,18
2019,1,29,3,9,0,2,6,-13.7,2,0110172DEC,-0.5,12:37:23,12:45:34,00:08:11,491,4,12
2019,1,29,3,9,0,2,6,-13.7,2,0110175CF7,0.5,12:37:23,13:31:11,00:53:48,3228,3,9
2019,1,29,3,9,0,2,6,-13.7,2,01101765DB,0.5,12:37:23,12:39:46,00:02:23,143,8,24
2019,1,29,3,9,0,2,6,-13.7,2,01103F64E9,-0.5,12:37:23,12:45:12,00:07:49,469,4,12
2019,1,29,3,9,0,2,6,-13.7,2,01103F8EFA,-0.5,12:37:23,12:46:16,00:08:53,533,1,3
2019,1,29,3,9,0,2,6,-13.7,2,0700EDC092,-0.5,12:37:23,12:38:17,00:00:54,54,9,27
2019,1,29,3,9,0,2,6,-13.7,2,0700EDC833,-0.5,12:37:23,13:01:46,00:24:23,1463,2,6
2019,1,29,3,9,0,2,6,-13.7,2,0700EDCE8A,-0.5,12:37:23,14:30:00,01:52:37,6757,7,21
2019,1,29,3,9,0,2,6,-13.7,2,0700EDD953,-0.5,12:37:23,14:17:55,01:40:32,6032,6,18
2019,1,29,3,11,0,1,0,-13.7,1,011016A962,0.5,09:38:06,11:49:33,02:11:27,7887,6,18
2019,1,29,3,11,0,1,0,-13.7,1,011016F8BB,0.5,09:38:06,09:47:22,00:09:16,556,3,9
2019,1,29,3,11,0,1,0,-13.7,1,0110174792,0.5,09:38:06,15:58:29,06:20:23,22823,6,18
2019,1,29,3,11,0,1,0,-13.7,1,0110175C91,-0.5,09:38:06,09:51:48,00:13:42,822,9,27
2019,1,29,3,11,0,1,0,-13.7,1,01101764FE,-0.5,09:38:06,09:53:49,00:15:43,943,4,12
2019,1,29,3,11,0,1,0,-13.7,1,01101765DB,0.5,09:38:06,10:42:46,01:04:40,3880,7,21
2019,1,29,3,11,0,1,0,-13.7,1,01103F397C,-0.5,09:38:06,09:54:39,00:16:33,993,3,9
2019,1,29,3,11,0,1,0,-13.7,1,01103F8EFA,-0.5,09:38:06,09:39:33,00:01:27,87,16,48
2019,1,29,3,11,0,1,0,-13.7,1,0700EDCE8A,-0.5,09:38:06,14:02:18,04:24:12,15852,6,18
2019,1,29,3,11,0,1,0,-13.7,1,0700EE045D,0.5,09:38:06,10:07:47,00:29:41,1781,9,27
2019,1,29,3,11,0,1,0,-13.7,1,0700EE3271,-0.5,09:38:06,16:02:18,06:24:12,23052,3,9
2019,1,29,3,16,3,1,0,-13.7,3,011016C37F,0.5,11:11:03,12:33:03,01:22:00,4920,5,15
2019,1,29,3,16,3,1,0,-13.7,3,011016DD7C,-0.5,11:11:03,11:23:40,00:12:37,757,12,36
2019,1,29,3,16,3,1,0,-13.7,3,011017172F,0.5,11:11:03,11:30:13,00:19:10,1150,6,18
2019,1,29,3,16,3,1,0,-13.7,3,011017611A,-0.5,11:11:03,13:05:52,01:54:49,6889,2,6
2019,1,29,3,16,3,1,0,-13.7,3,01103F6EC3,-0.5,11:11:03,11:12:14,00:01:11,71,5,15
2019,1,29,3,16,3,1,0,-13.7,3,01103F8556,-0.5,11:11:03,15:29:39,04:18:36,15516,23,69
2019,1,29,3,16,3,1,0,-13.7,3,0700ED97B7,0.5,11:11:03,11:32:10,00:21:07,1267,5,15
2019,1,31,3,4,0,2,0,-2.433,1,011016E0DD,-0.5,14:08:16,14:22:17,00:14:01,841,11,33
2019,1,31,3,4,0,2,0,-2.433,1,0110171BB9,-0.5,14:08:16,14:17:50,00:09:34,574,6,18
2019,1,31,3,4,0,2,0,-2.433,1,0110172AD5,-0.5,14:08:16,14:25:52,00:17:36,1056,6,18
2019,1,31,3,4,0,2,0,-2.433,1,01101765DB,0.5,14:08:16,16:58:45,02:50:29,10229,7,21
2019,1,31,3,4,0,2,0,-2.433,1,01103F7AAC,-0.5,14:08:16,14:13:07,00:04:51,291,5,15
2019,1,31,3,4,0,2,0,-2.433,1,01103F8F8D,0.5,14:08:16,15:47:42,01:39:26,5966,7,21
2019,1,31,3,4,0,2,0,-2.433,1,0700EDB1E3,0.5,14:08:16,14:22:24,00:14:08,848,4,12
2019,1,31,3,4,0,2,0,-2.433,1,0700EDE465,-0.5,14:08:16,14:14:12,00:05:56,356,3,9
2019,1,31,3,4,0,2,0,-2.433,1,0700EE2D57,0.5,14:08:16,14:35:52,00:27:36,1656,4,12
2019,1,31,3,9,2,2,4,-2.433,4,011016A962,0.5,12:36:20,12:40:34,00:04:14,254,5,15
2019,1,31,3,9,2,2,4,-2.433,4,011016B3CE,-0.5,12:36:20,15:15:17,02:38:57,9537,8,24
2019,1,31,3,9,2,2,4,-2.433,4,0110170143,0.5,12:36:20,14:31:06,01:54:46,6886,5,15
2019,1,31,3,9,2,2,4,-2.433,4,0110172DEC,-0.5,12:36:20,13:40:22,01:04:02,3842,4,12
2019,1,31,3,9,2,2,4,-2.433,4,0110175CF7,0.5,12:36:20,13:39:06,01:02:46,3766,3,9
2019,1,31,3,9,2,2,4,-2.433,4,01101765DB,0.5,12:36:20,12:38:58,00:02:38,158,5,15
2019,1,31,3,9,2,2,4,-2.433,4,01103F64E9,-0.5,12:36:20,12:37:00,00:00:40,40,6,18
2019,1,31,3,9,2,2,4,-2.433,4,01103F8EFA,-0.5,12:36:20,12:37:02,00:00:42,42,12,36
2019,1,31,3,9,2,2,4,-2.433,4,0700EDC092,-0.5,12:36:20,12:37:44,00:01:24,84,8,24
2019,1,31,3,9,2,2,4,-2.433,4,0700EDC833,-0.5,12:36:20,13:25:44,00:49:24,2964,7,21
2019,1,31,3,9,2,2,4,-2.433,4,0700EDCE8A,-0.5,12:36:20,14:36:22,02:00:02,7202,7,21
2019,1,31,3,10,5,2,0,-2.433,3,0110170AFD,-0.5,09:40:40,09:44:59,00:04:19,259,9,27
2019,1,31,3,10,5,2,0,-2.433,3,01101726F2,-0.5,09:40:40,10:38:43,00:58:03,3483,1,3
2019,1,31,3,10,5,2,0,-2.433,3,01101740A4,0.5,09:40:40,10:46:45,01:06:05,3965,11,33
2019,1,31,3,10,5,2,0,-2.433,3,0110174E28,0.5,09:40:40,09:51:40,00:11:00,660,3,9
2019,1,31,3,10,5,2,0,-2.433,3,01101760B3,-0.5,09:40:40,12:21:09,02:40:29,9629,6,18
2019,1,31,3,10,5,2,0,-2.433,3,01101764FE,-0.5,09:40:40,11:03:11,01:22:31,4951,5,15
2019,1,31,3,10,5,2,0,-2.433,3,01103F517D,0.5,09:40:40,10:29:15,00:48:35,2915,2,6
2019,1,31,3,10,5,2,0,-2.433,3,01103F8837,0.5,09:40:40,09:51:36,00:10:56,656,4,12
2019,1,31,3,10,5,2,0,-2.433,3,0700EDFB72,-0.5,09:40:40,11:17:15,01:36:35,5795,7,21
2019,1,31,3,12,0,2,4,-2.433,2,011016B677,-0.5,11:10:58,11:25:05,00:14:07,847,8,24
2019,1,31,3,12,0,2,4,-2.433,2,011016C021,0.5,11:10:58,11:14:08,00:03:10,190,3,9
2019,1,31,3,12,0,2,4,-2.433,2,011016FBE0,-0.5,11:10:58,11:17:26,00:06:28,388,3,9
2019,1,31,3,12,0,2,4,-2.433,2,0110174792,0.5,11:10:58,12:06:16,00:55:18,3318,9,27
2019,1,31,3,12,0,2,4,-2.433,2,0110175DA5,-0.5,11:10:58,11:12:15,00:01:17,77,2,6
2019,1,31,3,12,0,2,4,-2.433,2,01101764FE,-0.5,11:10:58,11:26:07,00:15:09,909,2,6
2019,1,31,3,12,0,2,4,-2.433,2,01103F8837,0.5,11:10:58,11:11:56,00:00:58,58,5,15
2019,1,31,3,12,0,2,4,-2.433,2,0700EE3271,-0.5,11:10:58,11:31:23,00:20:25,1225,4,12
2019,2,2,3,2,0,1,1,-22.713,2,011016A271,0.5,11:08:56,11:20:37,00:11:41,701,7,21
2019,2,2,3,2,0,1,1,-22.713,2,011016B66E,-0.5,11:08:56,11:32:53,00:23:57,1437,2,6
2019,2,2,3,2,0,1,1,-22.713,2,011016FFC0,-0.5,11:08:56,11:17:28,00:08:32,512,10,30
2019,2,2,3,2,0,1,1,-22.713,2,01101740A4,0.5,11:08:56,11:14:41,00:05:45,345,2,6
2019,2,2,3,2,0,1,1,-22.713,2,0110174E70,0.5,11:08:56,11:19:58,00:11:02,662,4,12
2019,2,2,3,2,0,1,1,-22.713,2,011017549A,-0.5,11:08:56,11:09:40,00:00:44,44,6,18
2019,2,2,3,2,0,1,1,-22.713,2,0110176BCA,0.5,11:08:56,11:15:04,00:06:08,368,4,12
2019,2,2,3,2,0,1,1,-22.713,2,01103F517D,0.5,11:08:56,11:20:19,00:11:23,683,4,12
2019,2,2,3,2,0,1,1,-22.713,2,01103F8A41,0.5,11:08:56,11:13:00,00:04:04,244,4,12
2019,2,2,3,2,0,1,1,-22.713,2,0700EDD987,-0.5,11:08:56,11:30:10,00:21:14,1274,5,15
2019,2,2,3,2,0,1,1,-22.713,2,0700EDE465,-0.5,11:08:56,11:30:15,00:21:19,1279,3,9
2019,2,2,3,2,0,1,1,-22.713,2,0700EE1A91,-0.5,11:08:56,12:47:42,01:38:46,5926,8,24
2019,2,2,3,10,0,1,0,-22.713,1,0110170AFD,-0.5,09:42:56,09:51:19,00:08:23,503,7,21
2019,2,2,3,10,0,1,0,-22.713,1,01101726F2,-0.5,09:42:56,09:44:04,00:01:08,68,10,30
2019,2,2,3,10,0,1,0,-22.713,1,0110174E28,0.5,09:42:56,09:51:34,00:08:38,518,5,15
2019,2,2,3,10,0,1,0,-22.713,1,01101760B3,-0.5,09:42:56,09:45:15,00:02:19,139,7,21
2019,2,2,3,10,0,1,0,-22.713,1,0700EDFB72,-0.5,09:42:56,09:48:09,00:05:13,313,7,21
2019,2,2,3,11,4,1,0,-22.713,3,011016F8BB,0.5,14:08:02,15:14:52,01:06:50,4010,13,39
2019,2,2,3,11,4,1,0,-22.713,3,0110175C91,-0.5,14:08:02,14:21:43,00:13:41,821,9,27
2019,2,2,3,11,4,1,0,-22.713,3,01101764FE,-0.5,14:08:02,15:23:04,01:15:02,4502,2,6
2019,2,2,3,11,4,1,0,-22.713,3,01103F397C,-0.5,14:08:02,14:28:45,00:20:43,1243,7,21
2019,2,2,3,11,4,1,0,-22.713,3,0700EE045D,0.5,14:08:02,14:16:05,00:08:03,483,6,18
2019,2,2,3,16,3,1,6,-22.713,4,011016C37F,0.5,12:42:05,14:38:25,01:56:20,6980,5,15
2019,2,2,3,16,3,1,6,-22.713,4,011017172F,0.5,12:42:05,12:55:17,00:13:12,792,6,18
2019,2,2,3,16,3,1,6,-22.713,4,011017611A,-0.5,12:42:05,14:43:04,02:00:59,7259,1,3
2019,2,2,3,16,3,1,6,-22.713,4,01103F6EC3,-0.5,12:42:05,12:46:51,00:04:46,286,7,21
2019,2,2,3,16,3,1,6,-22.713,4,01103F8556,-0.5,12:42:05,13:20:36,00:38:31,2311,3,9
2019,2,2,3,16,3,1,6,-22.713,4,0700ED97B7,0.5,12:42:05,12:59:47,00:17:42,1062,5,15
2019,2,4,3,2,0,1,0,-29.646,1,011016A271,0.5,09:36:44,09:46:09,00:09:25,565,6,18
2019,2,4,3,2,0,1,0,-29.646,1,011016B66E,-0.5,09:36:44,10:11:15,00:34:31,2071,8,24
2019,2,4,3,2,0,1,0,-29.646,1,011016FFC0,-0.5,09:36:44,09:50:12,00:13:28,808,6,18
2019,2,4,3,2,0,1,0,-29.646,1,01101740A4,0.5,09:36:44,09:45:33,00:08:49,529,2,6
2019,2,4,3,2,0,1,0,-29.646,1,0110174E70,0.5,09:36:44,09:40:56,00:04:12,252,4,12
2019,2,4,3,2,0,1,0,-29.646,1,011017549A,-0.5,09:36:44,09:43:42,00:06:58,418,3,9
2019,2,4,3,2,0,1,0,-29.646,1,0110176BCA,0.5,09:36:44,09:54:35,00:17:51,1071,2,6
2019,2,4,3,2,0,1,0,-29.646,1,01103F517D,0.5,09:36:44,09:38:08,00:01:24,84,3,9
2019,2,4,3,2,0,1,0,-29.646,1,01103F8A41,0.5,09:36:44,09:46:47,00:10:03,603,1,3
2019,2,4,3,2,0,1,0,-29.646,1,0700EDD987,-0.5,09:36:44,09:52:46,00:16:02,962,5,15
2019,2,4,3,2,0,1,0,-29.646,1,0700EE1A91,-0.5,09:36:44,09:41:10,00:04:26,266,3,9
2019,2,4,3,4,6,2,0,-29.646,3,011016E0DD,-0.5,12:36:35,13:38:33,01:01:58,3718,8,24
2019,2,4,3,4,6,2,0,-29.646,3,0110171BB9,-0.5,12:36:35,12:43:57,00:07:22,442,6,18
2019,2,4,3,4,6,2,0,-29.646,3,0110172AD5,-0.5,12:36:35,12:40:56,00:04:21,261,2,6
2019,2,4,3,4,6,2,0,-29.646,3,01101765DB,0.5,12:36:35,16:37:05,04:00:30,14430,13,39
2019,2,4,3,4,6,2,0,-29.646,3,01103F7AAC,-0.5,12:36:35,12:46:14,00:09:39,579,5,15
2019,2,4,3,4,6,2,0,-29.646,3,01103F8F8D,0.5,12:36:35,13:56:37,01:20:02,4802,9,27
2019,2,4,3,4,6,2,0,-29.646,3,0700EDB1E3,0.5,12:36:35,13:39:28,01:02:53,3773,10,30
2019,2,4,3,4,6,2,0,-29.646,3,0700EDE465,-0.5,12:36:35,13:38:39,01:02:04,3724,9,27
2019,2,4,3,4,6,2,0,-29.646,3,0700EE2D57,0.5,12:36:35,13:48:27,01:11:52,4312,5,15
2019,2,4,3,11,3,1,1,-29.646,4,011016F8BB,0.5,14:07:54,15:28:43,01:20:49,4849,14,42
2019,2,4,3,11,3,1,1,-29.646,4,0110175C91,-0.5,14:07:54,14:18:42,00:10:48,648,5,15
2019,2,4,3,11,3,1,1,-29.646,4,01101764FE,-0.5,14:07:54,15:36:11,01:28:17,5297,6,18
2019,2,4,3,11,3,1,1,-29.646,4,01103F397C,-0.5,14:07:54,14:29:34,00:21:40,1300,4,12
2019,2,4,3,11,3,1,1,-29.646,4,0700EE045D,0.5,14:07:54,14:15:27,00:07:33,453,7,21
2019,2,4,3,14,0,2,8,-29.646,2,011016C36E,-0.5,11:06:43,11:13:51,00:07:08,428,7,21
2019,2,4,3,14,0,2,8,-29.646,2,011016C68F,0.5,11:06:43,11:08:03,00:01:20,80,2,6
2019,2,4,3,14,0,2,8,-29.646,2,011016F3FE,0.5,11:06:43,13:53:34,02:46:51,10011,5,15
2019,2,4,3,14,0,2,8,-29.646,2,011016FB1C,-0.5,11:06:43,11:09:05,00:02:22,142,7,21
2019,2,4,3,14,0,2,8,-29.646,2,01103F3AFB,-0.5,11:06:43,11:22:54,00:16:11,971,7,21
2019,2,4,3,14,0,2,8,-29.646,2,01103F65D7,-0.5,11:06:43,12:15:54,01:09:11,4151,7,21
2019,2,4,3,14,0,2,8,-29.646,2,01103F762C,-0.5,11:06:43,11:09:55,00:03:12,192,7,21
2019,2,4,3,14,0,2,8,-29.646,2,0700EDD67A,-0.5,11:06:43,11:07:49,00:01:06,66,8,24
2019,2,4,3,14,0,2,8,-29.646,2,0700EDF3CC,0.5,11:06:43,11:13:10,00:06:27,387,5,15
2019,2,4,3,14,0,2,8,-29.646,2,0700EE1699,-0.5,11:06:43,11:16:39,00:09:56,596,6,18
2019,2,4,3,14,0,2,8,-29.646,2,0700EE3D0C,0.5,11:06:43,11:08:08,00:01:25,85,4,12
2019,2,14,4,4,3,1,4,-25.675,4,011016E0DD,-0.5,09:38:31,10:50:19,01:11:48,4308,8,24
2019,2,14,4,4,3,1,4,-25.675,4,0110171BB9,-0.5,09:38:31,09:45:46,00:07:15,435,8,24
2019,2,14,4,4,3,1,4,-25.675,4,0110172AD5,-0.5,09:38:31,09:58:39,00:20:08,1208,1,3
2019,2,14,4,4,3,1,4,-25.675,4,01103F7AAC,-0.5,09:38:31,10:03:25,00:24:54,1494,7,21
2019,2,14,4,4,3,1,4,-25.675,4,01103F8F8D,0.5,09:38:31,11:01:23,01:22:52,4972,8,24
2019,2,14,4,4,3,1,4,-25.675,4,0700EDB1E3,0.5,09:38:31,10:43:15,01:04:44,3884,9,27
2019,2,14,4,4,3,1,4,-25.675,4,0700EDE465,-0.5,09:38:31,12:06:07,02:27:36,8856,7,21
2019,2,14,4,4,3,1,4,-25.675,4,0700EE2D57,0.5,09:38:31,10:55:19,01:16:48,4608,14,42
2019,2,14,4,10,0,1,0,-25.675,1,0110170AFD,-0.5,12:42:20,12:43:07,00:00:47,47,5,15
2019,2,14,4,10,0,1,0,-25.675,1,01101726F2,-0.5,12:42:20,12:43:58,00:01:38,98,10,30
2019,2,14,4,10,0,1,0,-25.675,1,0110174E28,0.5,12:42:20,12:49:09,00:06:49,409,2,6
2019,2,14,4,10,0,1,0,-25.675,1,01101760B3,-0.5,12:42:20,12:44:14,00:01:54,114,12,36
2019,2,14,4,10,0,1,0,-25.675,1,0700EDFB72,-0.5,12:42:20,12:45:49,00:03:29,209,7,21
2019,2,14,4,12,0,1,8,-25.675,2,011016B677,-0.5,14:13:18,14:18:36,00:05:18,318,10,30
2019,2,14,4,12,0,1,8,-25.675,2,011016C021,0.5,14:13:18,14:15:12,00:01:54,114,5,15
2019,2,14,4,12,0,1,8,-25.675,2,011016FBE0,-0.5,14:13:18,14:16:06,00:02:48,168,10,30
2019,2,14,4,12,0,1,8,-25.675,2,0110174792,0.5,14:13:18,14:35:26,00:22:08,1328,8,24
2019,2,14,4,12,0,1,8,-25.675,2,0110175DA5,-0.5,14:13:18,14:14:52,00:01:34,94,9,27
2019,2,14,4,12,0,1,8,-25.675,2,0700EE3271,-0.5,14:13:18,14:27:26,00:14:08,848,6,18
2019,2,14,4,14,3,1,0,-25.675,3,011016C36E,-0.5,11:06:56,11:09:10,00:02:14,134,5,15
2019,2,14,4,14,3,1,0,-25.675,3,011016C68F,0.5,11:06:56,11:48:22,00:41:26,2486,6,18
2019,2,14,4,14,3,1,0,-25.675,3,011016F3FE,0.5,11:06:56,11:58:16,00:51:20,3080,6,18
2019,2,14,4,14,3,1,0,-25.675,3,011016FB1C,-0.5,11:06:56,11:16:47,00:09:51,591,7,21
2019,2,14,4,14,3,1,0,-25.675,3,01103F3AFB,-0.5,11:06:56,11:23:29,00:16:33,993,8,24
2019,2,14,4,14,3,1,0,-25.675,3,01103F65D7,-0.5,11:06:56,13:02:59,01:56:03,6963,8,24
2019,2,14,4,14,3,1,0,-25.675,3,01103F762C,-0.5,11:06:56,11:57:12,00:50:16,3016,3,9
2019,2,14,4,14,3,1,0,-25.675,3,01103F8837,0.5,11:06:56,11:11:57,00:05:01,301,5,15
2019,2,14,4,14,3,1,0,-25.675,3,0700EDD67A,-0.5,11:06:56,11:09:42,00:02:46,166,3,9
2019,2,14,4,14,3,1,0,-25.675,3,0700EDF3CC,0.5,11:06:56,11:37:37,00:30:41,1841,7,21
2019,2,14,4,14,3,1,0,-25.675,3,0700EE1699,-0.5,11:06:56,11:45:46,00:38:50,2330,11,33
2019,2,14,4,14,3,1,0,-25.675,3,0700EE3D0C,0.5,11:06:56,11:53:20,00:46:24,2784,3,9
2019,2,16,4,9,1,1,7,-18.263,4,011016A962,0.5,14:04:49,14:19:16,00:14:27,867,4,12
2019,2,16,4,9,1,1,7,-18.263,4,0110175CF7,0.5,14:04:49,14:13:44,00:08:55,535,1,3
2019,2,16,4,9,1,1,7,-18.263,4,01101765DB,0.5,14:04:49,14:12:11,00:07:22,442,1,3
2019,2,16,4,9,1,1,7,-18.263,4,01103F64E9,-0.5,14:04:49,14:12:54,00:08:05,485,5,15
2019,2,16,4,9,1,1,7,-18.263,4,01103F8EFA,-0.5,14:04:49,14:08:30,00:03:41,221,8,24
2019,2,16,4,9,1,1,7,-18.263,4,0700EDC092,-0.5,14:04:49,14:09:37,00:04:48,288,4,12
2019,2,16,4,9,1,1,7,-18.263,4,0700EDC833,-0.5,14:04:49,14:10:54,00:06:05,365,9,27
2019,2,16,4,11,5,1,0,-18.263,3,011016A962,0.5,09:37:40,10:54:21,01:16:41,4601,13,39
2019,2,16,4,11,5,1,0,-18.263,3,011016B3CE,-0.5,09:37:40,12:18:25,02:40:45,9645,3,9
2019,2,16,4,11,5,1,0,-18.263,3,011016F8BB,0.5,09:37:40,09:57:08,00:19:28,1168,10,30
2019,2,16,4,11,5,1,0,-18.263,3,0110172DEC,-0.5,09:37:40,10:08:31,00:30:51,1851,7,21
2019,2,16,4,11,5,1,0,-18.263,3,0110174792,0.5,09:37:40,11:10:16,01:32:36,5556,7,21
2019,2,16,4,11,5,1,0,-18.263,3,0110175C91,-0.5,09:37:40,09:48:41,00:11:01,661,12,36
2019,2,16,4,11,5,1,0,-18.263,3,01103F397C,-0.5,09:37:40,09:52:27,00:14:47,887,2,6
2019,2,16,4,11,5,1,0,-18.263,3,0700EDC092,-0.5,09:37:40,11:01:06,01:23:26,5006,10,30
2019,2,16,4,11,5,1,0,-18.263,3,0700EE045D,0.5,09:37:40,10:12:43,00:35:03,2103,4,12
2019,2,16,4,11,5,1,0,-18.263,3,0700EE3271,-0.5,09:37:40,09:57:29,00:19:49,1189,3,9
2019,2,16,4,12,0,2,0,-18.263,1,011016B677,-0.5,12:43:39,12:45:30,00:01:51,111,4,12
2019,2,16,4,12,0,2,0,-18.263,1,011016C021,0.5,12:43:39,12:47:20,00:03:41,221,4,12
2019,2,16,4,12,0,2,0,-18.263,1,011016FBE0,-0.5,12:43:39,12:44:31,00:00:52,52,8,24
2019,2,16,4,12,0,2,0,-18.263,1,0110174792,0.5,12:43:39,13:07:27,00:23:48,1428,6,18
2019,2,16,4,12,0,2,0,-18.263,1,0110175DA5,-0.5,12:43:39,13:08:32,00:24:53,1493,7,21
2019,2,16,4,12,0,2,0,-18.263,1,01103F8837,0.5,12:43:39,12:44:27,00:00:48,48,8,24
2019,2,16,4,12,0,2,0,-18.263,1,0700EDD67A,-0.5,12:43:39,12:45:27,00:01:48,108,11,33
2019,2,16,4,12,0,2,0,-18.263,1,0700EE3271,-0.5,12:43:39,13:06:23,00:22:44,1364,4,12
2019,2,16,4,14,0,1,3,-18.263,2,011016C36E,-0.5,11:07:45,12:10:59,01:03:14,3794,7,21
2019,2,16,4,14,0,1,3,-18.263,2,011016C68F,0.5,11:07:45,11:08:15,00:00:30,30,2,6
2019,2,16,4,14,0,1,3,-18.263,2,011016F3FE,0.5,11:07:45,11:09:57,00:02:12,132,6,18
2019,2,16,4,14,0,1,3,-18.263,2,011016FB1C,-0.5,11:07:45,12:13:10,01:05:25,3925,5,15
2019,2,16,4,14,0,1,3,-18.263,2,0110175DDD,0.5,11:07:45,12:33:36,01:25:51,5151,2,6
2019,2,16,4,14,0,1,3,-18.263,2,01103F3AFB,-0.5,11:07:45,11:14:25,00:06:40,400,6,18
2019,2,16,4,14,0,1,3,-18.263,2,01103F65D7,-0.5,11:07:45,11:36:18,00:28:33,1713,2,6
2019,2,16,4,14,0,1,3,-18.263,2,01103F762C,-0.5,11:07:45,11:59:12,00:51:27,3087,4,12
2019,2,16,4,14,0,1,3,-18.263,2,0700EDF3CC,0.5,11:07:45,11:20:30,00:12:45,765,7,21
2019,2,16,4,14,0,1,3,-18.263,2,0700EE1699,-0.5,11:07:45,11:46:22,00:38:37,2317,5,15
2019,2,16,4,14,0,1,3,-18.263,2,0700EE3D0C,0.5,11:07:45,11:09:23,00:01:38,98,5,15
2019,2,18,4,4,0,2,2,-22.708,2,011016E0DD,-0.5,11:09:44,11:44:03,00:34:19,2059,14,42
2019,2,18,4,4,0,2,2,-22.708,2,0110170143,0.5,11:09:44,11:33:28,00:23:44,1424,4,12
2019,2,18,4,4,0,2,2,-22.708,2,0110171BB9,-0.5,11:09:44,11:12:36,00:02:52,172,9,27
2019,2,18,4,4,0,2,2,-22.708,2,0110172AD5,-0.5,11:09:44,11:12:42,00:02:58,178,6,18
2019,2,18,4,4,0,2,2,-22.708,2,01101765DB,0.5,11:09:44,11:31:36,00:21:52,1312,6,18
2019,2,18,4,4,0,2,2,-22.708,2,01103F7AAC,-0.5,11:09:44,11:11:24,00:01:40,100,7,21
2019,2,18,4,4,0,2,2,-22.708,2,01103F8F8D,0.5,11:09:44,12:17:14,01:07:30,4050,6,18
2019,2,18,4,4,0,2,2,-22.708,2,0700EDB1E3,0.5,11:09:44,11:22:24,00:12:40,760,6,18
2019,2,18,4,4,0,2,2,-22.708,2,0700EDCE8A,-0.5,11:09:44,12:25:09,01:15:25,4525,8,24
2019,2,18,4,4,0,2,2,-22.708,2,0700EDE465,-0.5,11:09:44,11:34:10,00:24:26,1466,8,24
2019,2,18,4,4,0,2,2,-22.708,2,0700EE2D57,0.5,11:09:44,11:56:30,00:46:46,2806,5,15
2019,2,18,4,9,5,2,0,-22.708,3,011016A962,0.5,09:37:35,14:12:03,04:34:28,16468,11,33
2019,2,18,4,9,5,2,0,-22.708,3,0110172DEC,-0.5,09:37:35,11:32:22,01:54:47,6887,5,15
2019,2,18,4,9,5,2,0,-22.708,3,0110175CF7,0.5,09:37:35,10:21:13,00:43:38,2618,2,6
2019,2,18,4,9,5,2,0,-22.708,3,01103F64E9,-0.5,09:37:35,10:36:10,00:58:35,3515,3,9
2019,2,18,4,9,5,2,0,-22.708,3,01103F8EFA,-0.5,09:37:35,09:50:49,00:13:14,794,1,3
2019,2,18,4,9,5,2,0,-22.708,3,0700EDC092,-0.5,09:37:35,14:09:14,04:31:39,16299,18,54
2019,2,18,4,9,5,2,0,-22.708,3,0700EDC833,-0.5,09:37:35,10:25:36,00:48:01,2881,10,30
2019,2,18,4,11,0,2,0,-22.708,1,011016A962,0.5,12:38:01,12:43:57,00:05:56,356,9,27
2019,2,18,4,11,0,2,0,-22.708,1,011016F8BB,0.5,12:38:01,12:40:15,00:02:14,134,9,27
2019,2,18,4,11,0,2,0,-22.708,1,0110172DEC,-0.5,12:38:01,12:53:28,00:15:27,927,4,12
2019,2,18,4,11,0,2,0,-22.708,1,0110175C91,-0.5,12:38:01,12:47:36,00:09:35,575,8,24
2019,2,18,4,11,0,2,0,-22.708,1,01103F397C,-0.5,12:38:01,12:56:44,00:18:43,1123,16,48
2019,2,18,4,11,0,2,0,-22.708,1,0700EDC092,-0.5,12:38:01,12:42:04,00:04:03,243,9,27
2019,2,18,4,11,0,2,0,-22.708,1,0700EE045D,0.5,12:38:01,12:38:52,00:00:51,51,4,12
2019,2,18,4,12,2,1,5,-22.708,4,011016B677,-0.5,14:15:33,14:16:39,00:01:06,66,4,12
2019,2,18,4,12,2,1,5,-22.708,4,011016C021,0.5,14:15:33,14:47:41,00:32:08,1928,3,9
2019,2,18,4,12,2,1,5,-22.708,4,011016FBE0,-0.5,14:15:33,14:20:35,00:05:02,302,6,18
2019,2,18,4,12,2,1,5,-22.708,4,0110174792,0.5,14:15:33,14:18:05,00:02:32,152,5,15
2019,2,18,4,12,2,1,5,-22.708,4,0110175DA5,-0.5,14:15:33,15:28:43,01:13:10,4390,2,6
2019,2,18,4,12,2,1,5,-22.708,4,0700EE3271,-0.5,14:15:33,14:20:33,00:05:00,300,5,15
2019,2,20,4,2,2,1,0,-8.183,3,011016A271,0.5,11:08:13,12:33:15,01:25:02,5102,14,42
2019,2,20,4,2,2,1,0,-8.183,3,011016B66E,-0.5,11:08:13,12:36:26,01:28:13,5293,5,15
2019,2,20,4,2,2,1,0,-8.183,3,01101740A4,0.5,11:08:13,14:10:56,03:02:43,10963,9,27
2019,2,20,4,2,2,1,0,-8.183,3,0110174E70,0.5,11:08:13,11:19:00,00:10:47,647,3,9
2019,2,20,4,2,2,1,0,-8.183,3,011017549A,-0.5,11:08:13,11:13:23,00:05:10,310,9,27
2019,2,20,4,2,2,1,0,-8.183,3,0110176BCA,0.5,11:08:13,13:07:00,01:58:47,7127,2,6
2019,2,20,4,2,2,1,0,-8.183,3,01103F517D,0.5,11:08:13,11:15:08,00:06:55,415,8,24
2019,2,20,4,2,2,1,0,-8.183,3,01103F7AAC,-0.5,11:08:13,12:35:24,01:27:11,5231,7,21
2019,2,20,4,2,2,1,0,-8.183,3,01103F8A41,0.5,11:08:13,12:34:10,01:25:57,5157,9,27
2019,2,20,4,2,2,1,0,-8.183,3,0700EDD987,-0.5,11:08:13,11:33:01,00:24:48,1488,1,3
2019,2,20,4,2,2,1,0,-8.183,3,0700EE1A91,-0.5,11:08:13,11:52:31,00:44:18,2658,1,3
2019,2,20,4,4,0,2,0,-8.183,1,011016E0DD,-0.5,09:40:28,09:48:23,00:07:55,475,6,18
2019,2,20,4,4,0,2,0,-8.183,1,0110171BB9,-0.5,09:40:28,10:34:58,00:54:30,3270,8,24
2019,2,20,4,4,0,2,0,-8.183,1,0110172AD5,-0.5,09:40:28,10:21:07,00:40:39,2439,1,3
2019,2,20,4,4,0,2,0,-8.183,1,0110175F26,-0.5,09:40:28,14:09:02,04:28:34,16114,4,12
2019,2,20,4,4,0,2,0,-8.183,1,01103F7AAC,-0.5,09:40:28,10:21:33,00:41:05,2465,9,27
2019,2,20,4,4,0,2,0,-8.183,1,01103F8F8D,0.5,09:40:28,09:53:53,00:13:25,805,1,3
2019,2,20,4,4,0,2,0,-8.183,1,0700EDB1E3,0.5,09:40:28,09:48:31,00:08:03,483,9,27
2019,2,20,4,4,0,2,0,-8.183,1,0700EDD987,-0.5,09:40:28,12:06:36,02:26:08,8768,13,39
2019,2,20,4,4,0,2,0,-8.183,1,0700EDE465,-0.5,09:40:28,10:02:31,00:22:03,1323,6,18
2019,2,20,4,4,0,2,0,-8.183,1,0700EE2D57,0.5,09:40:28,10:41:46,01:01:18,3678,12,36
2019,2,20,4,10,0,1,7,-8.183,2,0110170AFD,-0.5,12:42:21,12:45:54,00:03:33,213,5,15
2019,2,20,4,10,0,1,7,-8.183,2,01101726F2,-0.5,12:42:21,12:50:19,00:07:58,478,10,30
2019,2,20,4,10,0,1,7,-8.183,2,0110174E28,0.5,12:42:21,12:48:45,00:06:24,384,7,21
2019,2,20,4,10,0,1,7,-8.183,2,01101760B3,-0.5,12:42:21,12:54:34,00:12:13,733,5,15
2019,2,20,4,10,0,1,7,-8.183,2,0700EDFB72,-0.5,12:42:21,13:13:39,00:31:18,1878,5,15
2019,2,20,4,11,4,1,5,-8.183,4,011016F8BB,0.5,14:06:58,15:18:57,01:11:59,4319,15,45
2019,2,20,4,11,4,1,5,-8.183,4,0110175C91,-0.5,14:06:58,14:11:48,00:04:50,290,11,33
2019,2,20,4,11,4,1,5,-8.183,4,01103F397C,-0.5,14:06:58,14:37:35,00:30:37,1837,6,18
2019,2,20,4,11,4,1,5,-8.183,4,0700EE045D,0.5,14:06:58,14:08:56,00:01:58,118,5,15
2019,2,22,4,2,0,1,0,-10.458,1,011016A271,0.5,09:38:57,11:31:42,01:52:45,6765,9,27
2019,2,22,4,2,0,1,0,-10.458,1,011016B66E,-0.5,09:38:57,09:55:51,00:16:54,1014,4,12
2019,2,22,4,2,0,1,0,-10.458,1,011016FFC0,-0.5,09:38:57,11:09:14,01:30:17,5417,6,18
2019,2,22,4,2,0,1,0,-10.458,1,01101740A4,0.5,09:38:57,10:42:57,01:04:00,3840,6,18
2019,2,22,4,2,0,1,0,-10.458,1,0110174E70,0.5,09:38:57,09:51:14,00:12:17,737,4,12
2019,2,22,4,2,0,1,0,-10.458,1,011017549A,-0.5,09:38:57,10:08:20,00:29:23,1763,4,12
2019,2,22,4,2,0,1,0,-10.458,1,0110175F26,-0.5,09:38:57,11:10:40,01:31:43,5503,2,6
2019,2,22,4,2,0,1,0,-10.458,1,0110176BCA,0.5,09:38:57,10:33:29,00:54:32,3272,1,3
2019,2,22,4,2,0,1,0,-10.458,1,01103F517D,0.5,09:38:57,10:01:00,00:22:03,1323,4,12
2019,2,22,4,2,0,1,0,-10.458,1,01103F8A41,0.5,09:38:57,09:56:19,00:17:22,1042,2,6
2019,2,22,4,2,0,1,0,-10.458,1,0700EDD987,-0.5,09:38:57,10:01:50,00:22:53,1373,3,9
2019,2,22,4,2,0,1,0,-10.458,1,0700EE1A91,-0.5,09:38:57,10:23:38,00:44:41,2681,5,15
2019,2,22,4,10,5,1,0,-10.458,3,0110170AFD,-0.5,11:13:11,11:21:20,00:08:09,489,5,15
2019,2,22,4,10,5,1,0,-10.458,3,01101726F2,-0.5,11:13:11,12:00:51,00:47:40,2860,8,24
2019,2,22,4,10,5,1,0,-10.458,3,01101740A4,0.5,11:13:11,13:03:37,01:50:26,6626,6,18
2019,2,22,4,10,5,1,0,-10.458,3,0110174E28,0.5,11:13:11,11:24:07,00:10:56,656,18,54
2019,2,22,4,10,5,1,0,-10.458,3,01101760B3,-0.5,11:13:11,11:22:53,00:09:42,582,2,6
2019,2,22,4,10,5,1,0,-10.458,3,01103F8837,0.5,11:13:11,11:24:49,00:11:38,698,4,12
2019,2,22,4,10,5,1,0,-10.458,3,0700EDCE8A,-0.5,11:13:11,13:22:58,02:09:47,7787,6,18
2019,2,22,4,10,5,1,0,-10.458,3,0700EDF3CC,0.5,11:13:11,12:32:48,01:19:37,4777,19,57
2019,2,22,4,10,5,1,0,-10.458,3,0700EDFB72,-0.5,11:13:11,11:52:36,00:39:25,2365,3,9
2019,2,22,4,14,4,2,3,-10.458,4,011016C36E,-0.5,12:38:46,13:06:57,00:28:11,1691,7,21
2019,2,22,4,14,4,2,3,-10.458,4,011016C68F,0.5,12:38:46,13:40:10,01:01:24,3684,8,24
2019,2,22,4,14,4,2,3,-10.458,4,011016F3FE,0.5,12:38:46,12:56:38,00:17:52,1072,5,15
2019,2,22,4,14,4,2,3,-10.458,4,011016FB1C,-0.5,12:38:46,12:54:27,00:15:41,941,7,21
2019,2,22,4,14,4,2,3,-10.458,4,011016FBE0,-0.5,12:38:46,13:00:25,00:21:39,1299,9,27
2019,2,22,4,14,4,2,3,-10.458,4,01101726F2,-0.5,12:38:46,12:45:11,00:06:25,385,4,12
2019,2,22,4,14,4,2,3,-10.458,4,0110175DDD,0.5,12:38:46,12:54:08,00:15:22,922,2,6
2019,2,22,4,14,4,2,3,-10.458,4,01103F3AFB,-0.5,12:38:46,14:52:50,02:14:04,8044,11,33
2019,2,22,4,14,4,2,3,-10.458,4,01103F65D7,-0.5,12:38:46,14:21:09,01:42:23,6143,12,36
2019,2,22,4,14,4,2,3,-10.458,4,01103F762C,-0.5,12:38:46,12:56:18,00:17:32,1052,6,18
2019,2,22,4,14,4,2,3,-10.458,4,01103F8837,0.5,12:38:46,12:48:42,00:09:56,596,1,3
2019,2,22,4,14,4,2,3,-10.458,4,0700EDCE8A,-0.5,12:38:46,14:25:16,01:46:30,6390,4,12
2019,2,22,4,14,4,2,3,-10.458,4,0700EDD67A,-0.5,12:38:46,14:28:05,01:49:19,6559,5,15
2019,2,22,4,14,4,2,3,-10.458,4,0700EDF3CC,0.5,12:38:46,15:32:28,02:53:42,10422,1,3
2019,2,22,4,14,4,2,3,-10.458,4,0700EE1699,-0.5,12:38:46,13:40:58,01:02:12,3732,18,54
2019,2,22,4,14,4,2,3,-10.458,4,0700EE3D0C,0.5,12:38:46,14:18:39,01:39:53,5993,7,21
2019,2,22,4,16,0,2,3,-10.458,2,011016C37F,0.5,14:14:14,14:21:48,00:07:34,454,6,18
2019,2,22,4,16,0,2,3,-10.458,2,011016DD7C,-0.5,14:14:14,15:22:04,01:07:50,4070,9,27
2019,2,22,4,16,0,2,3,-10.458,2,011017172F,0.5,14:14:14,14:18:09,00:03:55,235,7,21
2019,2,22,4,16,0,2,3,-10.458,2,011017611A,-0.5,14:14:14,14:22:33,00:08:19,499,1,3
2019,2,22,4,16,0,2,3,-10.458,2,01103F6EC3,-0.5,14:14:14,14:14:52,00:00:38,38,4,12
2019,2,22,4,16,0,2,3,-10.458,2,0700ED97B7,0.5,14:14:14,14:20:40,00:06:26,386,3,9
2019,2,24,4,2,3,1,2,-22.229,4,011016A271,0.5,09:39:43,11:27:31,01:47:48,6468,6,18
2019,2,24,4,2,3,1,2,-22.229,4,011016B66E,-0.5,09:39:43,10:43:24,01:03:41,3821,7,21
2019,2,24,4,2,3,1,2,-22.229,4,0110171BB9,-0.5,09:39:43,10:43:01,01:03:18,3798,11,33
2019,2,24,4,2,3,1,2,-22.229,4,01101726F2,-0.5,09:39:43,13:42:42,04:02:59,14579,3,9
2019,2,24,4,2,3,1,2,-22.229,4,01101740A4,0.5,09:39:43,11:52:18,02:12:35,7955,11,33
2019,2,24,4,2,3,1,2,-22.229,4,0110174E70,0.5,09:39:43,09:41:17,00:01:34,94,5,15
2019,2,24,4,2,3,1,2,-22.229,4,011017549A,-0.5,09:39:43,09:41:26,00:01:43,103,7,21
2019,2,24,4,2,3,1,2,-22.229,4,0110175F26,-0.5,09:39:43,12:29:33,02:49:50,10190,10,30
2019,2,24,4,2,3,1,2,-22.229,4,0110176BCA,0.5,09:39:43,12:50:11,03:10:28,11428,1,3
2019,2,24,4,2,3,1,2,-22.229,4,01103F517D,0.5,09:39:43,09:46:32,00:06:49,409,2,6
2019,2,24,4,2,3,1,2,-22.229,4,01103F8A41,0.5,09:39:43,11:05:32,01:25:49,5149,7,21
2019,2,24,4,2,3,1,2,-22.229,4,0700EDD987,-0.5,09:39:43,10:44:05,01:04:22,3862,6,18
2019,2,24,4,2,3,1,2,-22.229,4,0700EE1A91,-0.5,09:39:43,11:40:29,02:00:46,7246,8,24
2019,2,24,4,9,0,2,0,-22.229,1,011016A962,0.5,12:36:42,12:50:51,00:14:09,849,4,12
2019,2,24,4,9,0,2,0,-22.229,1,0110170143,0.5,12:36:42,12:57:45,00:21:03,1263,4,12
2019,2,24,4,9,0,2,0,-22.229,1,0110172DEC,-0.5,12:36:42,13:54:15,01:17:33,4653,8,24
2019,2,24,4,9,0,2,0,-22.229,1,0110175CF7,0.5,12:36:42,12:41:43,00:05:01,301,3,9
2019,2,24,4,9,0,2,0,-22.229,1,01101765DB,0.5,12:36:42,12:50:11,00:13:29,809,3,9
2019,2,24,4,9,0,2,0,-22.229,1,01103F64E9,-0.5,12:36:42,12:52:57,00:16:15,975,8,24
2019,2,24,4,9,0,2,0,-22.229,1,01103F8EFA,-0.5,12:36:42,12:39:27,00:02:45,165,17,51
2019,2,24,4,9,0,2,0,-22.229,1,0700EDC092,-0.5,12:36:42,12:47:11,00:10:29,629,12,36
2019,2,24,4,9,0,2,0,-22.229,1,0700EDC833,-0.5,12:36:42,12:38:40,00:01:58,118,6,18
2019,2,24,4,9,0,2,0,-22.229,1,0700EDCE8A,-0.5,12:36:42,12:49:11,00:12:29,749,6,18
2019,2,24,4,11,0,1,4,-22.229,2,011016A962,0.5,14:08:26,15:19:35,01:11:09,4269,11,33
2019,2,24,4,11,0,1,4,-22.229,2,011016F8BB,0.5,14:08:26,15:18:07,01:09:41,4181,10,30
2019,2,24,4,11,0,1,4,-22.229,2,0110172DEC,-0.5,14:08:26,15:15:16,01:06:50,4010,7,21
2019,2,24,4,11,0,1,4,-22.229,2,0110175C91,-0.5,14:08:26,14:16:54,00:08:28,508,6,18
2019,2,24,4,11,0,1,4,-22.229,2,01103F397C,-0.5,14:08:26,14:10:52,00:02:26,146,3,9
2019,2,24,4,11,0,1,4,-22.229,2,0700EE045D,0.5,14:08:26,14:10:39,00:02:13,133,8,24
2019,2,24,4,16,2,1,0,-22.229,3,011016C37F,0.5,11:13:03,11:28:25,00:15:22,922,6,18
2019,2,24,4,16,2,1,0,-22.229,3,011016DD7C,-0.5,11:13:03,15:59:21,04:46:18,17178,14,42
2019,2,24,4,16,2,1,0,-22.229,3,011017172F,0.5,11:13:03,11:23:03,00:10:00,600,8,24
2019,2,24,4,16,2,1,0,-22.229,3,011017611A,-0.5,11:13:03,12:06:15,00:53:12,3192,2,6
2019,2,24,4,16,2,1,0,-22.229,3,01103F6EC3,-0.5,11:13:03,11:26:02,00:12:59,779,11,33
2019,2,24,4,16,2,1,0,-22.229,3,01103F8556,-0.5,11:13:03,14:39:03,03:26:00,12360,1,3
2019,2,24,4,16,2,1,0,-22.229,3,0700ED97B7,0.5,11:13:03,11:47:40,00:34:37,2077,12,36
2019,2,26,4,2,0,1,1,-23.096,2,011016A271,0.5,11:10:23,11:19:45,00:09:22,562,7,21
2019,2,26,4,2,0,1,1,-23.096,2,011016B66E,-0.5,11:10:23,11:44:19,00:33:56,2036,3,9
2019,2,26,4,2,0,1,1,-23.096,2,01101740A4,0.5,11:10:23,12:33:30,01:23:07,4987,7,21
2019,2,26,4,2,0,1,1,-23.096,2,0110174E70,0.5,11:10:23,11:12:11,00:01:48,108,2,6
2019,2,26,4,2,0,1,1,-23.096,2,011017549A,-0.5,11:10:23,11:35:44,00:25:21,1521,7,21
2019,2,26,4,2,0,1,1,-23.096,2,0110176BCA,0.5,11:10:23,13:16:07,02:05:44,7544,1,3
2019,2,26,4,2,0,1,1,-23.096,2,01103F517D,0.5,11:10:23,11:22:52,00:12:29,749,5,15
2019,2,26,4,2,0,1,1,-23.096,2,01103F7AAC,-0.5,11:10:23,15:59:48,04:49:25,17365,8,24
2019,2,26,4,2,0,1,1,-23.096,2,01103F8A41,0.5,11:10:23,11:13:06,00:02:43,163,1,3
2019,2,26,4,2,0,1,1,-23.096,2,0700EDD987,-0.5,11:10:23,11:24:10,00:13:47,827,5,15
2019,2,26,4,2,0,1,1,-23.096,2,0700EE1A91,-0.5,11:10:23,11:29:11,00:18:48,1128,5,15
2019,2,26,4,4,2,1,0,-23.096,3,011016E0DD,-0.5,14:09:19,15:18:11,01:08:52,4132,8,24
2019,2,26,4,4,2,1,0,-23.096,3,0110170143,0.5,14:09:19,16:20:39,02:11:20,7880,4,12
2019,2,26,4,4,2,1,0,-23.096,3,0110171BB9,-0.5,14:09:19,14:24:37,00:15:18,918,6,18
2019,2,26,4,4,2,1,0,-23.096,3,0110172AD5,-0.5,14:09:19,14:37:11,00:27:52,1672,4,12
2019,2,26,4,4,2,1,0,-23.096,3,0110175F26,-0.5,14:09:19,14:34:02,00:24:43,1483,3,9
2019,2,26,4,4,2,1,0,-23.096,3,01101765DB,0.5,14:09:19,16:29:36,02:20:17,8417,8,24
2019,2,26,4,4,2,1,0,-23.096,3,01103F7AAC,-0.5,14:09:19,14:31:15,00:21:56,1316,9,27
2019,2,26,4,4,2,1,0,-23.096,3,01103F8F8D,0.5,14:09:19,14:30:19,00:21:00,1260,10,30
2019,2,26,4,4,2,1,0,-23.096,3,0700EDB1E3,0.5,14:09:19,15:46:09,01:36:50,5810,11,33
2019,2,26,4,4,2,1,0,-23.096,3,0700EDE465,-0.5,14:09:19,14:31:12,00:21:53,1313,8,24
2019,2,26,4,4,2,1,0,-23.096,3,0700EE2D57,0.5,14:09:19,16:40:16,02:30:57,9057,10,30
2019,2,26,4,10,4,2,1,-23.096,4,0110170AFD,-0.5,09:44:48,09:46:22,00:01:34,94,6,18
2019,2,26,4,10,4,2,1,-23.096,4,01101726F2,-0.5,09:44:48,10:08:38,00:23:50,1430,5,15
2019,2,26,4,10,4,2,1,-23.096,4,01101740A4,0.5,09:44:48,13:41:03,03:56:15,14175,4,12
2019,2,26,4,10,4,2,1,-23.096,4,0110174E28,0.5,09:44:48,10:07:15,00:22:27,1347,8,24
2019,2,26,4,10,4,2,1,-23.096,4,01101760B3,-0.5,09:44:48,10:48:04,01:03:16,3796,4,12
2019,2,26,4,10,4,2,1,-23.096,4,01103F517D,0.5,09:44:48,12:15:44,02:30:56,9056,3,9
2019,2,26,4,10,4,2,1,-23.096,4,01103F8837,0.5,09:44:48,09:49:53,00:05:05,305,8,24
2019,2,26,4,10,4,2,1,-23.096,4,0700EDFB72,-0.5,09:44:48,11:12:05,01:27:17,5237,10,30
2019,2,26,4,16,0,2,0,-23.096,1,011016C37F,0.5,12:43:28,12:51:20,00:07:52,472,6,18
2019,2,26,4,16,0,2,0,-23.096,1,011016DD7C,-0.5,12:43:28,17:33:27,04:49:59,17399,17,51
2019,2,26,4,16,0,2,0,-23.096,1,011017172F,0.5,12:43:28,12:46:16,00:02:48,168,4,12
2019,2,26,4,16,0,2,0,-23.096,1,011017611A,-0.5,12:43:28,13:02:47,00:19:19,1159,4,12
2019,2,26,4,16,0,2,0,-23.096,1,01103F6EC3,-0.5,12:43:28,12:45:46,00:02:18,138,5,15
2019,2,26,4,16,0,2,0,-23.096,1,01103F8556,-0.5,12:43:28,12:45:38,00:02:10,130,11,33
2019,2,26,4,16,0,2,0,-23.096,1,0700ED97B7,0.5,12:43:28,12:54:42,00:11:14,674,6,18
2019,2,28,4,9,0,1,4,-9.654,2,011016A962,0.5,09:38:07,10:07:39,00:29:32,1772,16,48
2019,2,28,4,9,0,1,4,-9.654,2,0110170143,0.5,09:38:07,11:40:57,02:02:50,7370,6,18
2019,2,28,4,9,0,1,4,-9.654,2,0110172DEC,-0.5,09:38:07,10:37:08,00:59:01,3541,3,9
2019,2,28,4,9,0,1,4,-9.654,2,0110175CF7,0.5,09:38:07,10:07:32,00:29:25,1765,2,6
2019,2,28,4,9,0,1,4,-9.654,2,01101765DB,0.5,09:38:07,10:08:34,00:30:27,1827,2,6
2019,2,28,4,9,0,1,4,-9.654,2,01103F64E9,-0.5,09:38:07,09:44:42,00:06:35,395,8,24
2019,2,28,4,9,0,1,4,-9.654,2,01103F8EFA,-0.5,09:38:07,09:39:05,00:00:58,58,11,33
2019,2,28,4,9,0,1,4,-9.654,2,0700EDC092,-0.5,09:38:07,10:15:26,00:37:19,2239,11,33
2019,2,28,4,9,0,1,4,-9.654,2,0700EDC833,-0.5,09:38:07,09:43:13,00:05:06,306,5,15
2019,2,28,4,9,0,1,4,-9.654,2,0700EDCE8A,-0.5,09:38:07,10:31:22,00:53:15,3195,12,36
2019,2,28,4,12,1,2,0,-9.654,3,011016B677,-0.5,12:44:51,12:49:01,00:04:10,250,10,30
2019,2,28,4,12,1,2,0,-9.654,3,011016C021,0.5,12:44:51,12:58:58,00:14:07,847,7,21
2019,2,28,4,12,1,2,0,-9.654,3,01101726F2,-0.5,12:44:51,15:12:39,02:27:48,8868,5,15
2019,2,28,4,12,1,2,0,-9.654,3,0110174792,0.5,12:44:51,12:57:56,00:13:05,785,5,15
2019,2,28,4,12,1,2,0,-9.654,3,0110175DA5,-0.5,12:44:51,13:10:27,00:25:36,1536,2,6
2019,2,28,4,12,1,2,0,-9.654,3,0700EE3271,-0.5,12:44:51,13:17:28,00:32:37,1957,4,12
2019,2,28,4,14,0,1,0,-9.654,1,011016B677,-0.5,11:08:50,16:08:59,05:00:09,18009,7,21
2019,2,28,4,14,0,1,0,-9.654,1,011016C36E,-0.5,11:08:50,11:30:22,00:21:32,1292,3,9
2019,2,28,4,14,0,1,0,-9.654,1,011016C68F,0.5,11:08:50,11:40:24,00:31:34,1894,8,24
2019,2,28,4,14,0,1,0,-9.654,1,011016F3FE,0.5,11:08:50,12:12:46,01:03:56,3836,4,12
2019,2,28,4,14,0,1,0,-9.654,1,011016FB1C,-0.5,11:08:50,13:04:48,01:55:58,6958,6,18
2019,2,28,4,14,0,1,0,-9.654,1,011016FBE0,-0.5,11:08:50,11:21:17,00:12:27,747,5,15
2019,2,28,4,14,0,1,0,-9.654,1,0110175DDD,0.5,11:08:50,11:11:50,00:03:00,180,4,12
2019,2,28,4,14,0,1,0,-9.654,1,01103F3AFB,-0.5,11:08:50,12:25:01,01:16:11,4571,6,18
2019,2,28,4,14,0,1,0,-9.654,1,01103F65D7,-0.5,11:08:50,12:14:17,01:05:27,3927,6,18
2019,2,28,4,14,0,1,0,-9.654,1,01103F762C,-0.5,11:08:50,12:12:07,01:03:17,3797,3,9
2019,2,28,4,14,0,1,0,-9.654,1,0700EDF3CC,0.5,11:08:50,17:09:22,06:00:32,21632,2,6
2019,2,28,4,14,0,1,0,-9.654,1,0700EE1699,-0.5,11:08:50,11:40:15,00:31:25,1885,9,27
2019,2,28,4,14,0,1,0,-9.654,1,0700EE3D0C,0.5,11:08:50,12:08:06,00:59:16,3556,6,18
2019,2,28,4,16,5,2,6,-9.654,4,011016C37F,0.5,14:12:51,14:30:09,00:17:18,1038,3,9
2019,2,28,4,16,5,2,6,-9.654,4,011016DD7C,-0.5,14:12:51,16:45:06,02:32:15,9135,14,42
2019,2,28,4,16,5,2,6,-9.654,4,011017172F,0.5,14:12:51,14:14:19,00:01:28,88,7,21
2019,2,28,4,16,5,2,6,-9.654,4,011017611A,-0.5,14:12:51,15:06:59,00:54:08,3248,2,6
2019,2,28,4,16,5,2,6,-9.654,4,01103F6EC3,-0.5,14:12:51,14:33:18,00:20:27,1227,7,21
2019,2,28,4,16,5,2,6,-9.654,4,0700ED97B7,0.5,14:12:51,14:49:14,00:36:23,2183,3,9
