Year,Month,Day,Rep,Feeder,Mount,Speaker,Track,TempDay,Treatment,ID,Sex,StartTime,VisitTime,LatencyTime,Sec,Return,HFRBef,20min,HFRcal
2018,12,4,1,2,0,1,7,-8.958,2,011016A271,0.5,12:36:45,13:14:27,00:37:42,2262,1,10,6,18
2018,12,4,1,2,0,1,7,-8.958,2,011016B66E,-0.5,12:36:45,13:36:16,00:59:31,3571,1,3,1,3
2018,12,4,1,2,0,1,7,-8.958,2,011016E03B,0.5,12:36:45,12:42:06,00:05:21,321,1,6,1,3
2018,12,4,1,2,0,1,7,-8.958,2,011016FFC0,-0.5,12:36:45,13:02:58,00:26:13,1573,1,6,8,24
2018,12,4,1,2,0,1,7,-8.958,2,0110174E70,0.5,12:36:45,13:15:09,00:38:24,2304,1,4,4,12
2018,12,4,1,2,0,1,7,-8.958,2,011017549A,-0.5,12:36:45,12:38:34,00:01:49,109,1,8,4,12
2018,12,4,1,2,0,1,7,-8.958,2,0110176BCA,0.5,12:36:45,12:41:15,00:04:30,270,1,3,1,3
2018,12,4,1,2,0,1,7,-8.958,2,01103F517D,0.5,12:36:45,13:14:40,00:37:55,2275,1,4,6,18
2018,12,4,1,2,0,1,7,-8.958,2,01103F7AAC,-0.5,12:36:45,12:45:10,00:08:25,505,1,4,5,15
2018,12,4,1,2,0,1,7,-8.958,2,01103F8A41,0.5,12:36:45,12:39:47,00:03:02,182,1,10,2,6
2018,12,4,1,2,0,1,7,-8.958,2,0700EDD987,-0.5,12:36:45,12:45:04,00:08:19,499,1,4,3,9
2018,12,4,1,2,0,1,7,-8.958,2,0700EDE465,-0.5,12:36:45,12:49:58,00:13:13,793,1,5,3,9
2018,12,4,1,2,0,1,7,-8.958,2,0700EE0C37,-0.5,12:36:45,12:39:52,00:03:07,187,1,9,2,6
2018,12,4,1,2,0,1,7,-8.958,2,0700EE1A91,-0.5,12:36:45,12:42:44,00:05:59,359,1,9,1,3
2018,12,4,1,9,5,2,0,-8.958,3,011016A962,0.5,09:34:06,10:25:30,00:51:24,3084,1,8,1,3
2018,12,4,1,9,5,2,0,-8.958,3,0110172DEC,-0.5,09:34:06,10:50:08,01:16:02,4562,1,10,5,15
2018,12,4,1,9,5,2,0,-8.958,3,0110175CF7,0.5,09:34:06,10:55:19,01:21:13,4873,1,4,3,9
2018,12,4,1,9,5,2,0,-8.958,3,01103F64E9,-0.5,09:34:06,10:06:58,00:32:52,1972,1,12,1,3
2018,12,4,1,9,5,2,0,-8.958,3,01103F8EFA,-0.5,09:34:06,10:49:43,01:15:37,4537,1,25,12,36
2018,12,4,1,9,5,2,0,-8.958,3,0700EDC833,-0.5,09:34:06,10:50:23,01:16:17,4577,1,9,2,6
2018,12,4,1,10,3,1,2,-8.958,4,0110170AFD,-0.5,14:06:08,14:53:13,00:47:05,2825,1,8,3,9
2018,12,4,1,10,3,1,2,-8.958,4,01101726F2,-0.5,14:06:08,15:31:39,01:25:31,5131,1,14,6,18
2018,12,4,1,10,3,1,2,-8.958,4,01101740A4,0.5,14:06:08,15:37:34,01:31:26,5486,1,15,3,9
2018,12,4,1,10,3,1,2,-8.958,4,0110174E28,0.5,14:06:08,15:31:50,01:25:42,5142,1,13,6,18
2018,12,4,1,10,3,1,2,-8.958,4,01101760B3,-0.5,14:06:08,15:31:34,01:25:26,5126,1,7,5,15
2018,12,4,1,10,3,1,2,-8.958,4,01103F8837,0.5,14:06:08,16:58,02:51:52,10312,0,11,0,0
2018,12,4,1,10,3,1,2,-8.958,4,0700EDFB72,-0.5,14:06:08,15:43:53,01:37:45,5865,1,1,3,9
2018,12,4,1,14,0,2,0,-8.958,1,011016C36E,-0.5,11:05:53,11:26:32,00:20:39,1239,1,10,9,27
2018,12,4,1,14,0,2,0,-8.958,1,011016C68F,0.5,11:05:53,11:24:44,00:18:51,1131,1,25,4,12
2018,12,4,1,14,0,2,0,-8.958,1,011016F3FE,0.5,11:05:53,11:15:03,00:09:10,550,1,13,8,24
2018,12,4,1,14,0,2,0,-8.958,1,011016FB1C,-0.5,11:05:53,11:09:46,00:03:53,233,1,12,7,21
2018,12,4,1,14,0,2,0,-8.958,1,0110176382,0.5,11:05:53,11:09:22,00:03:29,209,1,6,1,3
2018,12,4,1,14,0,2,0,-8.958,1,01103F3AFB,-0.5,11:05:53,11:40:16,00:34:23,2063,1,17,5,15
2018,12,4,1,14,0,2,0,-8.958,1,01103F762C,-0.5,11:05:53,11:11:28,00:05:35,335,1,12,4,12
2018,12,4,1,14,0,2,0,-8.958,1,0700EDD67A,-0.5,11:05:53,11:07:12,00:01:19,79,1,27,18,54
2018,12,4,1,14,0,2,0,-8.958,1,0700EDFF45,-0.5,11:05:53,11:16:29,00:10:36,636,1,7,7,21
2018,12,4,1,14,0,2,0,-8.958,1,0700EE1699,-0.5,11:05:53,11:21:20,00:15:27,927,1,19,11,33
2018,12,6,1,2,0,1,0,-18.421,1,011016A271,0.5,14:06:02,14:08:38,00:02:36,156,1,10,7,21
2018,12,6,1,2,0,1,0,-18.421,1,011016B66E,-0.5,14:06:02,14:18:42,00:12:40,760,1,8,4,12
2018,12,6,1,2,0,1,0,-18.421,1,011016E03B,0.5,14:06:02,14:13:03,00:07:01,421,1,6,2,6
2018,12,6,1,2,0,1,0,-18.421,1,01101740A4,0.5,14:06:02,14:12:14,00:06:12,372,1,16,3,9
2018,12,6,1,2,0,1,0,-18.421,1,0110174E70,0.5,14:06:02,14:07:16,00:01:14,74,1,13,5,15
2018,12,6,1,2,0,1,0,-18.421,1,011017549A,-0.5,14:06:02,14:06:48,00:00:46,46,1,13,12,36
2018,12,6,1,2,0,1,0,-18.421,1,0110176BCA,0.5,14:06:02,14:22:48,00:16:46,1006,1,3,1,3
2018,12,6,1,2,0,1,0,-18.421,1,01103F517D,0.5,14:06:02,14:07:27,00:01:25,85,1,6,4,12
2018,12,6,1,2,0,1,0,-18.421,1,01103F8A41,0.5,14:06:02,14:11:15,00:05:13,313,1,13,7,21
2018,12,6,1,2,0,1,0,-18.421,1,0700EE0C37,-0.5,14:06:02,14:29:02,00:23:00,1380,1,10,10,30
2018,12,6,1,2,0,1,0,-18.421,1,0700EE1A91,-0.5,14:06:02,14:17:06,00:11:04,664,1,10,3,9
2018,12,6,1,9,0,1,5,-18.421,2,011016A962,0.5,11:05:54,11:14:38,00:08:44,524,1,6,4,12
2018,12,6,1,9,0,1,5,-18.421,2,0110170143,0.5,11:05:54,11:51:45,00:45:51,2751,1,19,2,6
2018,12,6,1,9,0,1,5,-18.421,2,0110172DEC,-0.5,11:05:54,11:10:48,00:04:54,294,1,5,2,6
2018,12,6,1,9,0,1,5,-18.421,2,0110175CF7,0.5,11:05:54,11:22:52,00:16:58,1018,1,3,2,6
2018,12,6,1,9,0,1,5,-18.421,2,01101765DB,0.5,11:05:54,11:26:28,00:20:34,1234,1,9,4,12
2018,12,6,1,9,0,1,5,-18.421,2,01103F64E9,-0.5,11:05:54,11:08:15,00:02:21,141,1,6,8,24
2018,12,6,1,9,0,1,5,-18.421,2,01103F8EFA,-0.5,11:05:54,11:07:56,00:02:02,122,1,52,13,39
2018,12,6,1,9,0,1,5,-18.421,2,0700EDC092,-0.5,11:05:54,11:08:47,00:02:53,173,1,11,8,24
2018,12,6,1,9,0,1,5,-18.421,2,0700EDC833,-0.5,11:05:54,11:08:59,00:03:05,185,1,3,3,9
2018,12,6,1,9,0,1,5,-18.421,2,0700EDCE8A,-0.5,11:05:54,11:13:43,00:07:49,469,1,19,5,15
2018,12,6,1,9,0,1,5,-18.421,2,0700EDD953,-0.5,11:05:54,11:11:14,00:05:20,320,1,32,5,15
2018,12,6,1,11,1,2,5,-18.421,4,011016A962,0.5,12:37:10,12:40:10,00:03:00,180,1,15,1,3
2018,12,6,1,11,1,2,5,-18.421,4,011016B3CE,-0.5,12:37:10,16:57,04:19:50,15590,0,7,0,0
2018,12,6,1,11,1,2,5,-18.421,4,011016F8BB,0.5,12:37:10,13:54:07,01:16:57,4617,1,7,5,15
2018,12,6,1,11,1,2,5,-18.421,4,0110174792,0.5,12:37:10,16:57,04:19:50,15590,0,16,0,0
2018,12,6,1,11,1,2,5,-18.421,4,0110175C91,-0.5,12:37:10,14:14:32,01:37:22,5842,1,8,6,18
2018,12,6,1,11,1,2,5,-18.421,4,0110175DA5,-0.5,12:37:10,16:57,04:19:50,15590,0,18,0,0
2018,12,6,1,11,1,2,5,-18.421,4,01101764FE,-0.5,12:37:10,12:41:32,00:04:22,262,1,27,1,3
2018,12,6,1,11,1,2,5,-18.421,4,01103F397C,-0.5,12:37:10,13:46:11,01:09:01,4141,1,19,12,36
2018,12,6,1,11,1,2,5,-18.421,4,01103F8710,-0.5,12:37:10,16:03:18,03:26:08,12368,1,3,8,24
2018,12,6,1,11,1,2,5,-18.421,4,0700EDC3AB,-0.5,12:37:10,12:39:15,00:02:05,125,1,9,1,3
2018,12,6,1,11,1,2,5,-18.421,4,0700EDD953,-0.5,12:37:10,16:57,04:19:50,15590,0,18,0,0
2018,12,6,1,11,1,2,5,-18.421,4,0700EE045D,0.5,12:37:10,14:06:05,01:28:55,5335,1,20,5,15
2018,12,6,1,11,1,2,5,-18.421,4,0700EE3271,-0.5,12:37:10,16:57,04:19:50,15590,0,15,0,0
2018,12,6,1,12,3,2,0,-18.421,3,011016B677,-0.5,09:36:52,11:15:28,01:38:36,5916,1,9,3,9
2018,12,6,1,12,3,2,0,-18.421,3,011016C021,0.5,09:36:52,11:15:26,01:38:34,5914,1,10,9,27
2018,12,6,1,12,3,2,0,-18.421,3,011016FBE0,-0.5,09:36:52,11:16:01,01:39:09,5949,1,11,5,15
2018,12,6,1,12,3,2,0,-18.421,3,0110170AFD,-0.5,09:36:52,16:56,07:19:08,26348,0,2,0,0
2018,12,6,1,12,3,2,0,-18.421,3,01101726F2,-0.5,09:36:52,14:28:20,04:51:28,17488,1,5,9,27
2018,12,6,1,12,3,2,0,-18.421,3,0110174792,0.5,09:36:52,10:58:59,01:22:07,4927,1,8,11,33
2018,12,6,1,12,3,2,0,-18.421,3,0110175DA5,-0.5,09:36:52,12:00:59,02:24:07,8647,1,8,7,21
2018,12,6,1,12,3,2,0,-18.421,3,01103F8710,-0.5,09:36:52,13:21:06,03:44:14,13454,1,14,7,21
2018,12,6,1,12,3,2,0,-18.421,3,01103F8837,0.5,09:36:52,10:13:20,00:36:28,2188,1,4,1,3
2018,12,6,1,12,3,2,0,-18.421,3,0700EE3271,-0.5,09:36:52,10:59:14,01:22:22,4942,1,9,8,24
2018,12,8,1,2,6,2,3,-16.946,4,011016A271,0.5,14:07:00,15:15:25,01:08:25,4105,1,8,11,33
2018,12,8,1,2,6,2,3,-16.946,4,011016B66E,-0.5,14:07:00,15:19:11,01:12:11,4331,1,4,7,21
2018,12,8,1,2,6,2,3,-16.946,4,011016E03B,0.5,14:07:00,15:15:28,01:08:28,4108,1,7,4,12
2018,12,8,1,2,6,2,3,-16.946,4,011016FFC0,-0.5,14:07:00,14:51:08,00:44:08,2648,1,11,7,21
2018,12,8,1,2,6,2,3,-16.946,4,0110174E70,0.5,14:07:00,15:12:50,01:05:50,3950,1,9,7,21
2018,12,8,1,2,6,2,3,-16.946,4,011017549A,-0.5,14:07:00,14:10:41,00:03:41,221,1,7,1,3
2018,12,8,1,2,6,2,3,-16.946,4,0110176BCA,0.5,14:07:00,15:15:58,01:08:58,4138,1,5,6,18
2018,12,8,1,2,6,2,3,-16.946,4,01103F7AAC,-0.5,14:07:00,14:26:41,00:19:41,1181,1,1,5,15
2018,12,8,1,2,6,2,3,-16.946,4,01103F8A41,0.5,14:07:00,14:14:37,00:07:37,457,1,13,1,3
2018,12,8,1,2,6,2,3,-16.946,4,0700EDE465,-0.5,14:07:00,16:56,02:49:00,10140,0,6,0,0
2018,12,8,1,2,6,2,3,-16.946,4,0700EE0C37,-0.5,14:07:00,15:19:57,01:12:57,4377,1,15,8,24
2018,12,8,1,2,6,2,3,-16.946,4,0700EE1A91,-0.5,14:07:00,16:16:20,02:09:20,7760,1,16,7,21
2018,12,8,1,4,6,1,0,-16.946,3,011016E0DD,-0.5,12:34:37,13:54:24,01:19:47,4787,1,11,8,24
2018,12,8,1,4,6,1,0,-16.946,3,0110171BB9,-0.5,12:34:37,13:53:43,01:19:06,4746,1,7,6,18
2018,12,8,1,4,6,1,0,-16.946,3,0110172AD5,-0.5,12:34:37,14:22:20,01:47:43,6463,1,5,7,21
2018,12,8,1,4,6,1,0,-16.946,3,01103F7AAC,-0.5,12:34:37,13:38:24,01:03:47,3827,1,3,5,15
2018,12,8,1,4,6,1,0,-16.946,3,0700EDB1E3,0.5,12:34:37,15:11:02,02:36:25,9385,1,3,8,24
2018,12,8,1,4,6,1,0,-16.946,3,0700EDE465,-0.5,12:34:37,14:03:49,01:29:12,5352,1,4,5,15
2018,12,8,1,4,6,1,0,-16.946,3,0700EE12FE,0.5,12:34:37,13:52:48,01:18:11,4691,1,9,2,6
2018,12,8,1,4,6,1,0,-16.946,3,0700EE194E,-0.5,12:34:37,13:54:37,01:20:00,4800,1,17,7,21
2018,12,8,1,4,6,1,0,-16.946,3,0700EE2D57,0.5,12:34:37,13:55:43,01:21:06,4866,1,10,6,18
2018,12,8,1,4,6,1,0,-16.946,3,0700EE4009,-0.5,12:34:37,13:57:51,01:23:14,4994,1,8,4,12
2018,12,8,1,10,0,1,5,-16.946,2,0110170AFD,-0.5,11:07:40,11:11:02,00:03:22,202,1,17,9,27
2018,12,8,1,10,0,1,5,-16.946,2,01101726F2,-0.5,11:07:40,14:44:04,03:36:24,12984,1,11,11,33
2018,12,8,1,10,0,1,5,-16.946,2,01101740A4,0.5,11:07:40,11:09:43,00:02:03,123,1,12,10,30
2018,12,8,1,10,0,1,5,-16.946,2,0110174E28,0.5,11:07:40,11:41:08,00:33:28,2008,1,31,3,9
2018,12,8,1,10,0,1,5,-16.946,2,01101760B3,-0.5,11:07:40,11:12:55,00:05:15,315,1,9,2,6
2018,12,8,1,10,0,1,5,-16.946,2,01103F517D,0.5,11:07:40,11:12:04,00:04:24,264,1,11,1,3
2018,12,8,1,10,0,1,5,-16.946,2,0700EDFB72,-0.5,11:07:40,11:13:22,00:05:42,342,1,11,2,6
2018,12,8,1,16,0,1,0,-16.946,1,011016C37F,0.5,09:35:24,10:06:44,00:31:20,1880,1,7,2,6
2018,12,8,1,16,0,1,0,-16.946,1,011016DD7C,-0.5,09:35:24,10:11:26,00:36:02,2162,1,1,7,21
2018,12,8,1,16,0,1,0,-16.946,1,011016E17D,0.5,09:35:24,10:02:13,00:26:49,1609,1,7,6,18
2018,12,8,1,16,0,1,0,-16.946,1,011017172F,0.5,09:35:24,09:55:06,00:19:42,1182,1,6,16,48
2018,12,8,1,16,0,1,0,-16.946,1,01103F6EC3,-0.5,09:35:24,10:51:37,01:16:13,4573,1,9,13,39
2018,12,8,1,16,0,1,0,-16.946,1,01103F8556,-0.5,09:35:24,10:08:19,00:32:55,1975,1,10,9,27
2018,12,10,1,4,0,2,0,-3.154,1,011016E0DD,-0.5,12:33:46,12:37:32,00:03:46,226,1,19,6,18
2018,12,10,1,4,0,2,0,-3.154,1,0110170143,0.5,12:33:46,16:56,04:22:14,15734,0,9,0,0
2018,12,10,1,4,0,2,0,-3.154,1,0110171BB9,-0.5,12:33:46,12:49:47,00:16:01,961,1,15,7,21
2018,12,10,1,4,0,2,0,-3.154,1,01101765DB,0.5,12:33:46,14:31:02,01:57:16,7036,1,5,5,15
2018,12,10,1,4,0,2,0,-3.154,1,01103F8F8D,0.5,12:33:46,13:01:18,00:27:32,1652,1,10,3,9
2018,12,10,1,4,0,2,0,-3.154,1,0700EDB1E3,0.5,12:33:46,12:38:21,00:04:35,275,1,1,3,9
2018,12,10,1,4,0,2,0,-3.154,1,0700EDC092,-0.5,12:33:46,16:56,04:22:14,15734,0,6,0,0
2018,12,10,1,4,0,2,0,-3.154,1,0700EDCE8A,-0.5,12:33:46,16:15:02,03:41:16,13276,1,5,9,27
2018,12,10,1,4,0,2,0,-3.154,1,0700EE194E,-0.5,12:33:46,12:38:09,00:04:23,263,1,9,6,18
2018,12,10,1,4,0,2,0,-3.154,1,0700EE2D57,0.5,12:33:46,13:03:40,00:29:54,1794,1,10,2,6
2018,12,10,1,4,0,2,0,-3.154,1,0700EE4009,-0.5,12:33:46,13:12:40,00:38:54,2334,1,10,1,3
2018,12,10,1,11,0,2,4,-3.154,2,011016F8BB,0.5,11:04:53,11:07:49,00:02:56,176,1,11,3,9
2018,12,10,1,11,0,2,4,-3.154,2,0110175C91,-0.5,11:04:53,11:06:51,00:01:58,118,1,11,6,18
2018,12,10,1,11,0,2,4,-3.154,2,01101764FE,-0.5,11:04:53,11:12:15,00:07:22,442,1,18,2,6
2018,12,10,1,11,0,2,4,-3.154,2,01103F397C,-0.5,11:04:53,11:42:21,00:37:28,2248,1,11,4,12
2018,12,10,1,11,0,2,4,-3.154,2,0700EDC3AB,-0.5,11:04:53,11:07:18,00:02:25,145,1,18,2,6
2018,12,10,1,11,0,2,4,-3.154,2,0700EE045D,0.5,11:04:53,11:05:48,00:00:55,55,1,12,2,6
2018,12,10,1,12,5,1,5,-3.154,4,011016B677,-0.5,14:06:52,15:18:45,01:11:53,4313,1,16,4,12
2018,12,10,1,12,5,1,5,-3.154,4,011016C021,0.5,14:06:52,14:42:54,00:36:02,2162,1,15,3,9
2018,12,10,1,12,5,1,5,-3.154,4,011016FBE0,-0.5,14:06:52,15:15:35,01:08:43,4123,1,18,8,24
2018,12,10,1,12,5,1,5,-3.154,4,0110174792,0.5,14:06:52,15:16:31,01:09:39,4179,1,13,11,33
2018,12,10,1,12,5,1,5,-3.154,4,0110175DA5,-0.5,14:06:52,15:19:59,01:13:07,4387,1,20,4,12
2018,12,10,1,12,5,1,5,-3.154,4,01103F8710,-0.5,14:06:52,16:56,02:49:08,10148,0,7,0,0
2018,12,10,1,12,5,1,5,-3.154,4,01103F8837,0.5,14:06:52,16:21:38,02:14:46,8086,1,5,3,9
2018,12,10,1,12,5,1,5,-3.154,4,0700EE3271,-0.5,14:06:52,15:18:13,01:11:21,4281,1,20,8,24
2018,12,10,1,16,4,2,0,-3.154,3,011016C37F,0.5,09:35:45,10:52:38,01:16:53,4613,1,6,2,6
2018,12,10,1,16,4,2,0,-3.154,3,011016DD7C,-0.5,09:35:45,12:00:48,02:25:03,8703,1,9,6,18
2018,12,10,1,16,4,2,0,-3.154,3,011016E17D,0.5,09:35:45,10:45:03,01:09:18,4158,1,6,5,15
2018,12,10,1,16,4,2,0,-3.154,3,011017172F,0.5,09:35:45,09:45:49,00:10:04,604,1,8,4,12
2018,12,10,1,16,4,2,0,-3.154,3,01103F8556,-0.5,09:35:45,09:46:56,00:11:11,671,1,5,3,9
2018,12,10,1,16,4,2,0,-3.154,3,0700ED97B7,0.5,09:35:45,12:05:05,02:29:20,8960,1,6,5,15
2018,12,12,1,4,6,1,3,-2.321,4,011016E0DD,-0.5,12:35:27,14:05:30,01:30:03,5403,1,9,4,12
2018,12,12,1,4,6,1,3,-2.321,4,01101765DB,0.5,12:35:27,15:00:37,02:25:10,8710,1,4,5,15
2018,12,12,1,4,6,1,3,-2.321,4,0700EDE465,-0.5,12:35:27,14:40:00,02:04:33,7473,1,5,7,21
2018,12,12,1,4,6,1,3,-2.321,4,0700EE194E,-0.5,12:35:27,13:45:54,01:10:27,4227,1,13,4,12
2018,12,12,1,4,6,1,3,-2.321,4,0700EE4009,-0.5,12:35:27,13:42:36,01:07:09,4029,1,6,5,15
2018,12,12,1,10,0,1,0,-2.321,1,01101726F2,-0.5,14:06:56,14:10:18,00:03:22,202,1,17,11,33
2018,12,12,1,10,0,1,0,-2.321,1,01101740A4,0.5,14:06:56,14:13:19,00:06:23,383,1,49,8,24
2018,12,12,1,10,0,1,0,-2.321,1,0110174E28,0.5,14:06:56,14:11:58,00:05:02,302,1,11,3,9
2018,12,12,1,10,0,1,0,-2.321,1,0110174E70,0.5,14:06:56,14:08:42,00:01:46,106,1,9,3,9
2018,12,12,1,10,0,1,0,-2.321,1,01101760B3,-0.5,14:06:56,14:09:20,00:02:24,144,1,12,5,15
2018,12,12,1,10,0,1,0,-2.321,1,01103F517D,0.5,14:06:56,14:13:50,00:06:54,414,1,9,2,6
2018,12,12,1,10,0,1,0,-2.321,1,01103F8837,0.5,14:06:56,14:12:41,00:05:45,345,1,4,5,15
2018,12,12,1,10,0,1,0,-2.321,1,0700EDFB72,-0.5,14:06:56,14:08:13,00:01:17,77,1,4,4,12
2018,12,12,1,14,2,1,0,-2.321,3,011016C36E,-0.5,11:05:36,12:42:39,01:37:03,5823,1,10,7,21
2018,12,12,1,14,2,1,0,-2.321,3,011016C68F,0.5,11:05:36,13:22:46,02:17:10,8230,1,5,8,24
2018,12,12,1,14,2,1,0,-2.321,3,011016F3FE,0.5,11:05:36,11:50:01,00:44:25,2665,1,6,2,6
2018,12,12,1,14,2,1,0,-2.321,3,011016FB1C,-0.5,11:05:36,11:34:18,00:28:42,1722,1,16,1,3
2018,12,12,1,14,2,1,0,-2.321,3,0110176382,0.5,11:05:36,13:07:08,02:01:32,7292,1,10,7,21
2018,12,12,1,14,2,1,0,-2.321,3,01103F762C,-0.5,11:05:36,12:35:47,01:30:11,5411,1,22,6,18
2018,12,12,1,14,2,1,0,-2.321,3,0700EDD67A,-0.5,11:05:36,11:46:12,00:40:36,2436,1,41,5,15
2018,12,12,1,14,2,1,0,-2.321,3,0700EDFF45,-0.5,11:05:36,11:20:14,00:14:38,878,1,3,2,6
2018,12,12,1,14,2,1,0,-2.321,3,0700EE1699,-0.5,11:05:36,11:55:20,00:49:44,2984,1,12,11,33
2018,12,12,1,16,0,2,1,-2.321,2,011016C37F,0.5,09:36:19,10:55:46,01:19:27,4767,1,12,7,21
2018,12,12,1,16,0,2,1,-2.321,2,011016E17D,0.5,09:36:19,09:40:44,00:04:25,265,1,6,3,9
2018,12,12,1,16,0,2,1,-2.321,2,011017172F,0.5,09:36:19,09:40:12,00:03:53,233,1,9,4,12
2018,12,12,1,16,0,2,1,-2.321,2,01103F8556,-0.5,09:36:19,10:06:20,00:30:01,1801,1,10,5,15
2018,12,12,1,16,0,2,1,-2.321,2,0700ED97B7,0.5,09:36:19,11:09:59,01:33:40,5620,1,9,5,15
2018,12,14,1,10,3,2,0,-0.079,3,0110170AFD,-0.5,09:37:55,10:02:08,00:24:13,1453,1,4,17,51
2018,12,14,1,10,3,2,0,-0.079,3,01101740A4,0.5,09:37:55,09:57:55,00:20:00,1200,1,5,1,3
2018,12,14,1,10,3,2,0,-0.079,3,0110174E28,0.5,09:37:55,10:24:35,00:46:40,2800,1,10,2,6
2018,12,14,1,10,3,2,0,-0.079,3,01101760B3,-0.5,09:37:55,10:46:01,01:08:06,4086,1,6,4,12
2018,12,14,1,10,3,2,0,-0.079,3,0700EDFB72,-0.5,09:37:55,10:40:04,01:02:09,3729,1,6,5,15
2018,12,14,1,11,0,2,0,-0.079,1,011016A962,0.5,14:06:49,14:08:19,00:01:30,90,1,8,5,15
2018,12,14,1,11,0,2,0,-0.079,1,011016F8BB,0.5,14:06:49,14:26:00,00:19:11,1151,1,11,3,9
2018,12,14,1,11,0,2,0,-0.079,1,0110175C91,-0.5,14:06:49,14:24:41,00:17:52,1072,1,14,5,15
2018,12,14,1,11,0,2,0,-0.079,1,0110175CF7,0.5,14:06:49,15:17:46,01:10:57,4257,1,3,4,12
2018,12,14,1,11,0,2,0,-0.079,1,01101764FE,-0.5,14:06:49,14:25:17,00:18:28,1108,1,20,5,15
2018,12,14,1,11,0,2,0,-0.079,1,01103F397C,-0.5,14:06:49,14:49:09,00:42:20,2540,1,4,9,27
2018,12,14,1,11,0,2,0,-0.079,1,01103F8710,-0.5,14:06:49,14:24:18,00:17:29,1049,1,7,5,15
2018,12,14,1,11,0,2,0,-0.079,1,0700EDC3AB,-0.5,14:06:49,14:27:48,00:20:59,1259,1,10,3,9
2018,12,14,1,11,0,2,0,-0.079,1,0700EDD953,-0.5,14:06:49,16:56,02:49:11,10151,0,6,0,0
2018,12,14,1,11,0,2,0,-0.079,1,0700EE045D,0.5,14:06:49,14:10:57,00:04:08,248,1,13,6,18
2018,12,14,1,12,0,2,8,-0.079,2,011016B677,-0.5,11:08:33,11:10:31,00:01:58,118,1,8,4,12
2018,12,14,1,12,0,2,8,-0.079,2,011016C021,0.5,11:08:33,11:10:51,00:02:18,138,1,14,8,24
2018,12,14,1,12,0,2,8,-0.079,2,011016FBE0,-0.5,11:08:33,11:11:24,00:02:51,171,1,5,7,21
2018,12,14,1,12,0,2,8,-0.079,2,0110174792,0.5,11:08:33,11:27:03,00:18:30,1110,1,12,4,12
2018,12,14,1,12,0,2,8,-0.079,2,0110175DA5,-0.5,11:08:33,11:25:16,00:16:43,1003,1,15,2,6
2018,12,14,1,12,0,2,8,-0.079,2,01103F8837,0.5,11:08:33,11:47:39,00:39:06,2346,1,4,3,9
2018,12,14,1,12,0,2,8,-0.079,2,0700EE3271,-0.5,11:08:33,11:28:47,00:20:14,1214,1,8,1,3
2018,12,14,1,14,1,2,8,-0.079,4,011016C36E,-0.5,12:36:12,12:38:16,00:02:04,124,1,7,2,6
2018,12,14,1,14,1,2,8,-0.079,4,011016C68F,0.5,12:36:12,13:48:29,01:12:17,4337,1,8,6,18
2018,12,14,1,14,1,2,8,-0.079,4,011016F3FE,0.5,12:36:12,12:58:53,00:22:41,1361,1,17,1,3
2018,12,14,1,14,1,2,8,-0.079,4,011016FB1C,-0.5,12:36:12,14:16:00,01:39:48,5988,1,6,12,36
2018,12,14,1,14,1,2,8,-0.079,4,0110176382,0.5,12:36:12,15:32:47,02:56:35,10595,1,4,4,12
2018,12,14,1,14,1,2,8,-0.079,4,01103F3AFB,-0.5,12:36:12,13:20:09,00:43:57,2637,1,8,1,3
2018,12,14,1,14,1,2,8,-0.079,4,01103F762C,-0.5,12:36:12,13:42:15,01:06:03,3963,1,11,11,33
2018,12,14,1,14,1,2,8,-0.079,4,0700EDD67A,-0.5,12:36:12,12:43:40,00:07:28,448,1,18,2,6
2018,12,14,1,14,1,2,8,-0.079,4,0700EDFF45,-0.5,12:36:12,15:23:39,02:47:27,10047,1,14,13,39
2018,12,14,1,14,1,2,8,-0.079,4,0700EE1699,-0.5,12:36:12,12:45:05,00:08:53,533,1,14,10,30
2018,12,16,1,2,4,1,0,-9.15,3,011016A271,0.5,09:36:43,11:58:45,02:22:02,8522,1,6,3,9
2018,12,16,1,2,4,1,0,-9.15,3,011016B66E,-0.5,09:36:43,10:40:52,01:04:09,3849,1,7,4,12
2018,12,16,1,2,4,1,0,-9.15,3,011016E03B,0.5,09:36:43,10:08:19,00:31:36,1896,1,9,6,18
2018,12,16,1,2,4,1,0,-9.15,3,0110174E70,0.5,09:36:43,10:09:40,00:32:57,1977,1,8,3,9
2018,12,16,1,2,4,1,0,-9.15,3,011017549A,-0.5,09:36:43,09:40:25,00:03:42,222,1,7,7,21
2018,12,16,1,2,4,1,0,-9.15,3,0110176BCA,0.5,09:36:43,09:38:53,00:02:10,130,1,1,1,3
2018,12,16,1,2,4,1,0,-9.15,3,01103F517D,0.5,09:36:43,12:42:36,03:05:53,11153,1,6,6,18
2018,12,16,1,2,4,1,0,-9.15,3,01103F7AAC,-0.5,09:36:43,10:06:29,00:29:46,1786,1,6,6,18
2018,12,16,1,2,4,1,0,-9.15,3,01103F8A41,0.5,09:36:43,10:40:24,01:03:41,3821,1,4,4,12
2018,12,16,1,2,4,1,0,-9.15,3,0700EDD987,-0.5,09:36:43,09:56:46,00:20:03,1203,1,5,1,3
2018,12,16,1,2,4,1,0,-9.15,3,0700EDE465,-0.5,09:36:43,12:24:22,02:47:39,10059,1,6,1,3
2018,12,16,1,2,4,1,0,-9.15,3,0700EE0C37,-0.5,09:36:43,10:46:39,01:09:56,4196,1,3,5,15
2018,12,16,1,2,4,1,0,-9.15,3,0700EE1A91,-0.5,09:36:43,11:00:13,01:23:30,5010,1,8,7,21
2018,12,16,1,9,0,2,0,-9.15,1,011016A962,0.5,12:34:21,13:07:06,00:32:45,1965,1,18,4,12
2018,12,16,1,9,0,2,0,-9.15,1,0110170143,0.5,12:34:21,13:06:06,00:31:45,1905,1,23,6,18
2018,12,16,1,9,0,2,0,-9.15,1,0110171BB9,-0.5,12:34:21,13:10:04,00:35:43,2143,1,8,4,12
2018,12,16,1,9,0,2,0,-9.15,1,0110172DEC,-0.5,12:34:21,13:03:36,00:29:15,1755,1,5,4,12
2018,12,16,1,9,0,2,0,-9.15,1,01101765DB,0.5,12:34:21,12:56:20,00:21:59,1319,1,9,3,9
2018,12,16,1,9,0,2,0,-9.15,1,01103F64E9,-0.5,12:34:21,12:51:13,00:16:52,1012,1,5,5,15
2018,12,16,1,9,0,2,0,-9.15,1,01103F8710,-0.5,12:34:21,12:50:59,00:16:38,998,1,5,4,12
2018,12,16,1,9,0,2,0,-9.15,1,01103F8EFA,-0.5,12:34:21,12:51:03,00:16:42,1002,1,23,8,24
2018,12,16,1,9,0,2,0,-9.15,1,0700EDC092,-0.5,12:34:21,13:03:11,00:28:50,1730,1,7,2,6
2018,12,16,1,9,0,2,0,-9.15,1,0700EDC3AB,-0.5,12:34:21,16:57,04:22:39,15759,0,2,0,0
2018,12,16,1,9,0,2,0,-9.15,1,0700EDC833,-0.5,12:34:21,12:50:44,00:16:23,983,1,2,4,12
2018,12,16,1,9,0,2,0,-9.15,1,0700EDCE8A,-0.5,12:34:21,13:05:02,00:30:41,1841,1,15,5,15
2018,12,16,1,9,0,2,0,-9.15,1,0700EDD953,-0.5,12:34:21,16:56,04:21:39,15699,0,10,0,0
2018,12,16,1,14,0,1,7,-9.15,2,011016FB1C,-0.5,11:04:46,11:14:06,00:09:20,560,1,9,10,30
2018,12,16,1,14,0,1,7,-9.15,2,0700EDD67A,-0.5,11:04:46,11:06:33,00:01:47,107,1,14,7,21
2018,12,16,1,14,0,1,7,-9.15,2,0700EE1699,-0.5,11:04:46,11:51:13,00:46:27,2787,1,15,17,51
2018,12,16,1,16,5,1,2,-9.15,4,011016C37F,0.5,14:07:05,15:29:47,01:22:42,4962,1,16,7,21
2018,12,16,1,16,5,1,2,-9.15,4,011016DD7C,-0.5,14:07:05,15:28:15,01:21:10,4870,1,14,16,48
2018,12,16,1,16,5,1,2,-9.15,4,011016E17D,0.5,14:07:05,15:29:22,01:22:17,4937,1,9,4,12
2018,12,16,1,16,5,1,2,-9.15,4,011017172F,0.5,14:07:05,14:32:06,00:25:01,1501,1,25,6,18
2018,12,16,1,16,5,1,2,-9.15,4,01103F8556,-0.5,14:07:05,14:34:40,00:27:35,1655,1,13,1,3
2018,12,16,1,16,5,1,2,-9.15,4,0700ED97B7,0.5,14:07:05,15:29:44,01:22:39,4959,1,15,6,18
2018,12,18,1,4,0,1,2,-4.758,2,011016E0DD,-0.5,09:38:25,09:50:27,00:12:02,722,1,7,4,12
2018,12,18,1,4,0,1,2,-4.758,2,0110170143,0.5,09:38:25,15:22:33,05:44:08,20648,1,5,7,21
2018,12,18,1,4,0,1,2,-4.758,2,0110172AD5,-0.5,09:38:25,10:16:02,00:37:37,2257,1,4,2,6
2018,12,18,1,4,0,1,2,-4.758,2,01101765DB,0.5,09:38:25,15:01:35,05:23:10,19390,1,5,4,12
2018,12,18,1,4,0,1,2,-4.758,2,01103F7AAC,-0.5,09:38:25,10:00:20,00:21:55,1315,1,5,5,15
2018,12,18,1,4,0,1,2,-4.758,2,0700EDB1E3,0.5,09:38:25,09:50:03,00:11:38,698,1,4,2,6
2018,12,18,1,4,0,1,2,-4.758,2,0700EDC092,-0.5,09:38:25,15:04:02,05:25:37,19537,1,6,6,18
2018,12,18,1,4,0,1,2,-4.758,2,0700EDCE8A,-0.5,09:38:25,15:01:12,05:22:47,19367,1,6,9,27
2018,12,18,1,4,0,1,2,-4.758,2,0700EDE465,-0.5,09:38:25,09:59:46,00:21:21,1281,1,4,5,15
2018,12,18,1,4,0,1,2,-4.758,2,0700EE12FE,0.5,09:38:25,12:55:30,03:17:05,11825,1,5,6,18
2018,12,18,1,4,0,1,2,-4.758,2,0700EE194E,-0.5,09:38:25,09:46:52,00:08:27,507,1,8,5,15
2018,12,18,1,9,4,1,6,-4.758,4,0110170143,0.5,14:05:13,16:56,02:50:47,10247,0,14,0,0
2018,12,18,1,9,4,1,6,-4.758,4,0110172DEC,-0.5,14:05:13,15:09:52,01:04:39,3879,1,9,4,12
2018,12,18,1,9,4,1,6,-4.758,4,0110175CF7,0.5,14:05:13,15:08:24,01:03:11,3791,1,4,7,21
2018,12,18,1,9,4,1,6,-4.758,4,01101765DB,0.5,14:05:13,16:56,02:50:47,10247,0,10,0,0
2018,12,18,1,9,4,1,6,-4.758,4,01103F64E9,-0.5,14:05:13,14:06:07,00:00:54,54,1,7,12,36
2018,12,18,1,9,4,1,6,-4.758,4,01103F8710,-0.5,14:05:13,16:56,02:50:47,10247,0,7,0,0
2018,12,18,1,9,4,1,6,-4.758,4,01103F8EFA,-0.5,14:05:13,14:24:58,00:19:45,1185,1,7,1,3
2018,12,18,1,9,4,1,6,-4.758,4,0700EDC092,-0.5,14:05:13,16:56,02:50:47,10247,0,12,0,0
2018,12,18,1,9,4,1,6,-4.758,4,0700EDC833,-0.5,14:05:13,14:08:13,00:03:00,180,1,6,5,15
2018,12,18,1,9,4,1,6,-4.758,4,0700EDCE8A,-0.5,14:05:13,16:56,02:50:47,10247,0,21,0,0
2018,12,18,1,11,2,2,0,-4.758,3,011016A962,0.5,12:38:32,13:22:02,00:43:30,2610,1,4,10,30
2018,12,18,1,11,2,2,0,-4.758,3,011016F8BB,0.5,12:38:32,14:41:23,02:02:51,7371,1,3,5,15
2018,12,18,1,11,2,2,0,-4.758,3,0110170AFD,-0.5,12:38:32,16:56,04:17:28,15448,0,7,0,0
2018,12,18,1,11,2,2,0,-4.758,3,0110175C91,-0.5,12:38:32,13:21:47,00:43:15,2595,1,6,4,12
2018,12,18,1,11,2,2,0,-4.758,3,0110175CF7,0.5,12:38:32,16:56,04:17:28,15448,0,9,0,0
2018,12,18,1,11,2,2,0,-4.758,3,01101764FE,-0.5,12:38:32,12:51:10,00:12:38,758,1,39,9,27
2018,12,18,1,11,2,2,0,-4.758,3,01103F397C,-0.5,12:38:32,13:52:01,01:13:29,4409,1,14,12,36
2018,12,18,1,11,2,2,0,-4.758,3,01103F8710,-0.5,12:38:32,14:57:57,02:19:25,8365,1,5,12,36
2018,12,18,1,11,2,2,0,-4.758,3,0700EDC3AB,-0.5,12:38:32,13:02:36,00:24:04,1444,1,4,5,15
2018,12,18,1,11,2,2,0,-4.758,3,0700EE045D,0.5,12:38:32,12:49:47,00:11:15,675,1,11,4,12
2018,12,18,1,12,0,1,0,-4.758,1,011016B677,-0.5,11:07:50,11:14:28,00:06:38,398,1,3,8,24
2018,12,18,1,12,0,1,0,-4.758,1,011016C021,0.5,11:07:50,11:14:02,00:06:12,372,1,9,14,42
2018,12,18,1,12,0,1,0,-4.758,1,011016FBE0,-0.5,11:07:50,11:17:01,00:09:11,551,1,1,5,15
2018,12,18,1,12,0,1,0,-4.758,1,0110174792,0.5,11:07:50,11:09:08,00:01:18,78,1,28,9,27
2018,12,18,1,12,0,1,0,-4.758,1,0110175DA5,-0.5,11:07:50,11:17:19,00:09:29,569,1,13,17,51
2018,12,18,1,12,0,1,0,-4.758,1,01103F8837,0.5,11:07:50,11:08:44,00:00:54,54,1,14,16,48
2018,12,18,1,12,0,1,0,-4.758,1,0700EE3271,-0.5,11:07:50,11:24:49,00:16:59,1019,1,14,6,18
2018,12,28,2,2,0,1,0,-8.667,1,011016A271,0.5,09:38:02,10:01:25,00:23:23,1403,1,13,9,27
2018,12,28,2,2,0,1,0,-8.667,1,011016B66E,-0.5,09:38:02,10:00:04,00:22:02,1322,1,5,3,9
2018,12,28,2,2,0,1,0,-8.667,1,011016E03B,0.5,09:38:02,11:26:01,01:47:59,6479,1,8,9,27
2018,12,28,2,2,0,1,0,-8.667,1,0110174E70,0.5,09:38:02,09:45:20,00:07:18,438,1,8,4,12
2018,12,28,2,2,0,1,0,-8.667,1,011017549A,-0.5,09:38:02,09:47:04,00:09:02,542,1,1,11,33
2018,12,28,2,2,0,1,0,-8.667,1,0110176BCA,0.5,09:38:02,10:02:51,00:24:49,1489,1,1,3,9
2018,12,28,2,2,0,1,0,-8.667,1,01103F517D,0.5,09:38:02,09:42:02,00:04:00,240,1,5,7,21
2018,12,28,2,2,0,1,0,-8.667,1,01103F8A41,0.5,09:38:02,09:51:39,00:13:37,817,1,12,8,24
2018,12,28,2,2,0,1,0,-8.667,1,0700EDD987,-0.5,09:38:02,09:40:41,00:02:39,159,1,6,3,9
2018,12,28,2,2,0,1,0,-8.667,1,0700EE1A91,-0.5,09:38:02,10:15:54,00:37:52,2272,1,19,12,36
2018,12,28,2,10,0,1,5,-8.667,2,0110174E28,0.5,14:09:40,14:40:56,00:31:16,1876,1,12,2,6
2018,12,28,2,10,0,1,5,-8.667,2,01101760B3,-0.5,14:09:40,14:13:02,00:03:22,202,1,5,3,9
2018,12,28,2,10,0,1,5,-8.667,2,0700EDFB72,-0.5,14:09:40,14:31:57,00:22:17,1337,1,9,3,9
2018,12,28,2,12,5,2,0,-8.667,3,011016B677,-0.5,11:09:27,11:23:44,00:14:17,857,1,17,7,21
2018,12,28,2,12,5,2,0,-8.667,3,011016C021,0.5,11:09:27,11:10:46,00:01:19,79,1,21,10,30
2018,12,28,2,12,5,2,0,-8.667,3,011016FBE0,-0.5,11:09:27,11:17:45,00:08:18,498,1,8,4,12
2018,12,28,2,12,5,2,0,-8.667,3,0110174792,0.5,11:09:27,11:10:38,00:01:11,71,1,22,8,24
2018,12,28,2,12,5,2,0,-8.667,3,0110175DA5,-0.5,11:09:27,12:38:08,01:28:41,5321,1,15,10,30
2018,12,28,2,12,5,2,0,-8.667,3,01101764FE,-0.5,11:09:27,17:03,05:53:33,21213,0,25,0,0
2018,12,28,2,12,5,2,0,-8.667,3,01103F8837,0.5,11:09:27,13:01:17,01:51:50,6710,1,10,8,24
2018,12,28,2,12,5,2,0,-8.667,3,0700EDCE8A,-0.5,11:09:27,17:03,05:53:33,21213,0,8,0,0
2018,12,28,2,12,5,2,0,-8.667,3,0700EE3271,-0.5,11:09:27,12:38:14,01:28:47,5327,1,9,6,18
2018,12,28,2,14,1,2,5,-8.667,4,011016C36E,-0.5,12:35:57,12:46:44,00:10:47,647,1,7,4,12
2018,12,28,2,14,1,2,5,-8.667,4,011016C68F,0.5,12:35:57,13:44:31,01:08:34,4114,1,5,4,12
2018,12,28,2,14,1,2,5,-8.667,4,011016F3FE,0.5,12:35:57,13:56:31,01:20:34,4834,1,5,5,15
2018,12,28,2,14,1,2,5,-8.667,4,011016FB1C,-0.5,12:35:57,12:40:23,00:04:26,266,1,27,1,3
2018,12,28,2,14,1,2,5,-8.667,4,01101726F2,-0.5,12:35:57,12:52:13,00:16:16,976,1,22,11,33
2018,12,28,2,14,1,2,5,-8.667,4,0110176382,0.5,12:35:57,12:39:48,00:03:51,231,1,6,2,6
2018,12,28,2,14,1,2,5,-8.667,4,01103F3AFB,-0.5,12:35:57,13:25:37,00:49:40,2980,1,13,5,15
2018,12,28,2,14,1,2,5,-8.667,4,01103F762C,-0.5,12:35:57,14:31:30,01:55:33,6933,1,13,10,30
2018,12,28,2,14,1,2,5,-8.667,4,01103F8837,0.5,12:35:57,12:40:14,00:04:17,257,1,8,2,6
2018,12,28,2,14,1,2,5,-8.667,4,0700EDD67A,-0.5,12:35:57,12:40:39,00:04:42,282,1,38,5,15
2018,12,28,2,14,1,2,5,-8.667,4,0700EDFF45,-0.5,12:35:57,12:52:57,00:17:00,1020,1,11,4,12
2018,12,28,2,14,1,2,5,-8.667,4,0700EE1699,-0.5,12:35:57,12:49:40,00:13:43,823,1,7,14,42
2018,12,30,2,2,0,2,7,-13.487,2,011016A271,0.5,12:36:49,12:55:36,00:18:47,1127,1,16,10,30
2018,12,30,2,2,0,2,7,-13.487,2,011016B66E,-0.5,12:36:49,13:28:31,00:51:42,3102,1,5,4,12
2018,12,30,2,2,0,2,7,-13.487,2,011016E03B,0.5,12:36:49,12:47:16,00:10:27,627,1,7,1,3
2018,12,30,2,2,0,2,7,-13.487,2,01101740A4,0.5,12:36:49,12:46:45,00:09:56,596,1,16,5,15
2018,12,30,2,2,0,2,7,-13.487,2,0110174E70,0.5,12:36:49,12:39:30,00:02:41,161,1,9,2,6
2018,12,30,2,2,0,2,7,-13.487,2,011017549A,-0.5,12:36:49,12:46:25,00:09:36,576,1,10,2,6
2018,12,30,2,2,0,2,7,-13.487,2,0110176BCA,0.5,12:36:49,13:04:12,00:27:23,1643,1,1,1,3
2018,12,30,2,2,0,2,7,-13.487,2,01103F517D,0.5,12:36:49,12:40:30,00:03:41,221,1,5,4,12
2018,12,30,2,2,0,2,7,-13.487,2,01103F7AAC,-0.5,12:36:49,12:39:15,00:02:26,146,1,13,4,12
2018,12,30,2,2,0,2,7,-13.487,2,01103F8A41,0.5,12:36:49,13:00:19,00:23:30,1410,1,12,2,6
2018,12,30,2,2,0,2,7,-13.487,2,0700EDD987,-0.5,12:36:49,12:39:49,00:03:00,180,1,12,4,12
2018,12,30,2,2,0,2,7,-13.487,2,0700EE0C37,-0.5,12:36:49,12:59:42,00:22:53,1373,1,6,6,18
2018,12,30,2,2,0,2,7,-13.487,2,0700EE1A91,-0.5,12:36:49,12:42:55,00:06:06,366,1,9,8,24
2018,12,30,2,4,6,1,2,-13.487,4,011016E0DD,-0.5,11:08:33,12:16:04,01:07:31,4051,1,12,4,12
2018,12,30,2,4,6,1,2,-13.487,4,0110172AD5,-0.5,11:08:33,12:19:05,01:10:32,4232,1,9,5,15
2018,12,30,2,4,6,1,2,-13.487,4,01103F7AAC,-0.5,11:08:33,13:15:33,02:07:00,7620,1,7,8,24
2018,12,30,2,4,6,1,2,-13.487,4,01103F8F8D,0.5,11:08:33,12:35:40,01:27:07,5227,1,1,8,24
2018,12,30,2,4,6,1,2,-13.487,4,0700EDB1E3,0.5,11:08:33,12:17:15,01:08:42,4122,1,9,7,21
2018,12,30,2,4,6,1,2,-13.487,4,0700EDE465,-0.5,11:08:33,12:24:31,01:15:58,4558,1,26,17,51
2018,12,30,2,4,6,1,2,-13.487,4,0700EE194E,-0.5,11:08:33,11:21:55,00:13:22,802,1,15,1,3
2018,12,30,2,9,0,1,0,-13.487,1,011016A962,0.5,09:40:22,09:56:52,00:16:30,990,1,15,3,9
2018,12,30,2,9,0,1,0,-13.487,1,0110170143,0.5,09:40:22,09:58:02,00:17:40,1060,1,9,7,21
2018,12,30,2,9,0,1,0,-13.487,1,0110172DEC,-0.5,09:40:22,09:55:53,00:15:31,931,1,10,6,18
2018,12,30,2,9,0,1,0,-13.487,1,0110175CF7,0.5,09:40:22,10:03:03,00:22:41,1361,1,8,1,3
2018,12,30,2,9,0,1,0,-13.487,1,01101765DB,0.5,09:40:22,09:55:46,00:15:24,924,1,3,5,15
2018,12,30,2,9,0,1,0,-13.487,1,01103F64E9,-0.5,09:40:22,09:55:08,00:14:46,886,1,18,5,15
2018,12,30,2,9,0,1,0,-13.487,1,01103F8EFA,-0.5,09:40:22,09:54:45,00:14:23,863,1,31,12,36
2018,12,30,2,9,0,1,0,-13.487,1,0700EDC092,-0.5,09:40:22,09:55:39,00:15:17,917,1,8,10,30
2018,12,30,2,9,0,1,0,-13.487,1,0700EDC833,-0.5,09:40:22,10:24:45,00:44:23,2663,1,14,4,12
2018,12,30,2,9,0,1,0,-13.487,1,0700EDCE8A,-0.5,09:40:22,09:56:54,00:16:32,992,1,2,9,27
2018,12,30,2,14,5,2,0,-13.487,3,011016C36E,-0.5,14:06:57,14:21:07,00:14:10,850,1,17,10,30
2018,12,30,2,14,5,2,0,-13.487,3,011016C68F,0.5,14:06:57,14:57:21,00:50:24,3024,1,7,1,3
2018,12,30,2,14,5,2,0,-13.487,3,011016F3FE,0.5,14:06:57,14:26:37,00:19:40,1180,1,6,1,3
2018,12,30,2,14,5,2,0,-13.487,3,011016FB1C,-0.5,14:06:57,14:29:47,00:22:50,1370,1,15,3,9
2018,12,30,2,14,5,2,0,-13.487,3,0110176382,0.5,14:06:57,14:15:42,00:08:45,525,1,2,2,6
2018,12,30,2,14,5,2,0,-13.487,3,01103F3AFB,-0.5,14:06:57,15:01:57,00:55:00,3300,1,13,1,3
2018,12,30,2,14,5,2,0,-13.487,3,01103F65D7,-0.5,14:06:57,15:31:10,01:24:13,5053,1,31,6,18
2018,12,30,2,14,5,2,0,-13.487,3,01103F762C,-0.5,14:06:57,14:43:43,00:36:46,2206,1,15,2,6
2018,12,30,2,14,5,2,0,-13.487,3,0700EDD67A,-0.5,14:06:57,14:16:59,00:10:02,602,1,18,5,15
2018,12,30,2,14,5,2,0,-13.487,3,0700EE1699,-0.5,14:06:57,14:38:03,00:31:06,1866,1,28,17,51
2019,1,1,2,9,4,1,0,-2.242,3,011016A962,0.5,09:36:14,10:14:55,00:38:41,2321,1,7,2,6
2019,1,1,2,9,4,1,0,-2.242,3,0110170143,0.5,09:36:14,10:41:03,01:04:49,3889,1,3,6,18
2019,1,1,2,9,4,1,0,-2.242,3,0110172DEC,-0.5,09:36:14,10:16:01,00:39:47,2387,1,6,3,9
2019,1,1,2,9,4,1,0,-2.242,3,0110175CF7,0.5,09:36:14,10:17:18,00:41:04,2464,1,5,3,9
2019,1,1,2,9,4,1,0,-2.242,3,01101765DB,0.5,09:36:14,10:12:28,00:36:14,2174,1,6,4,12
2019,1,1,2,9,4,1,0,-2.242,3,01103F64E9,-0.5,09:36:14,10:11:29,00:35:15,2115,1,13,10,30
2019,1,1,2,9,4,1,0,-2.242,3,01103F8EFA,-0.5,09:36:14,10:13:57,00:37:43,2263,1,8,13,39
2019,1,1,2,9,4,1,0,-2.242,3,0700EDC092,-0.5,09:36:14,10:52:38,01:16:24,4584,1,7,11,33
2019,1,1,2,9,4,1,0,-2.242,3,0700EDC833,-0.5,09:36:14,09:44:48,00:08:34,514,1,15,3,9
2019,1,1,2,9,4,1,0,-2.242,3,0700EDCE8A,-0.5,09:36:14,12:59:13,03:22:59,12179,1,6,10,30
2019,1,1,2,10,2,1,1,-2.242,4,011016E03B,0.5,12:38:16,17:07,04:28:44,16124,0,10,0,0
2019,1,1,2,10,2,1,1,-2.242,4,01101726F2,-0.5,12:38:16,12:46:08,00:07:52,472,1,29,8,24
2019,1,1,2,10,2,1,1,-2.242,4,0110174E28,0.5,12:38:16,13:46:31,01:08:15,4095,1,14,8,24
2019,1,1,2,10,2,1,1,-2.242,4,01101760B3,-0.5,12:38:16,13:54:13,01:15:57,4557,1,10,6,18
2019,1,1,2,10,2,1,1,-2.242,4,01103F517D,0.5,12:38:16,17:07,04:28:44,16124,0,5,0,0
2019,1,1,2,10,2,1,1,-2.242,4,01103F8837,0.5,12:38:16,13:18:16,00:40:00,2400,1,12,13,39
2019,1,1,2,10,2,1,1,-2.242,4,0700EDFB72,-0.5,12:38:16,13:59:05,01:20:49,4849,1,16,5,15
2019,1,1,2,12,0,1,0,-2.242,1,011016B677,-0.5,11:11:37,11:12:47,00:01:10,70,1,31,14,42
2019,1,1,2,12,0,1,0,-2.242,1,011016C021,0.5,11:11:37,11:13:25,00:01:48,108,1,17,8,24
2019,1,1,2,12,0,1,0,-2.242,1,011016FBE0,-0.5,11:11:37,11:15:17,00:03:40,220,1,13,3,9
2019,1,1,2,12,0,1,0,-2.242,1,0110174792,0.5,11:11:37,11:17:20,00:05:43,343,1,12,12,36
2019,1,1,2,12,0,1,0,-2.242,1,0110175DA5,-0.5,11:11:37,11:17:17,00:05:40,340,1,15,7,21
2019,1,1,2,12,0,1,0,-2.242,1,01101764FE,-0.5,11:11:37,11:14:28,00:02:51,171,1,7,7,21
2019,1,1,2,12,0,1,0,-2.242,1,0700EDC3AB,-0.5,11:11:37,13:01:27,01:49:50,6590,1,6,9,27
2019,1,1,2,12,0,1,0,-2.242,1,0700EE3271,-0.5,11:11:37,11:23:12,00:11:35,695,1,8,6,18
2019,1,1,2,14,0,2,2,-2.242,2,011016C36E,-0.5,14:06:20,14:08:49,00:02:29,149,1,11,5,15
2019,1,1,2,14,0,2,2,-2.242,2,011016C68F,0.5,14:06:20,14:49:35,00:43:15,2595,1,13,12,36
2019,1,1,2,14,0,2,2,-2.242,2,011016F3FE,0.5,14:06:20,14:39:35,00:33:15,1995,1,14,8,24
2019,1,1,2,14,0,2,2,-2.242,2,011016FB1C,-0.5,14:06:20,14:10:48,00:04:28,268,1,19,10,30
2019,1,1,2,14,0,2,2,-2.242,2,0110176382,0.5,14:06:20,14:29:17,00:22:57,1377,1,16,3,9
2019,1,1,2,14,0,2,2,-2.242,2,01103F3AFB,-0.5,14:06:20,14:18:42,00:12:22,742,1,12,5,15
2019,1,1,2,14,0,2,2,-2.242,2,01103F65D7,-0.5,14:06:20,14:37:33,00:31:13,1873,1,30,1,3
2019,1,1,2,14,0,2,2,-2.242,2,01103F762C,-0.5,14:06:20,14:40:52,00:34:32,2072,1,13,6,18
2019,1,1,2,14,0,2,2,-2.242,2,0700EDD67A,-0.5,14:06:20,14:16:26,00:10:06,606,1,32,8,24
2019,1,1,2,14,0,2,2,-2.242,2,0700EE1699,-0.5,14:06:20,14:07:40,00:01:20,80,1,14,9,27
2019,1,3,2,4,5,2,0,-1.421,3,011016E0DD,-0.5,14:07:06,15:13:18,01:06:12,3972,1,14,4,12
2019,1,3,2,4,5,2,0,-1.421,3,0110171BB9,-0.5,14:07:06,14:20:43,00:13:37,817,1,8,8,24
2019,1,3,2,4,5,2,0,-1.421,3,01101765DB,0.5,14:07:06,15:21:12,01:14:06,4446,1,4,9,27
2019,1,3,2,4,5,2,0,-1.421,3,01103F7AAC,-0.5,14:07:06,17:09,03:01:54,10914,0,2,0,0
2019,1,3,2,4,5,2,0,-1.421,3,01103F8F8D,0.5,14:07:06,15:18:34,01:11:28,4288,1,10,7,21
2019,1,3,2,4,5,2,0,-1.421,3,0700EDB1E3,0.5,14:07:06,15:41:02,01:33:56,5636,1,10,1,3
2019,1,3,2,4,5,2,0,-1.421,3,0700EDC092,-0.5,14:07:06,15:17:21,01:10:15,4215,1,4,14,42
2019,1,3,2,4,5,2,0,-1.421,3,0700EDCE8A,-0.5,14:07:06,15:24:29,01:17:23,4643,1,6,9,27
2019,1,3,2,4,5,2,0,-1.421,3,0700EDE465,-0.5,14:07:06,17:09,03:01:54,10914,0,2,0,0
2019,1,3,2,4,5,2,0,-1.421,3,0700EE194E,-0.5,14:07:06,14:58:24,00:51:18,3078,1,17,1,3
2019,1,3,2,4,5,2,0,-1.421,3,0700EE2D57,0.5,14:07:06,15:51:26,01:44:20,6260,1,6,3,9
2019,1,3,2,9,0,2,6,-1.421,2,011016A962,0.5,12:35:51,12:41:24,00:05:33,333,1,11,5,15
2019,1,3,2,9,0,2,6,-1.421,2,0110170143,0.5,12:35:51,12:47:36,00:11:45,705,1,8,1,3
2019,1,3,2,9,0,2,6,-1.421,2,0110172DEC,-0.5,12:35:51,12:38:46,00:02:55,175,1,7,4,12
2019,1,3,2,9,0,2,6,-1.421,2,0110175CF7,0.5,12:35:51,12:40:53,00:05:02,302,1,9,4,12
2019,1,3,2,9,0,2,6,-1.421,2,01101765DB,0.5,12:35:51,12:45:36,00:09:45,585,1,5,3,9
2019,1,3,2,9,0,2,6,-1.421,2,01103F64E9,-0.5,12:35:51,12:49:32,00:13:41,821,1,12,9,27
2019,1,3,2,9,0,2,6,-1.421,2,0700EDC833,-0.5,12:35:51,12:49:13,00:13:22,802,1,9,2,6
2019,1,3,2,9,0,2,6,-1.421,2,0700EDCE8A,-0.5,12:35:51,12:45:31,00:09:40,580,1,5,5,15
2019,1,3,2,10,0,2,0,-1.421,1,0110170AFD,-0.5,11:08:36,11:10:58,00:02:22,142,1,3,6,18
2019,1,3,2,10,0,2,0,-1.421,1,01101726F2,-0.5,11:08:36,11:37:22,00:28:46,1726,1,13,3,9
2019,1,3,2,10,0,2,0,-1.421,1,01101760B3,-0.5,11:08:36,11:09:23,00:00:47,47,1,8,6,18
2019,1,3,2,10,0,2,0,-1.421,1,01103F8837,0.5,11:08:36,12:35:01,01:26:25,5185,1,11,4,12
2019,1,3,2,10,0,2,0,-1.421,1,0700EDFB72,-0.5,11:08:36,12:28:13,01:19:37,4777,1,10,9,27
2019,1,3,2,16,6,1,5,-1.421,4,011016C37F,0.5,09:37:48,11:23:03,01:45:15,6315,1,14,6,18
2019,1,3,2,16,6,1,5,-1.421,4,011016E17D,0.5,09:37:48,10:43:54,01:06:06,3966,1,9,5,15
2019,1,3,2,16,6,1,5,-1.421,4,011017172F,0.5,09:37:48,10:44:09,01:06:21,3981,1,4,13,39
2019,1,5,2,10,4,2,0,-4.45,3,0110170AFD,-0.5,14:09:00,14:10:39,00:01:39,99,1,23,9,27
2019,1,5,2,10,4,2,0,-4.45,3,01101726F2,-0.5,14:09:00,14:22:20,00:13:20,800,1,24,9,27
2019,1,5,2,10,4,2,0,-4.45,3,0110174E28,0.5,14:09:00,14:17:16,00:08:16,496,1,16,1,3
2019,1,5,2,10,4,2,0,-4.45,3,01101760B3,-0.5,14:09:00,15:30:06,01:21:06,4866,1,7,13,39
2019,1,5,2,10,4,2,0,-4.45,3,01103F8837,0.5,14:09:00,14:18:59,00:09:59,599,1,30,9,27
2019,1,5,2,10,4,2,0,-4.45,3,0700EDFB72,-0.5,14:09:00,15:12:00,01:03:00,3780,1,16,7,21
2019,1,5,2,11,0,2,8,-4.45,2,011016F8BB,0.5,12:35:19,13:44:34,01:09:15,4155,1,3,8,24
2019,1,5,2,11,0,2,8,-4.45,2,0110175C91,-0.5,12:35:19,12:36:23,00:01:04,64,1,14,5,15
2019,1,5,2,11,0,2,8,-4.45,2,01101764FE,-0.5,12:35:19,12:36:39,00:01:20,80,1,30,5,15
2019,1,5,2,11,0,2,8,-4.45,2,01103F397C,-0.5,12:35:19,12:59:08,00:23:49,1429,1,8,8,24
2019,1,5,2,11,0,2,8,-4.45,2,0700EDC3AB,-0.5,12:35:19,12:54:48,00:19:29,1169,1,15,8,24
2019,1,5,2,11,0,2,8,-4.45,2,0700EE045D,0.5,12:35:19,12:56:02,00:20:43,1243,1,11,7,21
2019,1,5,2,12,4,2,3,-4.45,4,011016B677,-0.5,09:40:37,10:04:36,00:23:59,1439,1,37,7,21
2019,1,5,2,12,4,2,3,-4.45,4,011016C021,0.5,09:40:37,10:01:34,00:20:57,1257,1,12,10,30
2019,1,5,2,12,4,2,3,-4.45,4,011016FBE0,-0.5,09:40:37,09:57:07,00:16:30,990,1,16,5,15
2019,1,5,2,12,4,2,3,-4.45,4,0110174792,0.5,09:40:37,09:56:29,00:15:52,952,1,13,7,21
2019,1,5,2,12,4,2,3,-4.45,4,0110175DA5,-0.5,09:40:37,10:43:10,01:02:33,3753,1,8,8,24
2019,1,5,2,12,4,2,3,-4.45,4,01103F8837,0.5,09:40:37,10:01:44,00:21:07,1267,1,11,1,3
2019,1,5,2,12,4,2,3,-4.45,4,0700EE3271,-0.5,09:40:37,10:42:50,01:02:13,3733,1,7,5,15
2019,1,5,2,16,0,2,0,-4.45,1,011016C37F,0.5,11:08:23,11:20:07,00:11:44,704,1,19,3,9
2019,1,5,2,16,0,2,0,-4.45,1,011016DD7C,-0.5,11:08:23,11:22:06,00:13:43,823,1,8,9,27
2019,1,5,2,16,0,2,0,-4.45,1,011017172F,0.5,11:08:23,11:10:13,00:01:50,110,1,26,7,21
2019,1,5,2,16,0,2,0,-4.45,1,01103F6EC3,-0.5,11:08:23,11:09:35,00:01:12,72,1,8,10,30
2019,1,5,2,16,0,2,0,-4.45,1,01103F8556,-0.5,11:08:23,11:47:09,00:38:46,2326,1,9,10,30
2019,1,5,2,16,0,2,0,-4.45,1,0700ED97B7,0.5,11:08:23,11:28:31,00:20:08,1208,1,12,9,27
2019,1,7,2,2,2,2,0,-13.729,3,011016A271,0.5,12:37:11,14:15:18,01:38:07,5887,1,12,5,15
2019,1,7,2,2,2,2,0,-13.729,3,011016B66E,-0.5,12:37:11,14:41:39,02:04:28,7468,1,3,5,15
2019,1,7,2,2,2,2,0,-13.729,3,0110174E70,0.5,12:37:11,12:48:57,00:11:46,706,1,9,5,15
2019,1,7,2,2,2,2,0,-13.729,3,011017549A,-0.5,12:37:11,12:57:46,00:20:35,1235,1,15,3,9
2019,1,7,2,2,2,2,0,-13.729,3,0110176BCA,0.5,12:37:11,14:41:57,02:04:46,7486,1,5,1,3
2019,1,7,2,2,2,2,0,-13.729,3,01103F517D,0.5,12:37:11,13:09:51,00:32:40,1960,1,10,3,9
2019,1,7,2,2,2,2,0,-13.729,3,01103F7AAC,-0.5,12:37:11,12:59:39,00:22:28,1348,1,5,4,12
2019,1,7,2,2,2,2,0,-13.729,3,01103F8A41,0.5,12:37:11,13:47:10,01:09:59,4199,1,6,6,18
2019,1,7,2,2,2,2,0,-13.729,3,0700EDD987,-0.5,12:37:11,13:03:40,00:26:29,1589,1,6,1,3
2019,1,7,2,2,2,2,0,-13.729,3,0700EE0C37,-0.5,12:37:11,14:02:26,01:25:15,5115,1,15,10,30
2019,1,7,2,2,2,2,0,-13.729,3,0700EE1A91,-0.5,12:37:11,14:01:29,01:24:18,5058,1,14,13,39
2019,1,7,2,4,0,1,0,-13.729,1,011016E0DD,-0.5,14:06:42,14:23:08,00:16:26,986,1,21,6,18
2019,1,7,2,4,0,1,0,-13.729,1,0110171BB9,-0.5,14:06:42,14:10:42,00:04:00,240,1,7,11,33
2019,1,7,2,4,0,1,0,-13.729,1,0110172AD5,-0.5,14:06:42,14:25:55,00:19:13,1153,1,12,7,21
2019,1,7,2,4,0,1,0,-13.729,1,01103F8F8D,0.5,14:06:42,14:52:37,00:45:55,2755,1,13,1,3
2019,1,7,2,4,0,1,0,-13.729,1,0700EDB1E3,0.5,14:06:42,14:23:55,00:17:13,1033,1,21,4,12
2019,1,7,2,4,0,1,0,-13.729,1,0700EDE465,-0.5,14:06:42,14:26:28,00:19:46,1186,1,19,5,15
2019,1,7,2,4,0,1,0,-13.729,1,0700EE2D57,0.5,14:06:42,14:16:52,00:10:10,610,1,4,3,9
2019,1,7,2,11,1,2,5,-13.729,4,011016A962,0.5,09:39:46,09:41:42,00:01:56,116,1,12,7,21
2019,1,7,2,11,1,2,5,-13.729,4,011016B3CE,-0.5,09:39:46,12:12:21,02:32:35,9155,1,11,8,24
2019,1,7,2,11,1,2,5,-13.729,4,011016F8BB,0.5,09:39:46,10:47:48,01:08:02,4082,1,9,8,24
2019,1,7,2,11,1,2,5,-13.729,4,0110175C91,-0.5,09:39:46,09:50:47,00:11:01,661,1,13,2,6
2019,1,7,2,11,1,2,5,-13.729,4,0110175CF7,0.5,09:39:46,10:49:52,01:10:06,4206,1,4,4,12
2019,1,7,2,11,1,2,5,-13.729,4,01101764FE,-0.5,09:39:46,09:41:57,00:02:11,131,1,13,9,27
2019,1,7,2,11,1,2,5,-13.729,4,01103F397C,-0.5,09:39:46,10:00:23,00:20:37,1237,1,10,2,6
2019,1,7,2,11,1,2,5,-13.729,4,01103F8EFA,-0.5,09:39:46,10:10:49,00:31:03,1863,1,12,1,3
2019,1,7,2,11,1,2,5,-13.729,4,0700EDC3AB,-0.5,09:39:46,09:47:41,00:07:55,475,1,14,11,33
2019,1,7,2,11,1,2,5,-13.729,4,0700EE045D,0.5,09:39:46,09:42:12,00:02:26,146,1,11,4,12
2019,1,7,2,16,0,2,1,-13.729,2,011016C37F,0.5,11:09:27,11:17:48,00:08:21,501,1,4,4,12
2019,1,7,2,16,0,2,1,-13.729,2,011016DD7C,-0.5,11:09:27,11:34:06,00:24:39,1479,1,18,3,9
2019,1,7,2,16,0,2,1,-13.729,2,011017172F,0.5,11:09:27,11:16:49,00:07:22,442,1,10,7,21
2019,1,7,2,16,0,2,1,-13.729,2,01103F6EC3,-0.5,11:09:27,11:29:12,00:19:45,1185,1,11,7,21
2019,1,7,2,16,0,2,1,-13.729,2,0700ED97B7,0.5,11:09:27,11:29:37,00:20:10,1210,1,18,3,9
2019,1,9,2,2,1,1,4,-12.171,4,011016A271,0.5,12:36:25,13:56:02,01:19:37,4777,1,15,10,30
2019,1,9,2,2,1,1,4,-12.171,4,011016B66E,-0.5,12:36:25,13:45:28,01:09:03,4143,1,3,4,12
2019,1,9,2,2,1,1,4,-12.171,4,01101740A4,0.5,12:36:25,17:17,04:40:35,16835,0,15,0,0
2019,1,9,2,2,1,1,4,-12.171,4,0110174E70,0.5,12:36:25,12:42:41,00:06:16,376,1,18,7,21
2019,1,9,2,2,1,1,4,-12.171,4,011017549A,-0.5,12:36:25,12:48:28,00:12:03,723,1,18,9,27
2019,1,9,2,2,1,1,4,-12.171,4,0110176BCA,0.5,12:36:25,13:51:28,01:15:03,4503,1,2,1,3
2019,1,9,2,2,1,1,4,-12.171,4,01103F517D,0.5,12:36:25,13:00:17,00:23:52,1432,1,8,2,6
2019,1,9,2,2,1,1,4,-12.171,4,01103F7AAC,-0.5,12:36:25,13:00:43,00:24:18,1458,1,11,6,18
2019,1,9,2,2,1,1,4,-12.171,4,01103F8A41,0.5,12:36:25,13:41:28,01:05:03,3903,1,14,6,18
2019,1,9,2,2,1,1,4,-12.171,4,0700EDD987,-0.5,12:36:25,13:48:05,01:11:40,4300,1,19,8,24
2019,1,9,2,2,1,1,4,-12.171,4,0700EDE465,-0.5,12:36:25,14:34:56,01:58:31,7111,1,10,11,33
2019,1,9,2,2,1,1,4,-12.171,4,0700EE0C37,-0.5,12:36:25,15:38:34,03:02:09,10929,1,1,11,33
2019,1,9,2,2,1,1,4,-12.171,4,0700EE1A91,-0.5,12:36:25,13:53:59,01:17:34,4654,1,11,7,21
2019,1,9,2,4,0,2,6,-12.171,2,011016E0DD,-0.5,11:07:32,11:29:20,00:21:48,1308,1,15,11,33
2019,1,9,2,4,0,2,6,-12.171,2,0110170143,0.5,11:07:32,15:15:23,04:07:51,14871,1,4,4,12
2019,1,9,2,4,0,2,6,-12.171,2,0110171BB9,-0.5,11:07:32,11:45:31,00:37:59,2279,1,8,11,33
2019,1,9,2,4,0,2,6,-12.171,2,0110172AD5,-0.5,11:07:32,12:24:14,01:16:42,4602,1,17,8,24
2019,1,9,2,4,0,2,6,-12.171,2,01101765DB,0.5,11:07:32,15:40:02,04:32:30,16350,1,1,14,42
2019,1,9,2,4,0,2,6,-12.171,2,01103F75F3,0.5,11:07:32,11:10:27,00:02:55,175,1,16,2,6
2019,1,9,2,4,0,2,6,-12.171,2,01103F7AAC,-0.5,11:07:32,12:24:30,01:16:58,4618,1,18,6,18
2019,1,9,2,4,0,2,6,-12.171,2,01103F8F8D,0.5,11:07:32,12:31:23,01:23:51,5031,1,12,13,39
2019,1,9,2,4,0,2,6,-12.171,2,0700EDB1E3,0.5,11:07:32,11:30:49,00:23:17,1397,1,16,3,9
2019,1,9,2,4,0,2,6,-12.171,2,0700EDC092,-0.5,11:07:32,15:14:14,04:06:42,14802,1,4,11,33
2019,1,9,2,4,0,2,6,-12.171,2,0700EDE465,-0.5,11:07:32,12:45:25,01:37:53,5873,1,35,16,48
2019,1,9,2,4,0,2,6,-12.171,2,0700EE2D57,0.5,11:07:32,12:34:02,01:26:30,5190,1,4,10,30
2019,1,9,2,16,1,2,0,-12.171,3,011016C37F,0.5,14:09:41,14:43:32,00:33:51,2031,1,17,1,3
2019,1,9,2,16,1,2,0,-12.171,3,011016DD7C,-0.5,14:09:41,14:10:08,00:00:27,27,1,17,9,27
2019,1,9,2,16,1,2,0,-12.171,3,011017172F,0.5,14:09:41,14:36:05,00:26:24,1584,1,22,7,21
2019,1,9,2,16,1,2,0,-12.171,3,01103F6EC3,-0.5,14:09:41,14:23:23,00:13:42,822,1,11,7,21
2019,1,9,2,16,1,2,0,-12.171,3,01103F8556,-0.5,14:09:41,14:36:11,00:26:30,1590,1,21,8,24
2019,1,9,2,16,1,2,0,-12.171,3,0700ED97B7,0.5,14:09:41,15:56:00,01:46:19,6379,1,12,12,36
2019,1,11,2,9,2,2,4,-9.304,4,011016A962,0.5,14:05:28,14:17:58,00:12:30,750,1,14,3,9
2019,1,11,2,9,2,2,4,-9.304,4,0110170143,0.5,14:05:28,17:20,03:14:32,11672,0,14,0,0
2019,1,11,2,9,2,2,4,-9.304,4,0110172DEC,-0.5,14:05:28,14:18:01,00:12:33,753,1,13,10,30
2019,1,11,2,9,2,2,4,-9.304,4,0110175CF7,0.5,14:05:28,14:43:49,00:38:21,2301,1,2,1,3
2019,1,11,2,9,2,2,4,-9.304,4,01101765DB,0.5,14:05:28,14:14:55,00:09:27,567,1,9,3,9
2019,1,11,2,9,2,2,4,-9.304,4,01103F64E9,-0.5,14:05:28,14:06:59,00:01:31,91,1,23,4,12
2019,1,11,2,9,2,2,4,-9.304,4,01103F8EFA,-0.5,14:05:28,14:08:17,00:02:49,169,1,22,5,15
2019,1,11,2,9,2,2,4,-9.304,4,0700EDC092,-0.5,14:05:28,14:10:59,00:05:31,331,1,24,3,9
2019,1,11,2,9,2,2,4,-9.304,4,0700EDC833,-0.5,14:05:28,14:15:49,00:10:21,621,1,8,4,12
2019,1,11,2,9,2,2,4,-9.304,4,0700EDCE8A,-0.5,14:05:28,17:20,03:14:32,11672,0,32,0,0
2019,1,11,2,9,2,2,4,-9.304,4,0700EDD953,-0.5,14:05:28,17:20,03:14:32,11672,0,11,0,0
2019,1,11,2,12,0,2,2,-9.304,2,011016C021,0.5,11:08:59,11:10:38,00:01:39,99,1,8,6,18
2019,1,11,2,12,0,2,2,-9.304,2,011016FBE0,-0.5,11:08:59,11:09:47,00:00:48,48,1,8,6,18
2019,1,11,2,12,0,2,2,-9.304,2,0110174792,0.5,11:08:59,11:27:25,00:18:26,1106,1,21,8,24
2019,1,11,2,12,0,2,2,-9.304,2,0110175DA5,-0.5,11:08:59,11:25:24,00:16:25,985,1,20,8,24
2019,1,11,2,12,0,2,2,-9.304,2,01103F8837,0.5,11:08:59,11:10:14,00:01:15,75,1,4,8,24
2019,1,11,2,12,0,2,2,-9.304,2,0700EE3271,-0.5,11:08:59,11:50:47,00:41:48,2508,1,13,7,21
2019,1,11,2,14,0,1,0,-9.304,1,011016C36E,-0.5,12:35:07,12:38:03,00:02:56,176,1,8,1,3
2019,1,11,2,14,0,1,0,-9.304,1,011016C68F,0.5,12:35:07,12:49:07,00:14:00,840,1,9,19,57
2019,1,11,2,14,0,1,0,-9.304,1,011016F3FE,0.5,12:35:07,12:40:02,00:04:55,295,1,7,5,15
2019,1,11,2,14,0,1,0,-9.304,1,011016FB1C,-0.5,12:35:07,12:38:37,00:03:30,210,1,13,3,9
2019,1,11,2,14,0,1,0,-9.304,1,01101726F2,-0.5,12:35:07,12:37:16,00:02:09,129,1,9,14,42
2019,1,11,2,14,0,1,0,-9.304,1,0110176382,0.5,12:35:07,12:35:53,00:00:46,46,1,19,8,24
2019,1,11,2,14,0,1,0,-9.304,1,01103F3AFB,-0.5,12:35:07,13:02:12,00:27:05,1625,1,5,2,6
2019,1,11,2,14,0,1,0,-9.304,1,01103F65D7,-0.5,12:35:07,14:23:59,01:48:52,6532,1,11,7,21
2019,1,11,2,14,0,1,0,-9.304,1,01103F762C,-0.5,12:35:07,12:40:25,00:05:18,318,1,22,6,18
2019,1,11,2,14,0,1,0,-9.304,1,01103F8837,0.5,12:35:07,12:49:01,00:13:54,834,1,4,4,12
2019,1,11,2,14,0,1,0,-9.304,1,0700EDD67A,-0.5,12:35:07,12:40:26,00:05:19,319,1,23,12,36
2019,1,11,2,14,0,1,0,-9.304,1,0700EE1699,-0.5,12:35:07,12:47:29,00:12:22,742,1,19,11,33
2019,1,21,3,4,0,1,3,-6.15,2,011016E0DD,-0.5,09:39:34,09:56:22,00:16:48,1008,1,18,8,24
2019,1,21,3,4,0,1,3,-6.15,2,0110170143,0.5,09:39:34,15:50:17,06:10:43,22243,1,6,8,24
2019,1,21,3,4,0,1,3,-6.15,2,0110171BB9,-0.5,09:39:34,12:00:04,02:20:30,8430,1,7,5,15
2019,1,21,3,4,0,1,3,-6.15,2,01101765DB,0.5,09:39:34,12:42:23,03:02:49,10969,1,8,4,12
2019,1,21,3,4,0,1,3,-6.15,2,01103F7AAC,-0.5,09:39:34,10:47:54,01:08:20,4100,1,6,7,21
2019,1,21,3,4,0,1,3,-6.15,2,01103F8F8D,0.5,09:39:34,11:12:23,01:32:49,5569,1,11,12,36
2019,1,21,3,4,0,1,3,-6.15,2,0700EDB1E3,0.5,09:39:34,09:56:44,00:17:10,1030,1,18,1,3
2019,1,21,3,4,0,1,3,-6.15,2,0700EDC092,-0.5,09:39:34,15:43:22,06:03:48,21828,1,3,8,24
2019,1,21,3,4,0,1,3,-6.15,2,0700EE2D57,0.5,09:39:34,10:39:02,00:59:28,3568,1,7,2,6
2019,1,21,3,10,3,2,3,-6.15,4,0110170AFD,-0.5,12:40:04,12:44:35,00:04:31,271,1,18,7,21
2019,1,21,3,10,3,2,3,-6.15,4,0110174E28,0.5,12:40:04,13:10:15,00:30:11,1811,1,33,8,24
2019,1,21,3,10,3,2,3,-6.15,4,01101760B3,-0.5,12:40:04,13:49:56,01:09:52,4192,1,19,4,12
2019,1,21,3,10,3,2,3,-6.15,4,01103F517D,0.5,12:40:04,17:35,04:54:56,17696,0,2,0,0
2019,1,21,3,10,3,2,3,-6.15,4,01103F8837,0.5,12:40:04,12:43:11,00:03:07,187,1,7,9,27
2019,1,21,3,10,3,2,3,-6.15,4,0700EDFB72,-0.5,12:40:04,13:47:51,01:07:47,4067,1,11,4,12
2019,1,21,3,12,1,1,0,-6.15,3,011016B677,-0.5,14:12:30,14:29:41,00:17:11,1031,1,19,8,24
2019,1,21,3,12,1,1,0,-6.15,3,011016C021,0.5,14:12:30,14:28:18,00:15:48,948,1,25,8,24
2019,1,21,3,12,1,1,0,-6.15,3,011016FBE0,-0.5,14:12:30,14:15:13,00:02:43,163,1,16,8,24
2019,1,21,3,12,1,1,0,-6.15,3,0110174792,0.5,14:12:30,14:14:35,00:02:05,125,1,16,10,30
2019,1,21,3,12,1,1,0,-6.15,3,0110175DA5,-0.5,14:12:30,15:15:57,01:03:27,3807,1,9,6,18
2019,1,21,3,12,1,1,0,-6.15,3,01103F8837,0.5,14:12:30,14:22:33,00:10:03,603,1,2,10,30
2019,1,21,3,12,1,1,0,-6.15,3,0700EDC3AB,-0.5,14:12:30,14:14:53,00:02:23,143,1,10,5,15
2019,1,21,3,12,1,1,0,-6.15,3,0700EE3271,-0.5,14:12:30,14:29:31,00:17:01,1021,1,6,3,9
2019,1,21,3,14,0,1,0,-6.15,1,011016C36E,-0.5,11:06:10,11:13:01,00:06:51,411,1,5,6,18
2019,1,21,3,14,0,1,0,-6.15,1,011016C68F,0.5,11:06:10,12:29:12,01:23:02,4982,1,10,9,27
2019,1,21,3,14,0,1,0,-6.15,1,011016F3FE,0.5,11:06:10,11:30:46,00:24:36,1476,1,14,2,6
2019,1,21,3,14,0,1,0,-6.15,1,011016FB1C,-0.5,11:06:10,11:12:57,00:06:47,407,1,12,6,18
2019,1,21,3,14,0,1,0,-6.15,1,0110176382,0.5,11:06:10,11:06:57,00:00:47,47,1,6,3,9
2019,1,21,3,14,0,1,0,-6.15,1,01103F762C,-0.5,11:06:10,11:27:27,00:21:17,1277,1,10,8,24
2019,1,21,3,14,0,1,0,-6.15,1,0700EDD67A,-0.5,11:06:10,11:06:51,00:00:41,41,1,27,7,21
2019,1,21,3,14,0,1,0,-6.15,1,0700EE1699,-0.5,11:06:10,11:40:39,00:34:29,2069,1,13,10,30
2019,1,21,3,14,0,1,0,-6.15,1,0700EE3D0C,0.5,11:06:10,11:09:39,00:03:29,209,1,5,8,24
2019,1,23,3,2,2,1,0,-14.104,3,011016A271,0.5,14:06:54,15:14:23,01:07:29,4049,1,17,4,12
2019,1,23,3,2,2,1,0,-14.104,3,011016B66E,-0.5,14:06:54,15:09:38,01:02:44,3764,1,10,1,3
2019,1,23,3,2,2,1,0,-14.104,3,01101740A4,0.5,14:06:54,15:08:58,01:02:04,3724,1,7,14,42
2019,1,23,3,2,2,1,0,-14.104,3,0110174E70,0.5,14:06:54,14:12:14,00:05:20,320,1,8,3,9
2019,1,23,3,2,2,1,0,-14.104,3,011017549A,-0.5,14:06:54,14:07:41,00:00:47,47,1,12,9,27
2019,1,23,3,2,2,1,0,-14.104,3,0110176BCA,0.5,14:06:54,15:37:09,01:30:15,5415,1,5,1,3
2019,1,23,3,2,2,1,0,-14.104,3,01103F517D,0.5,14:06:54,14:22:06,00:15:12,912,1,10,3,9
2019,1,23,3,2,2,1,0,-14.104,3,01103F8A41,0.5,14:06:54,15:10:34,01:03:40,3820,1,15,5,15
2019,1,23,3,2,2,1,0,-14.104,3,0700EDD987,-0.5,14:06:54,14:22:46,00:15:52,952,1,16,6,18
2019,1,23,3,2,2,1,0,-14.104,3,0700EE1A91,-0.5,14:06:54,15:18:29,01:11:35,4295,1,17,15,45
2019,1,23,3,9,0,2,0,-14.104,1,011016A962,0.5,12:35:13,12:49:53,00:14:40,880,1,15,7,21
2019,1,23,3,9,0,2,0,-14.104,1,011016B3CE,-0.5,12:35:13,12:37:21,00:02:08,128,1,7,2,6
2019,1,23,3,9,0,2,0,-14.104,1,0110170143,0.5,12:35:13,12:38:08,00:02:55,175,1,5,8,24
2019,1,23,3,9,0,2,0,-14.104,1,0110172DEC,-0.5,12:35:13,12:48:54,00:13:41,821,1,10,6,18
2019,1,23,3,9,0,2,0,-14.104,1,0110175CF7,0.5,12:35:13,12:40:04,00:04:51,291,1,6,4,12
2019,1,23,3,9,0,2,0,-14.104,1,01101765DB,0.5,12:35:13,12:48:05,00:12:52,772,1,4,8,24
2019,1,23,3,9,0,2,0,-14.104,1,01103F64E9,-0.5,12:35:13,13:18:53,00:43:40,2620,1,22,5,15
2019,1,23,3,9,0,2,0,-14.104,1,01103F8EFA,-0.5,12:35:13,12:36:51,00:01:38,98,1,52,6,18
2019,1,23,3,9,0,2,0,-14.104,1,0700EDC092,-0.5,12:35:13,12:39:48,00:04:35,275,1,18,13,39
2019,1,23,3,9,0,2,0,-14.104,1,0700EDC833,-0.5,12:35:13,12:39:32,00:04:19,259,1,16,13,39
2019,1,23,3,9,0,2,0,-14.104,1,0700EDCE8A,-0.5,12:35:13,12:50:22,00:15:09,909,1,18,8,24
2019,1,23,3,10,0,2,7,-14.104,2,0110170AFD,-0.5,09:40:17,09:43:13,00:02:56,176,1,13,9,27
2019,1,23,3,10,0,2,7,-14.104,2,01101726F2,-0.5,09:40:17,09:58:50,00:18:33,1113,1,5,23,69
2019,1,23,3,10,0,2,7,-14.104,2,0110174E28,0.5,09:40:17,09:58:14,00:17:57,1077,1,13,3,9
2019,1,23,3,10,0,2,7,-14.104,2,01101760B3,-0.5,09:40:17,10:06:52,00:26:35,1595,1,17,4,12
2019,1,23,3,10,0,2,7,-14.104,2,01103F8837,0.5,09:40:17,17:38,07:57:43,28663,0,3,0,0
2019,1,23,3,10,0,2,7,-14.104,2,0700EDFB72,-0.5,09:40:17,09:57:52,00:17:35,1055,1,19,6,18
2019,1,23,3,12,4,2,5,-14.104,4,011016B677,-0.5,11:10:35,11:17:55,00:07:20,440,1,14,10,30
2019,1,23,3,12,4,2,5,-14.104,4,011016C021,0.5,11:10:35,11:16:34,00:05:59,359,1,17,6,18
2019,1,23,3,12,4,2,5,-14.104,4,011016FBE0,-0.5,11:10:35,11:18:26,00:07:51,471,1,18,7,21
2019,1,23,3,12,4,2,5,-14.104,4,0110174792,0.5,11:10:35,11:17:35,00:07:00,420,1,9,7,21
2019,1,23,3,12,4,2,5,-14.104,4,0110175DA5,-0.5,11:10:35,12:38:50,01:28:15,5295,1,19,12,36
2019,1,23,3,12,4,2,5,-14.104,4,0700EE3271,-0.5,11:10:35,12:43:14,01:32:39,5559,1,12,4,12
2019,1,25,3,2,1,1,7,0.2,4,011016A271,0.5,14:08:49,15:48:24,01:39:35,5975,1,7,6,18
2019,1,25,3,2,1,1,7,0.2,4,011016B66E,-0.5,14:08:49,15:39:32,01:30:43,5443,1,8,2,6
2019,1,25,3,2,1,1,7,0.2,4,011016FFC0,-0.5,14:08:49,14:57:59,00:49:10,2950,1,12,13,39
2019,1,25,3,2,1,1,7,0.2,4,01101740A4,0.5,14:08:49,16:00:51,01:52:02,6722,1,14,9,27
2019,1,25,3,2,1,1,7,0.2,4,0110174E70,0.5,14:08:49,14:31:13,00:22:24,1344,1,2,2,6
2019,1,25,3,2,1,1,7,0.2,4,011017549A,-0.5,14:08:49,14:32:44,00:23:55,1435,1,12,7,21
2019,1,25,3,2,1,1,7,0.2,4,0110176BCA,0.5,14:08:49,15:40:32,01:31:43,5503,1,1,2,6
2019,1,25,3,2,1,1,7,0.2,4,01103F8A41,0.5,14:08:49,15:13:20,01:04:31,3871,1,8,5,15
2019,1,25,3,2,1,1,7,0.2,4,0700EDD987,-0.5,14:08:49,15:01:17,00:52:28,3148,1,7,2,6
2019,1,25,3,12,0,2,0,0.2,1,011016B677,-0.5,11:11:58,11:26:22,00:14:24,864,1,17,9,27
2019,1,25,3,12,0,2,0,0.2,1,011016C021,0.5,11:11:58,11:13:32,00:01:34,94,1,13,12,36
2019,1,25,3,12,0,2,0,0.2,1,011016FBE0,-0.5,11:11:58,11:35:09,00:23:11,1391,1,13,6,18
2019,1,25,3,12,0,2,0,0.2,1,0110174792,0.5,11:11:58,11:25:54,00:13:56,836,1,13,12,36
2019,1,25,3,12,0,2,0,0.2,1,0110175DA5,-0.5,11:11:58,11:24:59,00:13:01,781,1,15,11,33
2019,1,25,3,12,0,2,0,0.2,1,0700EDC3AB,-0.5,11:11:58,11:22:29,00:10:31,631,1,17,4,12
2019,1,25,3,12,0,2,0,0.2,1,0700EE3271,-0.5,11:11:58,11:26:10,00:14:12,852,1,7,7,21
2019,1,25,3,14,4,2,0,0.2,3,011016C36E,-0.5,12:35:48,12:54:11,00:18:23,1103,1,6,5,15
2019,1,25,3,14,4,2,0,0.2,3,011016F3FE,0.5,12:35:48,12:48:54,00:13:06,786,1,6,6,18
2019,1,25,3,14,4,2,0,0.2,3,011016FB1C,-0.5,12:35:48,12:58:05,00:22:17,1337,1,9,4,12
2019,1,25,3,14,4,2,0,0.2,3,0110176382,0.5,12:35:48,12:39:31,00:03:43,223,1,11,4,12
2019,1,25,3,14,4,2,0,0.2,3,01103F65D7,-0.5,12:35:48,13:43:38,01:07:50,4070,1,9,11,33
2019,1,25,3,14,4,2,0,0.2,3,0700EDD67A,-0.5,12:35:48,12:36:10,00:00:22,22,1,10,2,6
2019,1,25,3,14,4,2,0,0.2,3,0700EE1699,-0.5,12:35:48,13:25:43,00:49:55,2995,1,10,7,21
2019,1,25,3,14,4,2,0,0.2,3,0700EE3D0C,0.5,12:35:48,13:03:48,00:28:00,1680,1,4,1,3
2019,1,25,3,16,0,1,1,0.2,2,011016C37F,0.5,09:40:05,10:05:31,00:25:26,1526,1,9,3,9
2019,1,25,3,16,0,1,1,0.2,2,011016DD7C,-0.5,09:40:05,12:45:31,03:05:26,11126,1,7,4,12
2019,1,25,3,16,0,1,1,0.2,2,011017172F,0.5,09:40:05,10:29:23,00:49:18,2958,1,7,4,12
2019,1,25,3,16,0,1,1,0.2,2,01103F6EC3,-0.5,09:40:05,09:52:52,00:12:47,767,1,13,2,6
2019,1,27,3,9,1,2,0,1.183,3,0110170143,0.5,12:36:42,13:41:44,01:05:02,3902,1,5,6,18
2019,1,27,3,9,1,2,0,1.183,3,0110172DEC,-0.5,12:36:42,12:56:42,00:20:00,1200,1,17,6,18
2019,1,27,3,9,1,2,0,1.183,3,0110175CF7,0.5,12:36:42,13:40:32,01:03:50,3830,1,3,2,6
2019,1,27,3,9,1,2,0,1.183,3,01101765DB,0.5,12:36:42,12:54:55,00:18:13,1093,1,13,3,9
2019,1,27,3,9,1,2,0,1.183,3,01103F64E9,-0.5,12:36:42,13:38:13,01:01:31,3691,1,16,8,24
2019,1,27,3,9,1,2,0,1.183,3,01103F8EFA,-0.5,12:36:42,12:50:09,00:13:27,807,1,7,7,21
2019,1,27,3,9,1,2,0,1.183,3,0700EDC092,-0.5,12:36:42,13:00:20,00:23:38,1418,1,2,2,6
2019,1,27,3,9,1,2,0,1.183,3,0700EDC833,-0.5,12:36:42,13:13:40,00:36:58,2218,1,10,1,3
2019,1,27,3,9,1,2,0,1.183,3,0700EDCE8A,-0.5,12:36:42,13:41:41,01:04:59,3899,1,6,10,30
2019,1,27,3,9,1,2,0,1.183,3,0700EDD953,-0.5,12:36:42,17:45,05:08:18,18498,0,3,0,0
2019,1,27,3,11,0,2,3,1.183,2,011016F8BB,0.5,09:42:37,10:40:35,00:57:58,3478,1,4,3,9
2019,1,27,3,11,0,2,3,1.183,2,0110175C91,-0.5,09:42:37,10:44:53,01:02:16,3736,1,14,12,36
2019,1,27,3,11,0,2,3,1.183,2,01101764FE,-0.5,09:42:37,09:51:33,00:08:56,536,1,10,4,12
2019,1,27,3,11,0,2,3,1.183,2,01103F397C,-0.5,09:42:37,09:49:37,00:07:00,420,1,6,4,12
2019,1,27,3,11,0,2,3,1.183,2,0700EE045D,0.5,09:42:37,10:48:28,01:05:51,3951,1,8,6,18
2019,1,27,3,14,2,2,2,1.183,4,011016C36E,-0.5,11:06:13,12:01:34,00:55:21,3321,1,5,5,15
2019,1,27,3,14,2,2,2,1.183,4,011016C68F,0.5,11:06:13,12:15:50,01:09:37,4177,1,3,4,12
2019,1,27,3,14,2,2,2,1.183,4,011016F3FE,0.5,11:06:13,11:22:46,00:16:33,993,1,8,5,15
2019,1,27,3,14,2,2,2,1.183,4,011016FB1C,-0.5,11:06:13,11:19:37,00:13:24,804,1,7,6,18
2019,1,27,3,14,2,2,2,1.183,4,01103F3AFB,-0.5,11:06:13,12:14:45,01:08:32,4112,1,5,7,21
2019,1,27,3,14,2,2,2,1.183,4,01103F65D7,-0.5,11:06:13,12:27:07,01:20:54,4854,1,9,8,24
2019,1,27,3,14,2,2,2,1.183,4,01103F762C,-0.5,11:06:13,11:33:55,00:27:42,1662,1,6,1,3
2019,1,27,3,14,2,2,2,1.183,4,0700EE1699,-0.5,11:06:13,11:31:10,00:24:57,1497,1,3,2,6
2019,1,27,3,14,2,2,2,1.183,4,0700EE3D0C,0.5,11:06:13,12:20:59,01:14:46,4486,1,16,6,18
2019,1,27,3,16,0,2,0,1.183,1,011016C37F,0.5,14:11:17,14:14:21,00:03:04,184,1,11,5,15
2019,1,27,3,16,0,2,0,1.183,1,011016DD7C,-0.5,14:11:17,15:14:48,01:03:31,3811,1,8,8,24
2019,1,27,3,16,0,2,0,1.183,1,011017172F,0.5,14:11:17,14:24:52,00:13:35,815,1,8,7,21
2019,1,27,3,16,0,2,0,1.183,1,01103F6EC3,-0.5,14:11:17,14:15:47,00:04:30,270,1,6,6,18
2019,1,27,3,16,0,2,0,1.183,1,01103F8556,-0.5,14:11:17,15:17:09,01:05:52,3952,1,5,4,12
2019,1,27,3,16,0,2,0,1.183,1,0700ED97B7,0.5,14:11:17,15:15:49,01:04:32,3872,1,7,5,15
2019,1,29,3,4,4,2,6,-13.7,4,011016E0DD,-0.5,14:09:01,15:18:29,01:09:28,4168,1,20,10,30
2019,1,29,3,4,4,2,6,-13.7,4,0110171BB9,-0.5,14:09:01,14:35:27,00:26:26,1586,1,9,7,21
2019,1,29,3,4,4,2,6,-13.7,4,0110172AD5,-0.5,14:09:01,15:13:43,01:04:42,3882,1,9,6,18
2019,1,29,3,4,4,2,6,-13.7,4,01103F8F8D,0.5,14:09:01,15:24:29,01:15:28,4528,1,14,9,27
2019,1,29,3,4,4,2,6,-13.7,4,0700EDB1E3,0.5,14:09:01,15:54:42,01:45:41,6341,1,2,4,12
2019,1,29,3,4,4,2,6,-13.7,4,0700EDE465,-0.5,14:09:01,14:21:13,00:12:12,732,1,8,7,21
2019,1,29,3,4,4,2,6,-13.7,4,0700EE2D57,0.5,14:09:01,15:27:54,01:18:53,4733,1,7,5,15
2019,1,29,3,9,0,2,6,-13.7,2,011016A962,0.5,12:37:23,13:00:22,00:22:59,1379,1,1,7,21
2019,1,29,3,9,0,2,6,-13.7,2,011016B3CE,-0.5,12:37:23,13:13:59,00:36:36,2196,1,12,8,24
2019,1,29,3,9,0,2,6,-13.7,2,0110170143,0.5,12:37:23,12:52:12,00:14:49,889,1,10,6,18
2019,1,29,3,9,0,2,6,-13.7,2,0110172DEC,-0.5,12:37:23,12:45:34,00:08:11,491,1,12,4,12
2019,1,29,3,9,0,2,6,-13.7,2,0110175CF7,0.5,12:37:23,13:31:11,00:53:48,3228,1,3,3,9
2019,1,29,3,9,0,2,6,-13.7,2,01101765DB,0.5,12:37:23,12:39:46,00:02:23,143,1,11,8,24
2019,1,29,3,9,0,2,6,-13.7,2,01103F64E9,-0.5,12:37:23,12:45:12,00:07:49,469,1,12,4,12
2019,1,29,3,9,0,2,6,-13.7,2,0700EDC092,-0.5,12:37:23,12:38:17,00:00:54,54,1,22,9,27
2019,1,29,3,9,0,2,6,-13.7,2,0700EDC833,-0.5,12:37:23,13:01:46,00:24:23,1463,1,14,2,6
2019,1,29,3,9,0,2,6,-13.7,2,0700EDCE8A,-0.5,12:37:23,14:30:00,01:52:37,6757,1,9,7,21
2019,1,29,3,11,0,1,0,-13.7,1,011016A962,0.5,09:38:06,11:49:33,02:11:27,7887,1,6,6,18
2019,1,29,3,11,0,1,0,-13.7,1,011016F8BB,0.5,09:38:06,09:47:22,00:09:16,556,1,11,3,9
2019,1,29,3,11,0,1,0,-13.7,1,0110175C91,-0.5,09:38:06,09:51:48,00:13:42,822,1,14,9,27
2019,1,29,3,11,0,1,0,-13.7,1,01101764FE,-0.5,09:38:06,09:53:49,00:15:43,943,1,8,4,12
2019,1,29,3,11,0,1,0,-13.7,1,01103F397C,-0.5,09:38:06,09:54:39,00:16:33,993,1,2,3,9
2019,1,29,3,11,0,1,0,-13.7,1,01103F8EFA,-0.5,09:38:06,09:39:33,00:01:27,87,1,5,16,48
2019,1,29,3,11,0,1,0,-13.7,1,0700EE045D,0.5,09:38:06,10:07:47,00:29:41,1781,1,5,9,27
2019,1,29,3,16,3,1,0,-13.7,3,011016C37F,0.5,11:11:03,12:33:03,01:22:00,4920,1,18,5,15
2019,1,29,3,16,3,1,0,-13.7,3,011016DD7C,-0.5,11:11:03,11:23:40,00:12:37,757,1,12,12,36
2019,1,29,3,16,3,1,0,-13.7,3,011017172F,0.5,11:11:03,11:30:13,00:19:10,1150,1,14,6,18
2019,1,29,3,16,3,1,0,-13.7,3,0700ED97B7,0.5,11:11:03,11:32:10,00:21:07,1267,1,14,5,15
2019,1,31,3,4,0,2,0,-2.433,1,011016E0DD,-0.5,14:08:16,14:22:17,00:14:01,841,1,11,11,33
2019,1,31,3,4,0,2,0,-2.433,1,0110171BB9,-0.5,14:08:16,14:17:50,00:09:34,574,1,10,6,18
2019,1,31,3,4,0,2,0,-2.433,1,0110172AD5,-0.5,14:08:16,14:25:52,00:17:36,1056,1,14,6,18
2019,1,31,3,4,0,2,0,-2.433,1,01103F7AAC,-0.5,14:08:16,14:13:07,00:04:51,291,1,4,5,15
2019,1,31,3,4,0,2,0,-2.433,1,01103F8F8D,0.5,14:08:16,15:47:42,01:39:26,5966,1,6,7,21
2019,1,31,3,4,0,2,0,-2.433,1,0700EDB1E3,0.5,14:08:16,14:22:24,00:14:08,848,1,5,4,12
2019,1,31,3,4,0,2,0,-2.433,1,0700EE2D57,0.5,14:08:16,14:35:52,00:27:36,1656,1,3,4,12
2019,1,31,3,9,2,2,4,-2.433,4,011016A962,0.5,12:36:20,12:40:34,00:04:14,254,1,4,5,15
2019,1,31,3,9,2,2,4,-2.433,4,0110170143,0.5,12:36:20,14:31:06,01:54:46,6886,1,5,5,15
2019,1,31,3,9,2,2,4,-2.433,4,0110172DEC,-0.5,12:36:20,13:40:22,01:04:02,3842,1,3,4,12
2019,1,31,3,9,2,2,4,-2.433,4,0110175CF7,0.5,12:36:20,13:39:06,01:02:46,3766,1,2,3,9
2019,1,31,3,9,2,2,4,-2.433,4,01101765DB,0.5,12:36:20,12:38:58,00:02:38,158,1,9,5,15
2019,1,31,3,9,2,2,4,-2.433,4,01103F64E9,-0.5,12:36:20,12:37:00,00:00:40,40,1,4,6,18
2019,1,31,3,9,2,2,4,-2.433,4,01103F8EFA,-0.5,12:36:20,12:37:02,00:00:42,42,1,15,12,36
2019,1,31,3,9,2,2,4,-2.433,4,0700EDC092,-0.5,12:36:20,12:37:44,00:01:24,84,1,15,8,24
2019,1,31,3,9,2,2,4,-2.433,4,0700EDC833,-0.5,12:36:20,13:25:44,00:49:24,2964,1,3,7,21
2019,1,31,3,9,2,2,4,-2.433,4,0700EDD953,-0.5,12:36:20,17:52,05:15:40,18940,0,5,0,0
2019,1,31,3,10,5,2,0,-2.433,3,0110170AFD,-0.5,09:40:40,09:44:59,00:04:19,259,1,6,9,27
2019,1,31,3,10,5,2,0,-2.433,3,0110174E28,0.5,09:40:40,09:51:40,00:11:00,660,1,5,3,9
2019,1,31,3,10,5,2,0,-2.433,3,01101760B3,-0.5,09:40:40,12:21:09,02:40:29,9629,1,8,6,18
2019,1,31,3,12,0,2,4,-2.433,2,011016B677,-0.5,11:10:58,11:25:05,00:14:07,847,1,9,8,24
2019,1,31,3,12,0,2,4,-2.433,2,011016C021,0.5,11:10:58,11:14:08,00:03:10,190,1,14,3,9
2019,1,31,3,12,0,2,4,-2.433,2,011016FBE0,-0.5,11:10:58,11:17:26,00:06:28,388,1,6,3,9
2019,1,31,3,12,0,2,4,-2.433,2,0110174792,0.5,11:10:58,12:06:16,00:55:18,3318,1,7,9,27
2019,1,31,3,12,0,2,4,-2.433,2,0110175DA5,-0.5,11:10:58,11:12:15,00:01:17,77,1,12,2,6
2019,1,31,3,12,0,2,4,-2.433,2,01103F8837,0.5,11:10:58,11:11:56,00:00:58,58,1,6,5,15
2019,1,31,3,12,0,2,4,-2.433,2,0700EE3271,-0.5,11:10:58,11:31:23,00:20:25,1225,1,5,4,12
2019,2,2,3,2,0,1,1,-22.713,2,011016A271,0.5,11:08:56,11:20:37,00:11:41,701,1,13,7,21
2019,2,2,3,2,0,1,1,-22.713,2,011016B66E,-0.5,11:08:56,11:32:53,00:23:57,1437,1,7,2,6
2019,2,2,3,2,0,1,1,-22.713,2,011016FFC0,-0.5,11:08:56,11:17:28,00:08:32,512,1,9,10,30
2019,2,2,3,2,0,1,1,-22.713,2,01101740A4,0.5,11:08:56,11:14:41,00:05:45,345,1,19,2,6
2019,2,2,3,2,0,1,1,-22.713,2,0110174E70,0.5,11:08:56,11:19:58,00:11:02,662,1,14,4,12
2019,2,2,3,2,0,1,1,-22.713,2,011017549A,-0.5,11:08:56,11:09:40,00:00:44,44,1,6,6,18
2019,2,2,3,2,0,1,1,-22.713,2,0110176BCA,0.5,11:08:56,11:15:04,00:06:08,368,1,4,4,12
2019,2,2,3,2,0,1,1,-22.713,2,01103F517D,0.5,11:08:56,11:20:19,00:11:23,683,1,9,4,12
2019,2,2,3,2,0,1,1,-22.713,2,01103F8A41,0.5,11:08:56,11:13:00,00:04:04,244,1,10,4,12
2019,2,2,3,2,0,1,1,-22.713,2,0700EDD987,-0.5,11:08:56,11:30:10,00:21:14,1274,1,11,5,15
2019,2,2,3,2,0,1,1,-22.713,2,0700EE1A91,-0.5,11:08:56,12:47:42,01:38:46,5926,1,25,8,24
2019,2,2,3,10,0,1,0,-22.713,1,0110170AFD,-0.5,09:42:56,09:51:19,00:08:23,503,1,17,7,21
2019,2,2,3,10,0,1,0,-22.713,1,01101726F2,-0.5,09:42:56,09:44:04,00:01:08,68,1,13,10,30
2019,2,2,3,10,0,1,0,-22.713,1,0110174E28,0.5,09:42:56,09:51:34,00:08:38,518,1,17,5,15
2019,2,2,3,10,0,1,0,-22.713,1,01101760B3,-0.5,09:42:56,09:45:15,00:02:19,139,1,13,7,21
2019,2,2,3,10,0,1,0,-22.713,1,0700EDFB72,-0.5,09:42:56,09:48:09,00:05:13,313,1,12,7,21
2019,2,2,3,11,4,1,0,-22.713,3,011016F8BB,0.5,14:08:02,15:14:52,01:06:50,4010,1,17,13,39
2019,2,2,3,11,4,1,0,-22.713,3,0110175C91,-0.5,14:08:02,14:21:43,00:13:41,821,1,19,9,27
2019,2,2,3,11,4,1,0,-22.713,3,01103F397C,-0.5,14:08:02,14:28:45,00:20:43,1243,1,16,7,21
2019,2,2,3,11,4,1,0,-22.713,3,0700EE045D,0.5,14:08:02,14:16:05,00:08:03,483,1,8,6,18
2019,2,2,3,16,3,1,6,-22.713,4,011016C37F,0.5,12:42:05,14:38:25,01:56:20,6980,1,6,5,15
2019,2,2,3,16,3,1,6,-22.713,4,011017172F,0.5,12:42:05,12:55:17,00:13:12,792,1,19,6,18
2019,2,2,3,16,3,1,6,-22.713,4,011017611A,-0.5,12:42:05,14:43:04,02:00:59,7259,1,9,1,3
2019,2,2,3,16,3,1,6,-22.713,4,01103F6EC3,-0.5,12:42:05,12:46:51,00:04:46,286,1,11,7,21
2019,2,2,3,16,3,1,6,-22.713,4,01103F8556,-0.5,12:42:05,13:20:36,00:38:31,2311,1,16,3,9
2019,2,2,3,16,3,1,6,-22.713,4,0700ED97B7,0.5,12:42:05,12:59:47,00:17:42,1062,1,18,5,15
2019,2,4,3,2,0,1,0,-29.646,1,011016A271,0.5,09:36:44,09:46:09,00:09:25,565,1,7,6,18
2019,2,4,3,2,0,1,0,-29.646,1,011016B66E,-0.5,09:36:44,10:11:15,00:34:31,2071,1,8,8,24
2019,2,4,3,2,0,1,0,-29.646,1,011016FFC0,-0.5,09:36:44,09:50:12,00:13:28,808,1,20,6,18
2019,2,4,3,2,0,1,0,-29.646,1,01101740A4,0.5,09:36:44,09:45:33,00:08:49,529,1,7,2,6
2019,2,4,3,2,0,1,0,-29.646,1,0110174E70,0.5,09:36:44,09:40:56,00:04:12,252,1,13,4,12
2019,2,4,3,2,0,1,0,-29.646,1,011017549A,-0.5,09:36:44,09:43:42,00:06:58,418,1,8,3,9
2019,2,4,3,2,0,1,0,-29.646,1,0110176BCA,0.5,09:36:44,09:54:35,00:17:51,1071,1,6,2,6
2019,2,4,3,2,0,1,0,-29.646,1,01103F517D,0.5,09:36:44,09:38:08,00:01:24,84,1,5,3,9
2019,2,4,3,2,0,1,0,-29.646,1,01103F8A41,0.5,09:36:44,09:46:47,00:10:03,603,1,8,1,3
2019,2,4,3,2,0,1,0,-29.646,1,0700EDD987,-0.5,09:36:44,09:52:46,00:16:02,962,1,20,5,15
2019,2,4,3,2,0,1,0,-29.646,1,0700EE1A91,-0.5,09:36:44,09:41:10,00:04:26,266,1,12,3,9
2019,2,4,3,4,6,2,0,-29.646,3,011016E0DD,-0.5,12:36:35,13:38:33,01:01:58,3718,1,18,8,24
2019,2,4,3,4,6,2,0,-29.646,3,0110171BB9,-0.5,12:36:35,12:43:57,00:07:22,442,1,24,6,18
2019,2,4,3,4,6,2,0,-29.646,3,0110172AD5,-0.5,12:36:35,12:40:56,00:04:21,261,1,7,2,6
2019,2,4,3,4,6,2,0,-29.646,3,01103F7AAC,-0.5,12:36:35,12:46:14,00:09:39,579,1,13,5,15
2019,2,4,3,4,6,2,0,-29.646,3,01103F8F8D,0.5,12:36:35,13:56:37,01:20:02,4802,1,22,9,27
2019,2,4,3,4,6,2,0,-29.646,3,0700EDB1E3,0.5,12:36:35,13:39:28,01:02:53,3773,1,17,10,30
2019,2,4,3,4,6,2,0,-29.646,3,0700EDE465,-0.5,12:36:35,13:38:39,01:02:04,3724,1,14,9,27
2019,2,4,3,4,6,2,0,-29.646,3,0700EE2D57,0.5,12:36:35,13:48:27,01:11:52,4312,1,20,5,15
2019,2,4,3,11,3,1,1,-29.646,4,011016F8BB,0.5,14:07:54,15:28:43,01:20:49,4849,1,11,14,42
2019,2,4,3,11,3,1,1,-29.646,4,0110175C91,-0.5,14:07:54,14:18:42,00:10:48,648,1,20,5,15
2019,2,4,3,11,3,1,1,-29.646,4,01103F397C,-0.5,14:07:54,14:29:34,00:21:40,1300,1,17,4,12
2019,2,4,3,11,3,1,1,-29.646,4,0700EE045D,0.5,14:07:54,14:15:27,00:07:33,453,1,17,7,21
2019,2,4,3,14,0,2,8,-29.646,2,011016C36E,-0.5,11:06:43,11:13:51,00:07:08,428,1,21,7,21
2019,2,4,3,14,0,2,8,-29.646,2,011016C68F,0.5,11:06:43,11:08:03,00:01:20,80,1,17,2,6
2019,2,4,3,14,0,2,8,-29.646,2,011016F3FE,0.5,11:06:43,13:53:34,02:46:51,10011,1,11,5,15
2019,2,4,3,14,0,2,8,-29.646,2,011016FB1C,-0.5,11:06:43,11:09:05,00:02:22,142,1,15,7,21
2019,2,4,3,14,0,2,8,-29.646,2,01103F3AFB,-0.5,11:06:43,11:22:54,00:16:11,971,1,14,7,21
2019,2,4,3,14,0,2,8,-29.646,2,01103F65D7,-0.5,11:06:43,12:15:54,01:09:11,4151,1,14,7,21
2019,2,4,3,14,0,2,8,-29.646,2,01103F762C,-0.5,11:06:43,11:09:55,00:03:12,192,1,24,7,21
2019,2,4,3,14,0,2,8,-29.646,2,0700EDD67A,-0.5,11:06:43,11:07:49,00:01:06,66,1,24,8,24
2019,2,4,3,14,0,2,8,-29.646,2,0700EDF3CC,0.5,11:06:43,11:13:10,00:06:27,387,1,15,5,15
2019,2,4,3,14,0,2,8,-29.646,2,0700EE1699,-0.5,11:06:43,11:16:39,00:09:56,596,1,13,6,18
2019,2,4,3,14,0,2,8,-29.646,2,0700EE3D0C,0.5,11:06:43,11:08:08,00:01:25,85,1,10,4,12
2019,2,14,4,4,3,1,4,-25.675,4,011016E0DD,-0.5,09:38:31,10:50:19,01:11:48,4308,1,18,8,24
2019,2,14,4,4,3,1,4,-25.675,4,0110170143,0.5,09:38:31,18:18,08:39:29,31169,0,9,0,0
2019,2,14,4,4,3,1,4,-25.675,4,0110171BB9,-0.5,09:38:31,09:45:46,00:07:15,435,1,9,8,24
2019,2,14,4,4,3,1,4,-25.675,4,0110172AD5,-0.5,09:38:31,09:58:39,00:20:08,1208,1,8,1,3
2019,2,14,4,4,3,1,4,-25.675,4,01103F7AAC,-0.5,09:38:31,10:03:25,00:24:54,1494,1,8,7,21
2019,2,14,4,4,3,1,4,-25.675,4,01103F8F8D,0.5,09:38:31,11:01:23,01:22:52,4972,1,10,8,24
2019,2,14,4,4,3,1,4,-25.675,4,0700EDB1E3,0.5,09:38:31,10:43:15,01:04:44,3884,1,7,9,27
2019,2,14,4,4,3,1,4,-25.675,4,0700EE2D57,0.5,09:38:31,10:55:19,01:16:48,4608,1,2,14,42
2019,2,14,4,10,0,1,0,-25.675,1,0110170AFD,-0.5,12:42:20,12:43:07,00:00:47,47,1,18,5,15
2019,2,14,4,10,0,1,0,-25.675,1,01101726F2,-0.5,12:42:20,12:43:58,00:01:38,98,1,15,10,30
2019,2,14,4,10,0,1,0,-25.675,1,0110174E28,0.5,12:42:20,12:49:09,00:06:49,409,1,13,2,6
2019,2,14,4,10,0,1,0,-25.675,1,01101760B3,-0.5,12:42:20,12:44:14,00:01:54,114,1,11,12,36
2019,2,14,4,10,0,1,0,-25.675,1,01103F8556,-0.5,12:42:20,18:18,05:35:40,20140,0,11,0,0
2019,2,14,4,10,0,1,0,-25.675,1,0700EDFB72,-0.5,12:42:20,12:45:49,00:03:29,209,1,13,7,21
2019,2,14,4,12,0,1,8,-25.675,2,011016B677,-0.5,14:13:18,14:18:36,00:05:18,318,1,29,10,30
2019,2,14,4,12,0,1,8,-25.675,2,011016C021,0.5,14:13:18,14:15:12,00:01:54,114,1,16,5,15
2019,2,14,4,12,0,1,8,-25.675,2,011016FBE0,-0.5,14:13:18,14:16:06,00:02:48,168,1,21,10,30
2019,2,14,4,12,0,1,8,-25.675,2,0110174792,0.5,14:13:18,14:35:26,00:22:08,1328,1,11,8,24
2019,2,14,4,12,0,1,8,-25.675,2,0110175DA5,-0.5,14:13:18,14:14:52,00:01:34,94,1,23,9,27
2019,2,14,4,12,0,1,8,-25.675,2,01103F64E9,-0.5,14:13:18,18:18,04:04:42,14682,0,4,0,0
2019,2,14,4,12,0,1,8,-25.675,2,0700EE3271,-0.5,14:13:18,14:27:26,00:14:08,848,1,16,6,18
2019,2,14,4,14,3,1,0,-25.675,3,011016C36E,-0.5,11:06:56,11:09:10,00:02:14,134,1,6,5,15
2019,2,14,4,14,3,1,0,-25.675,3,011016C68F,0.5,11:06:56,11:48:22,00:41:26,2486,1,5,6,18
2019,2,14,4,14,3,1,0,-25.675,3,011016F3FE,0.5,11:06:56,11:58:16,00:51:20,3080,1,6,6,18
2019,2,14,4,14,3,1,0,-25.675,3,011016FB1C,-0.5,11:06:56,11:16:47,00:09:51,591,1,7,7,21
2019,2,14,4,14,3,1,0,-25.675,3,011016FBE0,-0.5,11:06:56,18:18,07:11:04,25864,0,15,0,0
2019,2,14,4,14,3,1,0,-25.675,3,01103F65D7,-0.5,11:06:56,13:02:59,01:56:03,6963,1,9,8,24
2019,2,14,4,14,3,1,0,-25.675,3,01103F762C,-0.5,11:06:56,11:57:12,00:50:16,3016,1,9,3,9
2019,2,14,4,14,3,1,0,-25.675,3,01103F8837,0.5,11:06:56,11:11:57,00:05:01,301,1,11,5,15
2019,2,14,4,14,3,1,0,-25.675,3,0700EDD67A,-0.5,11:06:56,11:09:42,00:02:46,166,1,28,3,9
2019,2,14,4,14,3,1,0,-25.675,3,0700EDF3CC,0.5,11:06:56,11:37:37,00:30:41,1841,1,14,7,21
2019,2,14,4,14,3,1,0,-25.675,3,0700EE1699,-0.5,11:06:56,11:45:46,00:38:50,2330,1,3,11,33
2019,2,14,4,14,3,1,0,-25.675,3,0700EE3D0C,0.5,11:06:56,11:53:20,00:46:24,2784,1,8,3,9
2019,2,16,4,9,1,1,7,-18.263,4,0110170143,0.5,14:04:49,18:22,04:17:11,15431,0,18,0,0
2019,2,16,4,9,1,1,7,-18.263,4,0110175CF7,0.5,14:04:49,14:13:44,00:08:55,535,1,3,1,3
2019,2,16,4,9,1,1,7,-18.263,4,01101765DB,0.5,14:04:49,14:12:11,00:07:22,442,1,5,1,3
2019,2,16,4,9,1,1,7,-18.263,4,01103F64E9,-0.5,14:04:49,14:12:54,00:08:05,485,1,17,5,15
2019,2,16,4,9,1,1,7,-18.263,4,01103F8EFA,-0.5,14:04:49,14:08:30,00:03:41,221,1,21,8,24
2019,2,16,4,9,1,1,7,-18.263,4,0700EDC833,-0.5,14:04:49,14:10:54,00:06:05,365,1,10,9,27
2019,2,16,4,9,1,1,7,-18.263,4,0700EDCE8A,-0.5,14:04:49,18:22,04:17:11,15431,0,19,0,0
2019,2,16,4,11,5,1,0,-18.263,3,011016F8BB,0.5,09:37:40,09:57:08,00:19:28,1168,1,24,10,30
2019,2,16,4,11,5,1,0,-18.263,3,0110175C91,-0.5,09:37:40,09:48:41,00:11:01,661,1,12,12,36
2019,2,16,4,11,5,1,0,-18.263,3,01101760B3,-0.5,09:37:40,18:22,08:44:20,31460,0,1,0,0
2019,2,16,4,11,5,1,0,-18.263,3,01103F397C,-0.5,09:37:40,09:52:27,00:14:47,887,1,6,2,6
2019,2,16,4,11,5,1,0,-18.263,3,01103F8EFA,-0.5,09:37:40,18:22,08:44:20,31460,0,8,0,0
2019,2,16,4,11,5,1,0,-18.263,3,0700EE045D,0.5,09:37:40,10:12:43,00:35:03,2103,1,4,4,12
2019,2,16,4,11,5,1,0,-18.263,3,0700EE3271,-0.5,09:37:40,09:57:29,00:19:49,1189,1,5,3,9
2019,2,16,4,12,0,2,0,-18.263,1,011016B677,-0.5,12:43:39,12:45:30,00:01:51,111,1,13,4,12
2019,2,16,4,12,0,2,0,-18.263,1,011016C021,0.5,12:43:39,12:47:20,00:03:41,221,1,19,4,12
2019,2,16,4,12,0,2,0,-18.263,1,011016FBE0,-0.5,12:43:39,12:44:31,00:00:52,52,1,10,8,24
2019,2,16,4,12,0,2,0,-18.263,1,0110175DA5,-0.5,12:43:39,13:08:32,00:24:53,1493,1,23,7,21
2019,2,16,4,12,0,2,0,-18.263,1,01103F8837,0.5,12:43:39,12:44:27,00:00:48,48,1,17,8,24
2019,2,16,4,12,0,2,0,-18.263,1,0700EDD67A,-0.5,12:43:39,12:45:27,00:01:48,108,1,39,11,33
2019,2,16,4,12,0,2,0,-18.263,1,0700EE3271,-0.5,12:43:39,13:06:23,00:22:44,1364,1,23,4,12
2019,2,16,4,14,0,1,3,-18.263,2,011016C36E,-0.5,11:07:45,12:10:59,01:03:14,3794,1,5,7,21
2019,2,16,4,14,0,1,3,-18.263,2,011016C68F,0.5,11:07:45,11:08:15,00:00:30,30,1,7,2,6
2019,2,16,4,14,0,1,3,-18.263,2,011016F3FE,0.5,11:07:45,11:09:57,00:02:12,132,1,7,6,18
2019,2,16,4,14,0,1,3,-18.263,2,011016FB1C,-0.5,11:07:45,12:13:10,01:05:25,3925,1,7,5,15
2019,2,16,4,14,0,1,3,-18.263,2,0110175DDD,0.5,11:07:45,12:33:36,01:25:51,5151,1,1,2,6
2019,2,16,4,14,0,1,3,-18.263,2,01103F3AFB,-0.5,11:07:45,11:14:25,00:06:40,400,1,12,6,18
2019,2,16,4,14,0,1,3,-18.263,2,01103F65D7,-0.5,11:07:45,11:36:18,00:28:33,1713,1,13,2,6
2019,2,16,4,14,0,1,3,-18.263,2,01103F762C,-0.5,11:07:45,11:59:12,00:51:27,3087,1,7,4,12
2019,2,16,4,14,0,1,3,-18.263,2,01103F8837,0.5,11:07:45,18:22,07:14:15,26055,0,13,0,0
2019,2,16,4,14,0,1,3,-18.263,2,0700EDC833,-0.5,11:07:45,18:22,07:14:15,26055,0,2,0,0
2019,2,16,4,14,0,1,3,-18.263,2,0700EDD67A,-0.5,11:07:45,18:22,07:14:15,26055,0,7,0,0
2019,2,16,4,14,0,1,3,-18.263,2,0700EDF3CC,0.5,11:07:45,11:20:30,00:12:45,765,1,1,7,21
2019,2,16,4,14,0,1,3,-18.263,2,0700EE1699,-0.5,11:07:45,11:46:22,00:38:37,2317,1,13,5,15
2019,2,16,4,14,0,1,3,-18.263,2,0700EE3D0C,0.5,11:07:45,11:09:23,00:01:38,98,1,10,5,15
2019,2,18,4,4,0,2,2,-22.708,2,011016E0DD,-0.5,11:09:44,11:44:03,00:34:19,2059,1,17,14,42
2019,2,18,4,4,0,2,2,-22.708,2,0110170143,0.5,11:09:44,11:33:28,00:23:44,1424,1,15,4,12
2019,2,18,4,4,0,2,2,-22.708,2,0110171BB9,-0.5,11:09:44,11:12:36,00:02:52,172,1,11,9,27
2019,2,18,4,4,0,2,2,-22.708,2,0110172AD5,-0.5,11:09:44,11:12:42,00:02:58,178,1,6,6,18
2019,2,18,4,4,0,2,2,-22.708,2,01101765DB,0.5,11:09:44,11:31:36,00:21:52,1312,1,18,6,18
2019,2,18,4,4,0,2,2,-22.708,2,01103F8F8D,0.5,11:09:44,12:17:14,01:07:30,4050,1,15,6,18
2019,2,18,4,4,0,2,2,-22.708,2,0700EDB1E3,0.5,11:09:44,11:22:24,00:12:40,760,1,12,6,18
2019,2,18,4,4,0,2,2,-22.708,2,0700EDE465,-0.5,11:09:44,11:34:10,00:24:26,1466,1,13,8,24
2019,2,18,4,4,0,2,2,-22.708,2,0700EE2D57,0.5,11:09:44,11:56:30,00:46:46,2806,1,18,5,15
2019,2,18,4,9,5,2,0,-22.708,3,011016A962,0.5,09:37:35,14:12:03,04:34:28,16468,1,4,11,33
2019,2,18,4,9,5,2,0,-22.708,3,0110170143,0.5,09:37:35,18:26,08:48:25,31705,0,4,0,0
2019,2,18,4,9,5,2,0,-22.708,3,0110172DEC,-0.5,09:37:35,11:32:22,01:54:47,6887,1,4,5,15
2019,2,18,4,9,5,2,0,-22.708,3,01103F64E9,-0.5,09:37:35,10:36:10,00:58:35,3515,1,4,3,9
2019,2,18,4,9,5,2,0,-22.708,3,01103F8EFA,-0.5,09:37:35,09:50:49,00:13:14,794,1,13,1,3
2019,2,18,4,9,5,2,0,-22.708,3,0700EDC092,-0.5,09:37:35,14:09:14,04:31:39,16299,1,11,18,54
2019,2,18,4,9,5,2,0,-22.708,3,0700EDC833,-0.5,09:37:35,10:25:36,00:48:01,2881,1,9,10,30
2019,2,18,4,11,0,2,0,-22.708,1,011016A962,0.5,12:38:01,12:43:57,00:05:56,356,1,7,9,27
2019,2,18,4,11,0,2,0,-22.708,1,011016F8BB,0.5,12:38:01,12:40:15,00:02:14,134,1,7,9,27
2019,2,18,4,11,0,2,0,-22.708,1,0110172DEC,-0.5,12:38:01,12:53:28,00:15:27,927,1,8,4,12
2019,2,18,4,11,0,2,0,-22.708,1,0110174792,0.5,12:38:01,18:26,05:47:59,20879,0,3,0,0
2019,2,18,4,11,0,2,0,-22.708,1,0110175C91,-0.5,12:38:01,12:47:36,00:09:35,575,1,7,8,24
2019,2,18,4,11,0,2,0,-22.708,1,01103F397C,-0.5,12:38:01,12:56:44,00:18:43,1123,1,19,16,48
2019,2,18,4,11,0,2,0,-22.708,1,0700EDC092,-0.5,12:38:01,12:42:04,00:04:03,243,1,11,9,27
2019,2,18,4,11,0,2,0,-22.708,1,0700EE045D,0.5,12:38:01,12:38:52,00:00:51,51,1,17,4,12
2019,2,18,4,12,2,1,5,-22.708,4,011016B677,-0.5,14:15:33,14:16:39,00:01:06,66,1,28,4,12
2019,2,18,4,12,2,1,5,-22.708,4,011016C021,0.5,14:15:33,14:47:41,00:32:08,1928,1,15,3,9
2019,2,18,4,12,2,1,5,-22.708,4,011016FBE0,-0.5,14:15:33,14:20:35,00:05:02,302,1,8,6,18
2019,2,18,4,12,2,1,5,-22.708,4,0110174792,0.5,14:15:33,14:18:05,00:02:32,152,1,14,5,15
2019,2,18,4,12,2,1,5,-22.708,4,0110175DA5,-0.5,14:15:33,15:28:43,01:13:10,4390,1,12,2,6
2019,2,18,4,12,2,1,5,-22.708,4,0700EE3271,-0.5,14:15:33,14:20:33,00:05:00,300,1,9,5,15
2019,2,20,4,2,2,1,0,-8.183,3,011016B66E,-0.5,11:08:13,12:36:26,01:28:13,5293,1,9,5,15
2019,2,20,4,2,2,1,0,-8.183,3,0110174E70,0.5,11:08:13,11:19:00,00:10:47,647,1,7,3,9
2019,2,20,4,2,2,1,0,-8.183,3,011017549A,-0.5,11:08:13,11:13:23,00:05:10,310,1,21,9,27
2019,2,20,4,2,2,1,0,-8.183,3,0110176BCA,0.5,11:08:13,13:07:00,01:58:47,7127,1,4,2,6
2019,2,20,4,2,2,1,0,-8.183,3,01103F517D,0.5,11:08:13,11:15:08,00:06:55,415,1,11,8,24
2019,2,20,4,2,2,1,0,-8.183,3,01103F8A41,0.5,11:08:13,12:34:10,01:25:57,5157,1,6,9,27
2019,2,20,4,2,2,1,0,-8.183,3,0700EDD987,-0.5,11:08:13,11:33:01,00:24:48,1488,1,15,1,3
2019,2,20,4,2,2,1,0,-8.183,3,0700EDE465,-0.5,11:08:13,18:29,07:20:47,26447,0,2,0,0
2019,2,20,4,2,2,1,0,-8.183,3,0700EE1A91,-0.5,11:08:13,11:52:31,00:44:18,2658,1,9,1,3
2019,2,20,4,4,0,2,0,-8.183,1,011016E0DD,-0.5,09:40:28,09:48:23,00:07:55,475,1,10,6,18
2019,2,20,4,4,0,2,0,-8.183,1,0110171BB9,-0.5,09:40:28,10:34:58,00:54:30,3270,1,13,8,24
2019,2,20,4,4,0,2,0,-8.183,1,0110172AD5,-0.5,09:40:28,10:21:07,00:40:39,2439,1,6,1,3
2019,2,20,4,4,0,2,0,-8.183,1,01101765DB,0.5,09:40:28,18:29,08:48:32,31712,0,5,0,0
2019,2,20,4,4,0,2,0,-8.183,1,01103F7AAC,-0.5,09:40:28,10:21:33,00:41:05,2465,1,8,9,27
2019,2,20,4,4,0,2,0,-8.183,1,01103F8F8D,0.5,09:40:28,09:53:53,00:13:25,805,1,10,1,3
2019,2,20,4,4,0,2,0,-8.183,1,0700EDB1E3,0.5,09:40:28,09:48:31,00:08:03,483,1,14,9,27
2019,2,20,4,4,0,2,0,-8.183,1,0700EE2D57,0.5,09:40:28,10:41:46,01:01:18,3678,1,10,12,36
2019,2,20,4,10,0,1,7,-8.183,2,011016C021,0.5,12:42:21,18:29,05:46:39,20799,0,5,0,0
2019,2,20,4,10,0,1,7,-8.183,2,0110170AFD,-0.5,12:42:21,12:45:54,00:03:33,213,1,40,5,15
2019,2,20,4,10,0,1,7,-8.183,2,01101726F2,-0.5,12:42:21,12:50:19,00:07:58,478,1,18,10,30
2019,2,20,4,10,0,1,7,-8.183,2,01101740A4,0.5,12:42:21,18:29,05:46:39,20799,0,8,0,0
2019,2,20,4,10,0,1,7,-8.183,2,0110174E28,0.5,12:42:21,12:48:45,00:06:24,384,1,13,7,21
2019,2,20,4,10,0,1,7,-8.183,2,01101760B3,-0.5,12:42:21,12:54:34,00:12:13,733,1,15,5,15
2019,2,20,4,10,0,1,7,-8.183,2,0700EDFB72,-0.5,12:42:21,13:13:39,00:31:18,1878,1,15,5,15
2019,2,20,4,11,4,1,5,-8.183,4,011016F8BB,0.5,14:06:58,15:18:57,01:11:59,4319,1,14,15,45
2019,2,20,4,11,4,1,5,-8.183,4,0110175C91,-0.5,14:06:58,14:11:48,00:04:50,290,1,12,11,33
2019,2,20,4,11,4,1,5,-8.183,4,01103F397C,-0.5,14:06:58,14:37:35,00:30:37,1837,1,18,6,18
2019,2,20,4,11,4,1,5,-8.183,4,0700EE045D,0.5,14:06:58,14:08:56,00:01:58,118,1,14,5,15
2019,2,22,4,2,0,1,0,-10.458,1,011016B66E,-0.5,09:38:57,09:55:51,00:16:54,1014,1,4,4,12
2019,2,22,4,2,0,1,0,-10.458,1,0110174E70,0.5,09:38:57,09:51:14,00:12:17,737,1,12,4,12
2019,2,22,4,2,0,1,0,-10.458,1,011017549A,-0.5,09:38:57,10:08:20,00:29:23,1763,1,10,4,12
2019,2,22,4,2,0,1,0,-10.458,1,0110175F26,-0.5,09:38:57,11:10:40,01:31:43,5503,1,1,2,6
2019,2,22,4,2,0,1,0,-10.458,1,0110176BCA,0.5,09:38:57,10:33:29,00:54:32,3272,1,3,1,3
2019,2,22,4,2,0,1,0,-10.458,1,01103F517D,0.5,09:38:57,10:01:00,00:22:03,1323,1,10,4,12
2019,2,22,4,2,0,1,0,-10.458,1,0700EDD987,-0.5,09:38:57,10:01:50,00:22:53,1373,1,11,3,9
2019,2,22,4,2,0,1,0,-10.458,1,0700EDE465,-0.5,09:38:57,18:33,08:54:03,32043,0,2,0,0
2019,2,22,4,10,5,1,0,-10.458,3,0110170AFD,-0.5,11:13:11,11:21:20,00:08:09,489,1,17,5,15
2019,2,22,4,10,5,1,0,-10.458,3,01101726F2,-0.5,11:13:11,12:00:51,00:47:40,2860,1,2,8,24
2019,2,22,4,10,5,1,0,-10.458,3,0110174E28,0.5,11:13:11,11:24:07,00:10:56,656,1,20,18,54
2019,2,22,4,10,5,1,0,-10.458,3,01101760B3,-0.5,11:13:11,11:22:53,00:09:42,582,1,10,2,6
2019,2,22,4,10,5,1,0,-10.458,3,01103F8837,0.5,11:13:11,11:24:49,00:11:38,698,1,2,4,12
2019,2,22,4,10,5,1,0,-10.458,3,0700EDFB72,-0.5,11:13:11,11:52:36,00:39:25,2365,1,6,3,9
2019,2,22,4,14,4,2,3,-10.458,4,011016C36E,-0.5,12:38:46,13:06:57,00:28:11,1691,1,5,7,21
2019,2,22,4,14,4,2,3,-10.458,4,011016C68F,0.5,12:38:46,13:40:10,01:01:24,3684,1,8,8,24
2019,2,22,4,14,4,2,3,-10.458,4,011016F3FE,0.5,12:38:46,12:56:38,00:17:52,1072,1,6,5,15
2019,2,22,4,14,4,2,3,-10.458,4,011016FB1C,-0.5,12:38:46,12:54:27,00:15:41,941,1,6,7,21
2019,2,22,4,14,4,2,3,-10.458,4,011016FBE0,-0.5,12:38:46,13:00:25,00:21:39,1299,1,3,9,27
2019,2,22,4,14,4,2,3,-10.458,4,0110175DDD,0.5,12:38:46,12:54:08,00:15:22,922,1,10,2,6
2019,2,22,4,14,4,2,3,-10.458,4,01103F3AFB,-0.5,12:38:46,14:52:50,02:14:04,8044,1,6,11,33
2019,2,22,4,14,4,2,3,-10.458,4,01103F65D7,-0.5,12:38:46,14:21:09,01:42:23,6143,1,4,12,36
2019,2,22,4,14,4,2,3,-10.458,4,01103F762C,-0.5,12:38:46,12:56:18,00:17:32,1052,1,7,6,18
2019,2,22,4,14,4,2,3,-10.458,4,0700EDF3CC,0.5,12:38:46,15:32:28,02:53:42,10422,1,9,1,3
2019,2,22,4,14,4,2,3,-10.458,4,0700EE1699,-0.5,12:38:46,13:40:58,01:02:12,3732,1,10,18,54
2019,2,22,4,14,4,2,3,-10.458,4,0700EE3D0C,0.5,12:38:46,14:18:39,01:39:53,5993,1,6,7,21
2019,2,22,4,16,0,2,3,-10.458,2,011016C37F,0.5,14:14:14,14:21:48,00:07:34,454,1,15,6,18
2019,2,22,4,16,0,2,3,-10.458,2,011017172F,0.5,14:14:14,14:18:09,00:03:55,235,1,17,7,21
2019,2,22,4,16,0,2,3,-10.458,2,011017611A,-0.5,14:14:14,14:22:33,00:08:19,499,1,5,1,3
2019,2,22,4,16,0,2,3,-10.458,2,01103F3AFB,-0.5,14:14:14,18:33,04:18:46,15526,0,13,0,0
2019,2,22,4,16,0,2,3,-10.458,2,01103F6EC3,-0.5,14:14:14,14:14:52,00:00:38,38,1,13,4,12
2019,2,22,4,16,0,2,3,-10.458,2,0700ED97B7,0.5,14:14:14,14:20:40,00:06:26,386,1,10,3,9
2019,2,24,4,2,3,1,2,-22.229,4,011016B66E,-0.5,09:39:43,10:43:24,01:03:41,3821,1,9,7,21
2019,2,24,4,2,3,1,2,-22.229,4,0110174E70,0.5,09:39:43,09:41:17,00:01:34,94,1,15,5,15
2019,2,24,4,2,3,1,2,-22.229,4,011017549A,-0.5,09:39:43,09:41:26,00:01:43,103,1,16,7,21
2019,2,24,4,2,3,1,2,-22.229,4,0110176BCA,0.5,09:39:43,12:50:11,03:10:28,11428,1,6,1,3
2019,2,24,4,2,3,1,2,-22.229,4,01103F517D,0.5,09:39:43,09:46:32,00:06:49,409,1,8,2,6
2019,2,24,4,2,3,1,2,-22.229,4,0700EDD987,-0.5,09:39:43,10:44:05,01:04:22,3862,1,10,6,18
2019,2,24,4,2,3,1,2,-22.229,4,0700EDE465,-0.5,09:39:43,18:37,08:57:17,32237,0,5,0,0
2019,2,24,4,9,0,2,0,-22.229,1,011016A962,0.5,12:36:42,12:50:51,00:14:09,849,1,14,4,12
2019,2,24,4,9,0,2,0,-22.229,1,0110170143,0.5,12:36:42,12:57:45,00:21:03,1263,1,18,4,12
2019,2,24,4,9,0,2,0,-22.229,1,0110172DEC,-0.5,12:36:42,13:54:15,01:17:33,4653,1,5,8,24
2019,2,24,4,9,0,2,0,-22.229,1,0110175CF7,0.5,12:36:42,12:41:43,00:05:01,301,1,1,3,9
2019,2,24,4,9,0,2,0,-22.229,1,01101765DB,0.5,12:36:42,12:50:11,00:13:29,809,1,12,3,9
2019,2,24,4,9,0,2,0,-22.229,1,01103F64E9,-0.5,12:36:42,12:52:57,00:16:15,975,1,17,8,24
2019,2,24,4,9,0,2,0,-22.229,1,01103F8EFA,-0.5,12:36:42,12:39:27,00:02:45,165,1,27,17,51
2019,2,24,4,9,0,2,0,-22.229,1,0700EDC092,-0.5,12:36:42,12:47:11,00:10:29,629,1,21,12,36
2019,2,24,4,9,0,2,0,-22.229,1,0700EDC833,-0.5,12:36:42,12:38:40,00:01:58,118,1,14,6,18
2019,2,24,4,9,0,2,0,-22.229,1,0700EDCE8A,-0.5,12:36:42,12:49:11,00:12:29,749,1,16,6,18
2019,2,24,4,11,0,1,4,-22.229,2,011016F8BB,0.5,14:08:26,15:18:07,01:09:41,4181,1,5,10,30
2019,2,24,4,11,0,1,4,-22.229,2,0110172DEC,-0.5,14:08:26,15:15:16,01:06:50,4010,1,4,7,21
2019,2,24,4,11,0,1,4,-22.229,2,0110175C91,-0.5,14:08:26,14:16:54,00:08:28,508,1,21,6,18
2019,2,24,4,11,0,1,4,-22.229,2,01103F397C,-0.5,14:08:26,14:10:52,00:02:26,146,1,25,3,9
2019,2,24,4,11,0,1,4,-22.229,2,0700EE045D,0.5,14:08:26,14:10:39,00:02:13,133,1,11,8,24
2019,2,24,4,16,2,1,0,-22.229,3,011016C37F,0.5,11:13:03,11:28:25,00:15:22,922,1,15,6,18
2019,2,24,4,16,2,1,0,-22.229,3,011017172F,0.5,11:13:03,11:23:03,00:10:00,600,1,9,8,24
2019,2,24,4,16,2,1,0,-22.229,3,011017611A,-0.5,11:13:03,12:06:15,00:53:12,3192,1,7,2,6
2019,2,24,4,16,2,1,0,-22.229,3,01103F6EC3,-0.5,11:13:03,11:26:02,00:12:59,779,1,21,11,33
2019,2,24,4,16,2,1,0,-22.229,3,0700ED97B7,0.5,11:13:03,11:47:40,00:34:37,2077,1,7,12,36
2019,2,26,4,2,0,1,1,-23.096,2,011016A271,0.5,11:10:23,11:19:45,00:09:22,562,1,8,7,21
2019,2,26,4,2,0,1,1,-23.096,2,011016B66E,-0.5,11:10:23,11:44:19,00:33:56,2036,1,4,3,9
2019,2,26,4,2,0,1,1,-23.096,2,0110174E70,0.5,11:10:23,11:12:11,00:01:48,108,1,10,2,6
2019,2,26,4,2,0,1,1,-23.096,2,011017549A,-0.5,11:10:23,11:35:44,00:25:21,1521,1,11,7,21
2019,2,26,4,2,0,1,1,-23.096,2,01103F517D,0.5,11:10:23,11:22:52,00:12:29,749,1,6,5,15
2019,2,26,4,2,0,1,1,-23.096,2,01103F8A41,0.5,11:10:23,11:13:06,00:02:43,163,1,1,1,3
2019,2,26,4,2,0,1,1,-23.096,2,0700EDD987,-0.5,11:10:23,11:24:10,00:13:47,827,1,10,5,15
2019,2,26,4,2,0,1,1,-23.096,2,0700EE1A91,-0.5,11:10:23,11:29:11,00:18:48,1128,1,11,5,15
2019,2,26,4,4,2,1,0,-23.096,3,011016E0DD,-0.5,14:09:19,15:18:11,01:08:52,4132,1,23,8,24
2019,2,26,4,4,2,1,0,-23.096,3,0110171BB9,-0.5,14:09:19,14:24:37,00:15:18,918,1,12,6,18
2019,2,26,4,4,2,1,0,-23.096,3,0110175F26,-0.5,14:09:19,14:34:02,00:24:43,1483,1,21,3,9
2019,2,26,4,4,2,1,0,-23.096,3,01103F7AAC,-0.5,14:09:19,14:31:15,00:21:56,1316,1,5,9,27
2019,2,26,4,4,2,1,0,-23.096,3,01103F8F8D,0.5,14:09:19,14:30:19,00:21:00,1260,1,10,10,30
2019,2,26,4,4,2,1,0,-23.096,3,0700EDB1E3,0.5,14:09:19,15:46:09,01:36:50,5810,1,6,11,33
2019,2,26,4,4,2,1,0,-23.096,3,0700EDE465,-0.5,14:09:19,14:31:12,00:21:53,1313,1,15,8,24
2019,2,26,4,10,4,2,1,-23.096,4,0110170AFD,-0.5,09:44:48,09:46:22,00:01:34,94,1,12,6,18
2019,2,26,4,10,4,2,1,-23.096,4,01101726F2,-0.5,09:44:48,10:08:38,00:23:50,1430,1,11,5,15
2019,2,26,4,10,4,2,1,-23.096,4,01101760B3,-0.5,09:44:48,10:48:04,01:03:16,3796,1,1,4,12
2019,2,26,4,10,4,2,1,-23.096,4,01103F8837,0.5,09:44:48,09:49:53,00:05:05,305,1,18,8,24
2019,2,26,4,10,4,2,1,-23.096,4,0700EDFB72,-0.5,09:44:48,11:12:05,01:27:17,5237,1,9,10,30
2019,2,26,4,16,0,2,0,-23.096,1,011016C37F,0.5,12:43:28,12:51:20,00:07:52,472,1,13,6,18
2019,2,26,4,16,0,2,0,-23.096,1,011017172F,0.5,12:43:28,12:46:16,00:02:48,168,1,10,4,12
2019,2,26,4,16,0,2,0,-23.096,1,011017611A,-0.5,12:43:28,13:02:47,00:19:19,1159,1,10,4,12
2019,2,26,4,16,0,2,0,-23.096,1,01103F6EC3,-0.5,12:43:28,12:45:46,00:02:18,138,1,7,5,15
2019,2,26,4,16,0,2,0,-23.096,1,01103F8556,-0.5,12:43:28,12:45:38,00:02:10,130,1,12,11,33
2019,2,26,4,16,0,2,0,-23.096,1,0700ED97B7,0.5,12:43:28,12:54:42,00:11:14,674,1,18,6,18
2019,2,28,4,9,0,1,4,-9.654,2,011016A962,0.5,09:38:07,10:07:39,00:29:32,1772,1,14,16,48
2019,2,28,4,9,0,1,4,-9.654,2,0110170143,0.5,09:38:07,11:40:57,02:02:50,7370,1,12,6,18
2019,2,28,4,9,0,1,4,-9.654,2,0110172DEC,-0.5,09:38:07,10:37:08,00:59:01,3541,1,7,3,9
2019,2,28,4,9,0,1,4,-9.654,2,0110175CF7,0.5,09:38:07,10:07:32,00:29:25,1765,1,1,2,6
2019,2,28,4,9,0,1,4,-9.654,2,01101765DB,0.5,09:38:07,10:08:34,00:30:27,1827,1,4,2,6
2019,2,28,4,9,0,1,4,-9.654,2,01103F8EFA,-0.5,09:38:07,09:39:05,00:00:58,58,1,11,11,33
2019,2,28,4,9,0,1,4,-9.654,2,0700EDC092,-0.5,09:38:07,10:15:26,00:37:19,2239,1,21,11,33
2019,2,28,4,9,0,1,4,-9.654,2,0700EDC833,-0.5,09:38:07,09:43:13,00:05:06,306,1,10,5,15
2019,2,28,4,12,1,2,0,-9.654,3,011016C021,0.5,12:44:51,12:58:58,00:14:07,847,1,15,7,21
2019,2,28,4,12,1,2,0,-9.654,3,011016FB1C,-0.5,12:44:51,18:44,05:59:09,21549,0,7,0,0
2019,2,28,4,12,1,2,0,-9.654,3,0110174792,0.5,12:44:51,12:57:56,00:13:05,785,1,6,5,15
2019,2,28,4,12,1,2,0,-9.654,3,0110175DA5,-0.5,12:44:51,13:10:27,00:25:36,1536,1,10,2,6
2019,2,28,4,12,1,2,0,-9.654,3,0700EDCE8A,-0.5,12:44:51,18:44,05:59:09,21549,0,7,0,0
2019,2,28,4,12,1,2,0,-9.654,3,0700EE3271,-0.5,12:44:51,13:17:28,00:32:37,1957,1,11,4,12
2019,2,28,4,14,0,1,0,-9.654,1,011016C36E,-0.5,11:08:50,11:30:22,00:21:32,1292,1,18,3,9
2019,2,28,4,14,0,1,0,-9.654,1,011016C68F,0.5,11:08:50,11:40:24,00:31:34,1894,1,9,8,24
2019,2,28,4,14,0,1,0,-9.654,1,011016F3FE,0.5,11:08:50,12:12:46,01:03:56,3836,1,6,4,12
2019,2,28,4,14,0,1,0,-9.654,1,0110175DDD,0.5,11:08:50,11:11:50,00:03:00,180,1,22,4,12
2019,2,28,4,14,0,1,0,-9.654,1,0110175F26,-0.5,11:08:50,18:44,07:35:10,27310,0,4,0,0
2019,2,28,4,14,0,1,0,-9.654,1,01103F762C,-0.5,11:08:50,12:12:07,01:03:17,3797,1,8,3,9
2019,2,28,4,14,0,1,0,-9.654,1,0700EE1699,-0.5,11:08:50,11:40:15,00:31:25,1885,1,6,9,27
2019,2,28,4,16,5,2,6,-9.654,4,011016C37F,0.5,14:12:51,14:30:09,00:17:18,1038,1,16,3,9
2019,2,28,4,16,5,2,6,-9.654,4,011017172F,0.5,14:12:51,14:14:19,00:01:28,88,1,9,7,21
2019,2,28,4,16,5,2,6,-9.654,4,011017611A,-0.5,14:12:51,15:06:59,00:54:08,3248,1,8,2,6
2019,2,28,4,16,5,2,6,-9.654,4,01103F6EC3,-0.5,14:12:51,14:33:18,00:20:27,1227,1,15,7,21
2019,2,28,4,16,5,2,6,-9.654,4,0700ED97B7,0.5,14:12:51,14:49:14,00:36:23,2183,1,18,3,9
