run,warmup,model,latency_ms,input_tokens,cf_ray,server_timing
1,True,clef-flash,724.9,248,a454a1b96c711ed9-SIN,
1,True,clef,647.3,248,a454a1bddb151ed9-SIN,
2,False,clef-flash,396.3,248,a454a1c1df101ed9-SIN,
2,False,clef,715.7,248,a454a1c45e7a1ed9-SIN,
3,False,clef-flash,409.7,248,a454a1c8dbc11ed9-SIN,
3,False,clef,818.8,248,a454a1cb6bd01ed9-SIN,
4,False,clef-flash,332.3,248,a454a1d08bd11ed9-SIN,
4,False,clef,588.9,248,a454a1d29ac31ed9-SIN,
5,False,clef-flash,409.0,248,a454a1d64e1f1ed9-SIN,
5,False,clef,720.6,248,a454a1d8de221ed9-SIN,
6,False,clef-flash,446.7,248,a454a1dd5b6d1ed9-SIN,
6,False,clef,675.4,248,a454a1e01b871ed9-SIN,
7,False,clef-flash,338.6,248,a454a1e4586c1ed9-SIN,
7,False,clef,481.0,248,a454a1e67e641ed9-SIN,
8,False,clef-flash,332.2,248,a454a1e978561ed9-SIN,
8,False,clef,895.7,248,a454a1eb8f0d1ed9-SIN,
9,False,clef-flash,409.3,248,a454a1f1287f1ed9-SIN,
9,False,clef,511.3,248,a454a1f3b8dd1ed9-SIN,
10,False,clef-flash,409.9,248,a454a1f6eadd1ed9-SIN,
10,False,clef,715.9,248,a454a1f97a7e1ed9-SIN,
11,False,clef-flash,409.7,248,a454a1fde8321ed9-SIN,
11,False,clef,512.3,248,a454a200889f1ed9-SIN,
12,False,clef-flash,384.9,248,a454a203baf71ed9-SIN,
12,False,clef,680.4,248,a454a2061a431ed9-SIN,
