clip_id,song_title,movie,year,decade,composer,singer,umap_1,umap_2
-08iMwFGroU_clip,"Pakka Gentlema Video Song in Super Police Movie 1989 Venkatesh, Soundarya Tamil ",I,1994,1990,A.R. Rahman,A.R. Rahman; Others,2.8660827,3.1267502
-BV8TPRfm64_clip,Kannum Kannumthan Song Thirupaachi Tamil Movie Vijay Trisha Harish Raghavendra P,I,2004,2000,A.R. Rahman,A.R. Rahman; Others,2.9098155,3.9424562
-PdINQdBRKk_clip,Alai Payum Nenjile Machi Machi Aadhalal Kadhal Seiveer Yuvan Tamil Movie Video s,I,1991,1990,A.R. Rahman,A.R. Rahman; Others,2.2385542,4.3890095
-bygU7duPVI_clip,"Putta Bomma (Tamil) Video Song VaikundaPuram Movie Allu Arjun, Pooja Hegde Thama",I,2000,2000,A.R. Rahman,A.R. Rahman; Others,4.8983397,4.578024
-cUSV8MCOLY_clip,Yaan Aathangara Orathil Video Jiiva Harris Jayaraj Super Hit Tamil Song,I,2014,2010,A.R. Rahman,A.R. Rahman; Others,4.452164,5.952028
-jWAJtnunZs_clip,"Samar Azhagho Azhaghu Video Vishal, Trisha",I,2012,2010,A.R. Rahman,A.R. Rahman; Others,3.6044362,5.2386036
-jgsZO-iOfA_clip,Pattatthu Yaanai Enna Oru Enna Oru Video Vishal SS Thaman,I,2013,2010,A.R. Rahman,A.R. Rahman; Others,2.8341115,4.151753
-jqkWhRk-NI_clip,Unnaithane,Nallavanukku Nallavan,1984,1980,Ilaiyaraaja,S.P. Balasubrahmanyam,1.2183719,2.7404833
-pTaqX8CIpE_clip,Thaen Thaen Thaen 4K Video Song தேன் தேன் Kuruvi Vijay Trisha Vidyasagar Ayngara,I,2000,2000,A.R. Rahman,A.R. Rahman; Others,1.4008931,4.9861627
05VpS1L5_hc_clip,Maryan Sonapareeya Tamil Lyric A.R. Rahman Dhanush,Maryan,2013,2010,A.R. Rahman,Jey; Others,3.897468,4.6969385
06PX4-d4hXU_clip,Nilave Nilave 4K Video Song Nilaave Vaa Tamil Movie Songs Thalapathy Vijay Old S,I,1998,1990,A.R. Rahman,A.R. Rahman; Others,1.7183332,2.9893785
0LjE_FUVP2I_clip,"Karna Aye Shebha Video Arjun, Ranjitha Vidyasagar",I,1994,1990,A.R. Rahman,A.R. Rahman; Others,4.407047,4.5663214
0YyAjv4gnJE_clip,Thendral Katre Song Kumbakarai Thangaiah Movie Ilaiyaraaja Prabhu Kanaka S. Jana,Nallavanukku Nallavan,1991,1990,Ilaiyaraaja,S. Janaki,1.8724351,1.868804
0pQK4VpnVbE_clip,Muthal Mariyathai,Muthal Mariyathai,1975,1970,M.S. Viswanathan,T.M. Soundararajan,1.6611391,1.6743813
0s2vxoTRs5M_clip,Nepali Kanavilae Kanavilae Video Bharath Meera Srikanth Deva,I,2008,2000,A.R. Rahman,A.R. Rahman; Others,1.636736,5.219952
19CdwdItB3o_clip,"Osthe Neduvaali Tamil Video STR, Thaman",I,2010,2010,A.R. Rahman,A.R. Rahman; Others,5.080553,4.6617026
1D5o1tuq0yI_clip,Azhagooril 4k Official Video Thirumalai Vijay Jyothika Vidyasagar Raghuvaran SPB,I,2000,2000,A.R. Rahman,A.R. Rahman; Others,0.6284278,3.472127
1L0Q7JOF_bA_clip,Kuchi Kuchi Rakkamma Video Song Bombay Tamil Movie Arvind Swamy Manisha Koirala ,Bombay,1994,1990,A.R. Rahman,S.P. Balasubrahmanyam; K.S. Chithra,3.9601257,3.5314856
1fOOTVie9Ro_clip,Enthan Uyire Audio Song Unnaruge Naan Irundhal Romantic Song,I,1999,1990,A.R. Rahman,A.R. Rahman; Others,0.3073815,3.115382
1seR_ckLXz4_clip,Golden Sparrow Video Song Dhanush Priyanka Mohan Pavish Anikha GV Prakash #NEEK,I,2023,2020,A.R. Rahman,A.R. Rahman; Others,4.4371142,5.8806458
27yGAMGAXjE_clip,Pasumpon Thamarai Poovukum Official Video Song Vidyasagar,I,1995,1990,A.R. Rahman,A.R. Rahman; Others,2.6587381,2.9745364
2Cf3e_G_IkQ_clip,Naanga Naalu Peru Lyric Video Karuppu Suriya RJB @SaiAbhyankkar Silambarasan TR ,I,2026,2020,A.R. Rahman,A.R. Rahman; Others,5.6357856,4.8869467
2kx_07BzGZE_clip,Roja,Roja,1992,1990,A.R. Rahman,S. Janaki,2.0866904,3.344918
2m9esh3PG98_clip,"En Rojaa Neeye Video Song Kushi Vijay Deverakonda, Samantha Ruth Prabhu Hesham A",Roja,2023,2020,A.R. Rahman,S.P. Balasubrahmanyam; K.S. Chithra,1.5608507,5.3699813
2ogKpj5QuSY_clip,Vedalam Aaluma Doluma Video Ajith Anirudh Ravichander,I,2015,2010,A.R. Rahman,A.R. Rahman; Others,4.9940686,4.5886016
2qCpY38ompo_clip,Monica Lyric Video COOLIE Superstar Rajinikanth Sun Pictures Lokesh Anirudh Pooj,I,2025,2020,A.R. Rahman,A.R. Rahman; Others,4.7889404,4.899461
3KbWbT7P-Dw_clip,"Nannbenda Oorellaam Unnai Kandu Video Udhayanidhi Stalin, Nayanthara",Nallavanukku Nallavan,2014,2010,Ilaiyaraaja,S.P. Balasubrahmanyam,1.670599,4.3156934
3P0d5H5zmEI_clip,Anjali Anjali Video Song Duet Tamil Movie Songs Prabhu Ramesh Meenakshi Seshadri,I,1994,1990,A.R. Rahman,A.R. Rahman; Others,1.5664973,2.672003
3TaqJpWew60_clip,Maadhulang Kaniye Video Song Sami Potta Mudichu Tamil Movie Songs Murali Sindhu,I,1991,1990,A.R. Rahman,A.R. Rahman; Others,1.9067794,1.628861
3c3sV-A8vow_clip,"Viruman Kanja Poovu Kannala Video Karthi, Aditi Shankar Yuvan Shankar Raja Mutha",I,2022,2020,A.R. Rahman,A.R. Rahman; Others,4.616408,4.132265
3zJ6_zO4t3c_clip,Nayakan,Nayakan,1986,1980,Ilaiyaraaja,S. Janaki,3.2151802,2.52956
44L0_ZWR_cE_clip,Nandri Solla Unakku Video Song Maru Malarchi Tamil Movie Songs Mammootty Devayan,I,1997,1990,A.R. Rahman,A.R. Rahman; Others,1.7276759,2.340903
4Ly50edHjhY_clip,Etho Oru Paatu Video Song Unnidathil Ennai Koduthen Tamil Movie Songs Karthik Su,I,1998,1990,A.R. Rahman,A.R. Rahman; Others,0.48784226,2.9213035
4ReTfw5YeiY_clip,En Swasa Kaatre Tamil Movie Chinna Chinna Video Song Arvind Swamy Isha Koppikar ,I,1994,1990,A.R. Rahman,A.R. Rahman; Others,1.6673337,3.7339513
4Sx7p9M71L4_clip,Mudhal Mudhalil Parthen Video Song Aahaa Tamil Movie Songs Rajiv Krishna Sulekha,I,1997,1990,A.R. Rahman,A.R. Rahman; Others,0.48046398,2.4813485
4um9usMjMm0_clip,Kuluvalilae 4K Video Song Superstar Rajinikanth A R Rahman Muthu Tamil Song Sun ,I,1995,1990,A.R. Rahman,A.R. Rahman; Others,3.199561,3.2841582
592mNGkpYig_clip,"Vaa Vaathi Full Video Song Vaathi Movie Dhanush, Samyuktha GV Prakash Kumar Venk",I,2000,2000,A.R. Rahman,A.R. Rahman; Others,2.074726,6.237203
5BZtZxh_w1M_clip,Nooraandukku Oru Murai Song With Lyrics Thayin Manikodi Vairamuthu Vidyasagar,I,1997,1990,A.R. Rahman,A.R. Rahman; Others,1.1790204,3.3647313
5CEXL8kfGL4_clip,Full Video: KANIMAA RETRO Suriya Karthik Subbaraj Pooja Hegde Santhosh Narayanan,I,2025,2020,A.R. Rahman,A.R. Rahman; Others,4.7077637,4.069712
5NEK2JSIHOs_clip,Muthu,Muthu,2000,2000,A.R. Rahman,S. Janaki,3.6534693,3.207652
5OkDuF5JPts_clip,"Un Perai Sonnale Song with Lyrics Dumm Dumm Dumm Unnikrishanan Hits Madhavan, Jy",I,2001,2000,A.R. Rahman,A.R. Rahman; Others,2.1542783,4.7907186
5_Q9NaBq1RE_clip,"Varuthapadatha Vaalibar Sangam Oodhaa Kalaru Video Song Sivakarthikeyan, Sridivy",I,2013,2010,A.R. Rahman,A.R. Rahman; Others,2.6941519,3.2056782
68r6TsQLUbs_clip,"Masilamani Dora Dora Video Nakul, Sunaina D. Imman",I,2009,2000,A.R. Rahman,A.R. Rahman; Others,1.6139882,3.8044586
6cc5Xdcxxc8_clip,Thiruvilayadal,Thiruvilayadal,1965,1960,M.S. Viswanathan,T.M. Soundararajan,1.3247529,1.0743101
6l2qdxLlgVg_clip,Annai,Annai,1979,1970,Ilaiyaraaja,T.M. Soundararajan,1.3771266,1.9347463
6lphR5vPrnU_clip,"Avan Ivan Rasathi Tamil Video Yuvanshankar Raja Vishal, Arya",I,2011,2010,A.R. Rahman,A.R. Rahman; Others,3.6313374,4.594677
6o8pxa1PJ1g_clip,"Teddy 🧸 Nanbiye Video Song Arya, Sayyeshaa D. Imman Shakti Soundar Rajan",I,2021,2020,A.R. Rahman,A.R. Rahman; Others,0.57657546,5.636123
6xbpjETTegI_clip,"Kathal Website Ondru Lyrical Dheena Ajith, Laila Shankar Mahadevan, Harini, Timm",I,2001,2000,A.R. Rahman,A.R. Rahman; Others,2.0214298,5.354979
70s3fNJ5Fcs_clip,Thillana Mohanambal,Thillana Mohanambal,1950,1950,A.G.R.,T.M. Soundararajan,2.5938745,1.3844742
7CAAM_x-zJE_clip,Chandi Veeran Tamil Movie Alunguraen Kulunguraen Video Song Atharvaa Murali Tren,I,2015,2010,A.R. Rahman,A.R. Rahman; Others,2.2714374,4.673178
7G3SoRhAiKw_clip,Enna Azhagu Ethanai Azhagu Video Song Love Today Thalapathy Vijay Suvalakshmi Su,I,1996,1990,A.R. Rahman,A.R. Rahman; Others,2.0976434,3.3121016
7R6jzvwUkcc_clip,Azhagiya Asura (Lyric Video) Whistle Anitha Chandrasekar D. Imman Thamarai,I,2003,2000,A.R. Rahman,A.R. Rahman; Others,2.2220874,2.5468473
7aJNeIExVrQ_clip,"Railin Oligal Video Blue Star Ashok Selvan, Keerthi Govind Vasantha Jaya Kumar P",I,2023,2020,A.R. Rahman,A.R. Rahman; Others,0.50811,5.6821647
7fFFbFp8nOg_clip,"7 Aum Arivu Mun Andhi Video Suriya, Shruti Harris Jayaraj",I,2011,2010,A.R. Rahman,A.R. Rahman; Others,1.3330055,5.6839943
7hZtkrqDpOo_clip,Karna Hello Chellamma Video Arjun Vidyasagar,I,1994,1990,A.R. Rahman,A.R. Rahman; Others,3.7182002,4.9108253
7nIZ5hLru80_clip,Kaaviyathalaivan Yaarumilla Video Song A.R.Rahman Siddharth Vedhika,I,2014,2010,A.R. Rahman,A.R. Rahman; Others,1.1610388,4.0252275
7q659O5d9AM_clip,Pani Thulli Video Song Kanda Naal Mudhal Tamil Movie Prasanna Laila Yuvan Shanka,I,2005,2000,A.R. Rahman,A.R. Rahman; Others,1.3314738,5.2977734
7ydI06TnEJs_clip,"Sivappu Manjal Pachai Idhudhaan Video Song G.V.Prakash Kumar, Kashmira Sasi Sidd",I,2019,2010,A.R. Rahman,A.R. Rahman; Others,0.53239065,5.3306713
8--zzejtWoM_clip,"Ivan Vera Mathiri Lovulla Video Vikram Prabhu, Surabhi C. Sathya",I,2013,2010,A.R. Rahman,A.R. Rahman; Others,3.292819,4.3178315
8-p0x-FYDTk_clip,Raman Thediya Seethai Mazhai Nindra Video Vidyasagar,I,2008,2000,A.R. Rahman,A.R. Rahman; Others,0.054017738,4.221654
80DbzJ4RCPI_clip,Oru Kal Oru Kannadi Akila Akila Video Harris Jayaraj Udhayanidhi Stalin,I,2012,2010,A.R. Rahman,A.R. Rahman; Others,2.908462,5.1509356
88iypMO9H7g_clip,Petta,Petta,2019,2010,Anirudh,Anirudh,5.5810413,4.8873315
8DYW9uBZzLs_clip,Aasal Tamil Movie Yea Dushyantha Song Ajith Kumar Sameera Reddy Bhavana Bharathw,I,2005,2000,A.R. Rahman,A.R. Rahman; Others,2.4641733,4.946362
8IQXqcdhlLA_clip,"Ko Amali Thumali Video Jiiva, Karthika Harris",I,2011,2010,A.R. Rahman,A.R. Rahman; Others,2.2435791,4.19123
8SS_uM4Bn88_clip,Vijay Hit Songs Vijay & Shali Hits Tamil Melody Songs,I,1991,1990,A.R. Rahman,A.R. Rahman; Others,2.2404377,3.2547703
8T7WQrcyE9s_clip,Maan Karate Un Vizhigalil Video Anirudh Sivakarthikeyan,I,2014,2010,A.R. Rahman,A.R. Rahman; Others,0.61564064,5.8328414
8XHwrH9Br58_clip,Nee Thoongum Nearathil tamil Video Song Manasellam Srikanth Trisha Ilayaraja,I,2003,2000,A.R. Rahman,A.R. Rahman; Others,0.51415265,4.6682005
8YqwQ_eAmdk_clip,Kanmunne Ethanai Nilavu Song with Lyrics Dhanush Yuvan Shankar Raja Timmy Pa. Vi,I,2001,2000,A.R. Rahman,A.R. Rahman; Others,2.04082,5.425007
8eYG5QGZAZs_clip,Jawan,Jawan,2023,2020,Anirudh,Anirudh,1.9543709,6.13949
8fE3r0_NjiQ_clip,"Malargale Song Pudhukottaiyilirundhu Saravanan Dhanush, Yuvan Shankar Raja",I,2004,2000,A.R. Rahman,A.R. Rahman; Others,1.5379263,3.246421
8kKReFhsTaY_clip,Jingunamani Song Jilla Tamil Songs Vijay Mohanlal Kajal Aggarwal Imman Star Musi,I,2013,2010,A.R. Rahman,A.R. Rahman; Others,3.224815,3.1730585
93cGwdghkvM_clip,Kulla Nari Kootam Vizhigalile Tamil Video Viishnu VIishal,I,2011,2010,A.R. Rahman,A.R. Rahman; Others,0.93113995,4.9532003
93iK4wNij8E_clip,Vaaranam Aayiram Mundhinam Video Song Harris Jayaraj Suriya Simran,I,2000,2000,A.R. Rahman,A.R. Rahman; Others,0.3675639,5.2787466
97o5LirQZMM_clip,Ninaithale Inikkum Pia.. Pia.. Video Vijay Antony,I,2009,2000,A.R. Rahman,A.R. Rahman; Others,3.7112782,3.3289673
9H4pjWE5TQ0_clip,Rosappu Chinna Rosappu (Sarath Kumar) Tamil Video Song Suryavamsam,I,1997,1990,A.R. Rahman,A.R. Rahman; Others,2.6315072,3.1396291
9hbe7-E8xqI_clip,கோ என்னமோ ஏதோ தமிழ் பாடல்வரிகள் ஜீவா,,2010,2010,,,0.9437761,5.236785
9iX4HQeW1aM_clip,Anegan Roja Kadale Video Dhanush Harris Jayaraj,Roja,2014,2010,A.R. Rahman,S.P. Balasubrahmanyam; K.S. Chithra,2.5406682,3.7159028
9xnBPs7nPek_clip,July Malargale 4K Video Song ஜூலை மலர்களே Bagavathi Vijay Reema Sen Deva,I,2002,2000,A.R. Rahman,A.R. Rahman; Others,2.1711369,4.2074065
A0BPkm95-dc_clip,Subramaniapuram Kangal Irandal Video James Jai,I,2007,2000,A.R. Rahman,A.R. Rahman; Others,-0.0686313,4.543836
ABUOwTuuW94_clip,"Mehandi Circus Kodi Aruvi Video Song Sean Roldan Ranga, Shweta Tripathi Saravana",I,2019,2010,A.R. Rahman,A.R. Rahman; Others,2.554454,4.3338013
AIClmChJ_wQ_clip,Mascara Pottu Video Song Salim Vijay Antony Supriya joshi மஸ்காரா சலீம் Tamil HD,I,2013,2010,A.R. Rahman,A.R. Rahman; Others,4.241577,4.1643615
ATElufr0OiE_clip,"Darbuka Siva, Sid Sriram Title Track Video Darbuka Siva Sid Sriram Thamarai",I,2022,2020,A.R. Rahman,A.R. Rahman; Others,0.40414155,5.055542
AVO_DWuUU3k_clip,"Chinna Chinna Asai Audio Song Roja Tamil Movie Aravind Swamy,Madhubala Mani Rath",Roja,1992,1990,A.R. Rahman,S.P. Balasubrahmanyam; K.S. Chithra,2.0075715,2.4620254
Aze7zTyIRtk_clip,Aura 10 10 Music Video Meesaya Murukku 2 Hiphop Tamizha Ketika Sharma,I,2026,2020,A.R. Rahman,A.R. Rahman; Others,4.9541063,4.9119987
BEMXpgXaYPQ_clip,"Udhaya Udhaya Video Song Vijay, Simran A. R. Rahman Udhaya Tamil Movie Songs Rom",I,2003,2000,A.R. Rahman,A.R. Rahman; Others,0.14664431,4.0555425
BMG47McDY2g_clip,"ENAKKENA PIRANDHAVA KIZHAKKU KARAI LYRICS VIDEO SPB, CHITRA VIJAY MUSICALS",I,1991,1990,A.R. Rahman,A.R. Rahman; Others,3.5555048,3.9417536
BQE2hrC_gFo_clip,Remo Sirikkadhey Video Song Sivakarthikeyan Anirudh Ravichander Keerthi Suresh,I,2016,2010,A.R. Rahman,A.R. Rahman; Others,2.1267786,6.1983247
BT9300S_YSo_clip,Nalam Nalamariya Aval Video Song Kadhal Kottai 1996 Ajith Kumar Devayani Tamil S,I,1996,1990,A.R. Rahman,A.R. Rahman; Others,1.0742142,2.749134
C-aeAUmP40M_clip,Kungumapoovum Konjumpuraavum Chinnan Sirisu Video Yuvanshankar,I,2009,2000,A.R. Rahman,A.R. Rahman; Others,1.8643159,3.8223248
C5moNxjz8Wc_clip,Mobila Mobila Song With Lyrics D. Imman R. Madhavan Anushka Shetty Rendu HD Audi,I,2006,2000,A.R. Rahman,A.R. Rahman; Others,3.4085155,4.979134
C8xh08RWy38_clip,Kokkara Kokkarako Audio Song Ghilli Thalapathy Vijay Trisha Vidyasagar Five Star,Ghilli,2000,2000,Vidyasagar,T.T. Manickam; Others,4.06547,3.9135382
CG-I7aNLh04_clip,AR Rahman Hit Songs Chikku Bukku Video Song Gentleman Tamil Movie Arjun Prabhu D,I,1993,1990,A.R. Rahman,A.R. Rahman; Others,3.8870697,4.4490275
CIkKddyCHIw_clip,Oorai Therinchikitten Video Song K. J. Yesudas Rajinikanth Ambika Padikkadavan,I,2000,2000,A.R. Rahman,A.R. Rahman; Others,2.6696556,1.9946449
Cs5o0Uh2pFk_clip,Varuthapadatha Vaalibar Sangam Paakaadhae Paakaadhae Video D.Imman Sivakarthikey,I,2013,2010,A.R. Rahman,A.R. Rahman; Others,3.4155786,4.4105463
CxmWzlLfFkI_clip,Vizhigalil Vizhigalil Song Thiruvilayadal Arambam Dhanush Shreya Saran D. Imman,I,2000,2000,A.R. Rahman,A.R. Rahman; Others,-0.020582035,4.509928
D3O6nOrI5Ug_clip,Saravanan Irukka Bayamaen Lalaa Kadai Saanthi Video Imman Super Hit Song,I,2017,2010,A.R. Rahman,A.R. Rahman; Others,3.8329847,4.1018963
DScFlfN9vDk_clip,"Oh My Kadavule Kadhaippoma Video Ashok Selvan, Ritika Singh Leon James",I,2018,2010,A.R. Rahman,A.R. Rahman; Others,0.35977602,5.33431
DYz-vBurkEc_clip,Nee Varum Pothu Video Song Mazhai Tamil Movie Songs HD Shriya Jayam Ravi Devi Sr,I,2003,2000,A.R. Rahman,A.R. Rahman; Others,0.91343814,3.360433
Dk585TIC8wE_clip,Pudhu Malar Thottu Video Song Poovellam Un Vaasam Tamil Movie Ajith Jyothika Vid,I,2001,2000,A.R. Rahman,A.R. Rahman; Others,2.137418,4.8554773
Dyt1jelmjY0_clip,"Sidu Sidu Video Song Romeo Vijay Antony, Mirnalini Barath Dhanasekar Vinayak Vai",I,2000,2000,A.R. Rahman,A.R. Rahman; Others,0.3614372,5.6287518
E21CJi7R9JM_clip,Enthiran,Enthiran,2010,2010,A.R. Rahman,S. Janaki,3.7490933,3.6085103
E8yFmY8uric_clip,Vizhigalil Vizhigalil Song With Lyrics Dhanush Shreya Saran Thiruvilayadal Aramb,I,2006,2000,A.R. Rahman,A.R. Rahman; Others,-0.043591876,4.413855
EHd_3S-c0Ps_clip,"Vetadu Ventadu Andham Andham Video Vishal, Trisha",I,2012,2010,A.R. Rahman,A.R. Rahman; Others,3.6563416,5.304687
ELZEqFqgvHQ_clip,"Maattrraan Kaal Mulaitha Poovae Video Suriya, Kajal Agarwal",I,2012,2010,A.R. Rahman,A.R. Rahman; Others,1.9551328,4.1423273
EQ783EHQkng_clip,Kadal Moongil Thottam Video A.R. Rahman,Kadal,2012,2010,A.R. Rahman,Mohan; Others,0.4871561,5.0589657
ESaXJTCfCP4_clip,Apple Penne Neeyaaro Video Song Roja Kootam Tamil Movie Srikanth Bhumika Chawla ,Pudhu Vasantham,2002,2000,S.V. Venkatraman,P. Susheela,2.2562687,4.1845675
Eqf6fL1MuKQ_clip,"Mannarkudi Kalakalakka Audio Song Sivappathigaram Vishal, Mamtha Vidhyasagar",I,2006,2000,A.R. Rahman,A.R. Rahman; Others,4.952786,3.8934417
F6D0Bs7v4Bg_clip,Tamil Old Songs Chinna Kannamma video song Nattukku Oru Nallavan movie Video Son,I,1991,1990,A.R. Rahman,A.R. Rahman; Others,4.0530596,3.255554
FDfMOamaUNM_clip,"Gethu Thillu Mullu Video Udhayanidhi Stalin, Amy Jackson Harris Jayaraj",Thillu Mullu,2015,2010,Ilaiyaraaja,S.P. Balasubrahmanyam,3.2779088,5.5017505
FLvxuM1_rDk_clip,Kurumugil Video Song Sita Ramam (Tamil) Dulquer Mrunal Vishal Hanu Raghavapudi,I,2022,2020,A.R. Rahman,A.R. Rahman; Others,1.9148033,3.7462068
FNLrzbv0Vdg_clip,Aadukalam Otha Sollaala Tamil Lyric Video Dhanush G.V. Prakash Kumar,I,2010,2010,A.R. Rahman,A.R. Rahman; Others,4.646705,3.9223642
FYMCM3mctxY_clip,Unnai Naan 4K Video Song உன்னை நான் Jay Jay Madhavan Amogha Bharathwaj Ayngaran,I,1995,1990,A.R. Rahman,A.R. Rahman; Others,1.4719777,4.2900186
F_BwkqecacQ_clip,Renigunta Mazhai Peyyum Video Ganesh Raghavendran,I,2009,2000,A.R. Rahman,A.R. Rahman; Others,1.0046887,4.2120223
G8xKi0ZQo6U_clip,Karutha Machan Song Pudhu Nellu Pudhu Naathu Movie Ilaiyaraaja Sukanya S Janaki,I,1991,1990,A.R. Rahman,A.R. Rahman; Others,4.1853447,3.732164
GWH_k6S7YQU_clip,"Iru Mugan Halena Video Vikram, Nayanthara Harris Jayaraj Super Hit Song",I,2016,2010,A.R. Rahman,A.R. Rahman; Others,1.7837496,5.8237886
G_UEVscPspo_clip,"Comali Hi Sonna Podhum Video Jayam Ravi, Samyuktha Hegde Hiphop Tamizha",I,2019,2010,A.R. Rahman,A.R. Rahman; Others,5.0226264,5.5125084
GeWdQfiNgzQ_clip,"Ivan Vera Mathiri Enna Marandhaen Video Vikram Prabhu, Surabhi C. Sathya",I,2013,2010,A.R. Rahman,A.R. Rahman; Others,0.2316192,3.102652
H0UDxfrKZY4_clip,Marandhu Poche Video Song With Love Abishan Jeevinth Anaswara Rajan Madhan Sean ,I,2026,2020,A.R. Rahman,A.R. Rahman; Others,2.4915602,6.1927423
H_-4gcev0KE_clip,"Raavanan Kodu Poatta Video A.R. Rahman Vikram, Aishwarya Rai",I,2000,2000,A.R. Rahman,A.R. Rahman; Others,5.5050464,4.7953324
Hclr7Hqzu_M_clip,Irava Pagala Video Song Poovellam Kettupar Tamil Movie Songs Suriya Jyothika Yuv,I,2007,2000,A.R. Rahman,A.R. Rahman; Others,1.0806599,3.8541553
HfMTwkVQohM_clip,Full Video: Jimikki Ponnu (Tamil) Varisu Thalapathy Vijay Thaman S Vamshi Paidip,I,2022,2020,A.R. Rahman,A.R. Rahman; Others,4.087925,5.2610745
Hhpf53iyj04_clip,"Silambattam Machaan Machaan Video Song STR, Sneha Yuvanshankar Raja",I,2008,2000,A.R. Rahman,A.R. Rahman; Others,2.5329292,4.5943847
HvaaGAM-ZN0_clip,"Nadhiyae Nadhiyae Audio Song Rhythm Arjun, Meena, Jyothika A R Rahman Unni Menon",I,1990,1990,A.R. Rahman,A.R. Rahman; Others,1.5793132,4.3010373
HwtG6ch0P14_clip,Evergreen Melodies 5 Full HD Video Jukebox A.R.Rahman,I,1998,1990,A.R. Rahman,A.R. Rahman; Others,1.8434125,3.763968
IYcJu4fGIkk_clip,"ஆத்துக்கு பக்கம் Aathukku Pakkam Jeysudas ,Swarnalatha, Sogam Tamil Super Hit So",I,1991,1990,A.R. Rahman,A.R. Rahman; Others,2.3684206,2.1986153
IrndH9T5NZE_clip,வாரணம் ஆயிரம் அடியே கொல்லுதே தமிழ் பாடல்வரிகள் சூர்யா,,2008,2000,,,1.3506018,6.3347774
J1Nlw2A5qfU_clip,Kaal Mulaitha Poove 4K Video Song Maattrraan Movie Tamil Suriya Kajal Agarwal Ha,I,2012,2010,A.R. Rahman,A.R. Rahman; Others,2.033067,4.106347
JZa7U91EflE_clip,Iraivi Kadhal Kappal Video S. J. Surya Santhosh Narayanan,I,2016,2010,A.R. Rahman,A.R. Rahman; Others,2.5323217,4.739771
KWROK2DM5WA_clip,Kungumapoovum Konjumpuraavum Chinnan Sirisu Tamil Lyric Yuvanshankar Raja,I,2009,2000,A.R. Rahman,A.R. Rahman; Others,1.7834642,3.8033125
KXM7nVYIn9c_clip,Thanjavooru Mannu Eduthu Video Song Porkaalam Tamil Movie Murali Meena Deva Vair,I,1997,1990,A.R. Rahman,A.R. Rahman; Others,2.9110508,2.16887
KfUExOXxU5Q_clip,Kutty Pattas Music Video Ashwin Reba John Venki Santhosh Dhayanidhi Sandy,I,2021,2020,A.R. Rahman,A.R. Rahman; Others,4.009071,5.173357
KiEt9WQdn7A_clip,Ennai Thottu 4K Video song Unna Nenachen Pattu Padichen Karthik Ilayaraja Monish,I,2000,2000,A.R. Rahman,A.R. Rahman; Others,1.5738428,2.3938153
Ktye6k6BIKg_clip,Annai,Annai,1962,1960,M.S. Viswanathan,T.M. Soundararajan,1.2241632,1.426138
LAe6zwJojPg_clip,Aagaya Suriyanai Full Video Song 4K Samurai Tamil Movie Songs Vikram Tamil Hits ,I,2002,2000,A.R. Rahman,A.R. Rahman; Others,1.4285975,3.9456887
LPGGO_QoUU8_clip,"Venghai Yenna Solla Pore Video Dhanush, Tamannah DSP",I,2011,2010,A.R. Rahman,A.R. Rahman; Others,2.6280506,6.0601416
LPWBMVviJ78_clip,Baana Thaakkuthe Kan Thaakkuthe Video Yuvanshankar Raja,I,2010,2010,A.R. Rahman,A.R. Rahman; Others,2.521457,4.693752
LhrFFOz3ZEA_clip,Iragai Poley Official Video Song Naan Mahaan Alla Karthi Kajal Aggarwal Yuvan Sh,I,2010,2010,A.R. Rahman,A.R. Rahman; Others,1.6487876,5.69348
LwqbwL_8a3I_clip,Unnai Ninaithu Tamil Movie Pombalainga Kadhal Video Song Suriya Sneha Sirpy Pyra,I,2002,2000,A.R. Rahman,A.R. Rahman; Others,1.519172,2.0344682
M8p7vDY_Vhw_clip,Yaaradi Nee Mohini Oru Naalaikkul Video Dhanush Yuvanshankar Raja,I,2007,2000,A.R. Rahman,A.R. Rahman; Others,1.0737252,5.0727105
M9w-ZzOvTV8_clip,Desingu Raja Oru Ora Ora Parvai Song Imman,I,2013,2010,A.R. Rahman,A.R. Rahman; Others,3.1384144,4.3935404
MAa_8XwAVlA_clip,Viduthalai Part 1 Kaattumalli Video Vetri Maaran Ilaiyaraaja Soori Vijay Sethupa,Vetri,2020,2020,Viswanathan Ramamoorthy,T.M. Soundararajan,0.78258365,3.926895
Mb97sb-CIX0_clip,Eno Kangal Official Video Full HD Kalvanin Kadhali S.J.Surya Nayanthara Yuvan Sh,I,2005,2000,A.R. Rahman,A.R. Rahman; Others,2.0839207,6.1250925
MgsAMhkG7nk_clip,Aathangarai Marame Lyrical Kizhakku Cheemayilae Songs A.R.Rahaman,I,1993,1990,A.R. Rahman,A.R. Rahman; Others,2.2514176,2.1441102
Ml5smnK5Taw_clip,"Vanakkam Chennai Osaka Osaka Video Song Shiva, Priya Anand Anirudh Ravichander",I,2013,2010,A.R. Rahman,A.R. Rahman; Others,3.6365242,4.1610317
MmvpbLdaIRs_clip,"Mersal Maacho Tamil Video Vijay, Kajal Aggarwal A.R. Rahman",I,2017,2010,A.R. Rahman,A.R. Rahman; Others,4.3397775,5.292148
MpkXUeZCk1Y_clip,Adi Alaye Video Song Parasakthi Sivakarthikeyan Sreeleela Sudha Kongara G.V. Pra,Parasakthi,2026,2020,Viswanathan Ramamoorthy,T.M. Soundararajan,3.2128296,4.0658402
MrzkoLKpgLU_clip,Mallipoo Video Song VTK HDR Silambarasan TR Gautham Vasudev Menon @ARRahman Vels,I,2022,2020,A.R. Rahman,A.R. Rahman; Others,4.0343094,3.8423545
My_S68DAAPg_clip,Manithan Aval Video Udhayanidhi Santhosh Narayanan,I,2016,2010,A.R. Rahman,A.R. Rahman; Others,1.5989947,5.350869
N1d349JBDjY_clip,"Pudhu Velai Mazhai Audio Song Roja Tamil Movie Aravind Swamy,Madhubala Mani Rath",Roja,1992,1990,A.R. Rahman,S.P. Balasubrahmanyam; K.S. Chithra,1.2326322,3.9644437
NM600z8McII_clip,"Engeyum Kaadhal Lolita Video Jayam Ravi, Hansika Harris",Kadal Meengal,2012,2010,M.S. Viswanathan,T.M. Soundararajan,2.8074079,4.9303007
NNBLpKtsdgo_clip,Otha Ruba Tharen Full Video Song Naattu Purapaatu Khushboo Tamil Classic Song,I,1997,1990,A.R. Rahman,A.R. Rahman; Others,4.3619337,3.6570377
NOeMYlFuEmk_clip,"Thalaivaa Yaar Indha Saalai Oram Video Vijay, Amala Paul G.V. Prakash Kumar",I,2014,2010,A.R. Rahman,A.R. Rahman; Others,1.8200564,4.7058163
NRiF7j6BcnA_clip,Uyire Un Uyirena Video Song Zero Ashwin Sshivada Anirudh Nivas K Prasanna Kabila,I,2016,2010,A.R. Rahman,A.R. Rahman; Others,0.3704036,5.72942
NU4PVB5f_Uk_clip,Ninaithale Inikkum Azhagaai Pookkuthey Video Vijay Antony,I,2009,2000,A.R. Rahman,A.R. Rahman; Others,0.33907548,4.2190347
N_iW0VC3IdI_clip,NGK Anbae Peranbae Video Suriya Yuvan Shankar Raja Selvaraghavan,I,2018,2010,A.R. Rahman,A.R. Rahman; Others,0.68163115,3.7770343
Nlahu7THMRY_clip,Kadhal Desam,Kadhal Desam,1995,1990,A.R. Rahman,S. Janaki,1.0040926,4.213837
O4OqlkXC4PQ_clip,"Kodi Sirukki Vaasam Tamil Lyric Dhanush, Trisha Santhosh Narayanan",I,2016,2010,A.R. Rahman,A.R. Rahman; Others,2.6623154,5.5143094
O78Y6VnKeL8_clip,Otha Sollaala 4K Video Song Aadukalam Dhanush G. V. Prakash Kumar Sun Music,I,2000,2000,A.R. Rahman,A.R. Rahman; Others,4.6879005,4.2313285
OXHTlMPbX7o_clip,Powerhouse Official Lyric Video Coolie Superstar Rajinikanth Sun Pictures Lokesh,I,2000,2000,A.R. Rahman,A.R. Rahman; Others,4.66162,5.512041
OXr4FihKktc_clip,Kedi Billa Killadi Ranga Sudasuda Video Sivakarthikeyan,I,2013,2010,A.R. Rahman,A.R. Rahman; Others,1.3349624,4.0598273
OkJkjyVFX8E_clip,Chakku Chakku Vathikuchi Asuran Movie Video Songs Roja Adithyan Superhit Old Tam,Roja,1995,1990,A.R. Rahman,S.P. Balasubrahmanyam; K.S. Chithra,4.035641,3.8034632
P62yvqH43PU_clip,Nalam Nalamariya Aval Video Song Kadhal Kottai Song SPB Anuradha Sriram Tamil Me,I,1996,1990,A.R. Rahman,A.R. Rahman; Others,1.0772843,2.708896
P6z1zU3UxWU_clip,"Bogan Senthoora Video Jayam Ravi, Hansika Imman Latest Tamil Hit 2017",I,2017,2010,A.R. Rahman,A.R. Rahman; Others,1.7495453,3.774403
P9jP7GM6ZDY_clip,Vinothamanavale Video Song Lovely Tamil Movie Songs Karthik Malavika Deva Pyrami,I,2001,2000,A.R. Rahman,A.R. Rahman; Others,0.7757029,2.3914688
PBPQhR9YrgY_clip,Mei Nigara Video Song 24 Tamil Movie Suriya Samantha Sid Sriram Jonita Gandhi A.,I,2016,2010,A.R. Rahman,A.R. Rahman; Others,1.6757119,6.0092483
PhxfspwMdww_clip,JollyO Gymkhana Video Song Beast Thalapathy Vijay Pooja Hegde Sun Pictures Nelso,I,2022,2020,A.R. Rahman,A.R. Rahman; Others,4.6539226,4.517503
Pj-qgL2nKvs_clip,Meghamai Vanthu Pogiren Video Song Thullatha Manamum Thullum Vijay Simran Sun Mu,I,2000,2000,A.R. Rahman,A.R. Rahman; Others,0.6126991,2.4776902
Ptt0K0iYeF8_clip,Vizhamaley Video Song Student No.1 Tamil Movie Songs Sibi Raj Sherin Pyramid Mus,I,2001,2000,A.R. Rahman,A.R. Rahman; Others,1.1570058,2.077602
PxeWnxEK_Ok_clip,Saattai Adi Raangi Video Imman,I,2012,2010,A.R. Rahman,A.R. Rahman; Others,2.35036,5.711369
Q-A62p6sJ5E_clip,"Sema Songs Sandalee Video Song G.V. Prakash Kumar, Arthana Binu Valliganth Pandi",I,2017,2010,A.R. Rahman,A.R. Rahman; Others,3.8847873,5.0250635
QDc7NgaRj30_clip,மத்தாளம் கொட்டுதடி மனசு Mathalam Kottuthadi Manasu Hd Video Song Tamil Cinema So,I,1994,1990,A.R. Rahman,A.R. Rahman; Others,3.9704163,3.0569615
QUoJIknUk-A_clip,DARBAR (Tamil) Tharam Maara Single (Video Song) Rajinikanth AR Murugadoss Anirud,I,2019,2010,A.R. Rahman,A.R. Rahman; Others,4.44715,5.8700595
QvMXKP1awYM_clip,"Un Mela Aasadhaan Video Karthi G.V. Prakash Kumar Dhanush Andrea, Reema Sen",I,2009,2000,A.R. Rahman,A.R. Rahman; Others,4.0959992,5.765469
RCXzH27eOIA_clip,Velai Illa Pattadhaari #D25 #VIP Udhungada Sangu Full Video Song,I,2000,2000,A.R. Rahman,A.R. Rahman; Others,5.47399,4.9855595
RbZEd_RCrd8_clip,"Sundari Kannal Song Lyrics Tamil Thalapathi Tamil Movie Songs Rajanikanth, Shoba",I,1991,1990,A.R. Rahman,A.R. Rahman; Others,0.8872939,1.9073704
Ro59iCBNBdI_clip,"Thegidi Songs Vinmeen Video Song Ashok Selvan, Janani Iyer Nivas K Prasanna",I,2014,2010,A.R. Rahman,A.R. Rahman; Others,0.7560326,5.0635953
SDAMyv1hbCo_clip,"Oru Naal Koothu Songs Adiyae Azhagae Video Song Dinesh, Nivetha Pethuraj Justin ",I,2015,2010,A.R. Rahman,A.R. Rahman; Others,1.9654102,6.0074534
SJ8QlOoxM3U_clip,Velli Nilave Song Nandhavana Theru Ilaiyaraaja Karthik 90s Hits Tamil Melody Son,I,1995,1990,A.R. Rahman,A.R. Rahman; Others,1.3942888,2.3702812
SPSxYjPUFO0_clip,AANDAVAN YAARAIYUM VITTATHILLAI KOVIL MANIYOSAI KJ YESUDAS SUPER HIT SONG VIJAY ,I,1993,1990,A.R. Rahman,A.R. Rahman; Others,1.5603945,2.0864577
SVSeLP48Al0_clip,Kannung Kannudhan Song Thiruppatchi Tamil Movie Vijay Trisha Mani Sharma Premji,I,2004,2000,A.R. Rahman,A.R. Rahman; Others,2.8658614,4.221496
Syudrp4bRbc_clip,Pongalukku Vangithanda Video Song Kalakalappu Tamil Movie Songs Napoleon Jaya Se,I,2001,2000,A.R. Rahman,A.R. Rahman; Others,4.2960973,3.9541297
TFeCKQHKC_w_clip,Five Star Thiru Thiruda song,I,2003,2000,A.R. Rahman,A.R. Rahman; Others,2.6211176,3.7657943
TKeU1bLlAcc_clip,"Petta Ilamai Thirumbudhe Official Video (Tamil) Rajinikanth, Simran Anirudh Ravi",I,2018,2010,A.R. Rahman,A.R. Rahman; Others,1.7348341,6.350555
TT-M6w3DWnQ_clip,Manasukkul Oru Puyal Song with Lyrics Star A.R.Rahman Vairamuthu Tamil HD Audio,I,2001,2000,A.R. Rahman,A.R. Rahman; Others,1.3523632,3.4540894
TkK5fwk5uRU_clip,"Ethir Neechal Velicha Poove Video Sivakarthikeyan, Priya",I,2012,2010,A.R. Rahman,A.R. Rahman; Others,0.54971254,4.387593
TzjBojWZORU_clip,"Thamirabarani Official Video Song Nedunchalai Featuring Aari, Shivada Nair",I,2013,2010,A.R. Rahman,A.R. Rahman; Others,2.9383907,5.0546913
U1JLtpJTe84_clip,"Vazhithunaiye Video Song Dragon Pradeep Ranganathan, Kayadu Ashwath Marimuthu Le",I,2025,2020,A.R. Rahman,A.R. Rahman; Others,1.1910044,5.35812
U6Yrwzw_wFw_clip,Karuppu Nila Song En Aasai Machan Tamil Movie Songs Vijayakanth Revathi Monica P,I,1994,1990,A.R. Rahman,A.R. Rahman; Others,1.7215145,1.3785926
UFyLGow82Rw_clip,Mayya Mayya 8K 4K Video Song Guru (Tamil) A.R. Rahman Chinmayi,I,2006,2000,A.R. Rahman,A.R. Rahman; Others,2.364888,4.370678
UPQZ4vuvW2s_clip,Munbe Vaa HD Video Song Sillunu Oru Kadhal Tamil Movie Suriya Bhumika Jyothika A,I,2000,2000,A.R. Rahman,A.R. Rahman; Others,0.5155318,2.9200115
USDI6SxZMKw_clip,"Kadhal Rojave A R Rahman Arvind Swamy, Madhoo Roja (1992) Tamil Video Song Super",Roja,1992,1990,A.R. Rahman,S.P. Balasubrahmanyam; K.S. Chithra,0.4120998,4.2432585
Ue5GbzWXZpY_clip,Thendral Vanthu Theendumbothu Video Song Avatharam Tamil Movie Songs தென்றல் வந்,Nallavanukku Nallavan,1995,1990,Ilaiyaraaja,S. Janaki,1.0817392,4.493348
V6uB5yfS2dg_clip,Sollamalae HD Video Song சொல்லாமலே யார் பார்த்தது Poove Unakkaga Vijay Sangita S,I,2000,2000,A.R. Rahman,A.R. Rahman; Others,1.4679615,3.9194798
V8D5P04kZ_M_clip,"Diesel Beer Song Music Video Harish Kalyan, Athulyaa Dhibu Ninan Thomas Shanmuga",I,2023,2020,A.R. Rahman,A.R. Rahman; Others,3.0949147,4.053804
VCSXvrOaxDs_clip,Aaru Tamil Movie Soda Bottle Video Song Suriya Trisha Devi Sri Prasad Hari,I,2005,2000,A.R. Rahman,A.R. Rahman; Others,5.1323757,4.4320536
VTmmVEBu6Gs_clip,Wagah Yedho Maayam Saeigirai Tamil Video Vikram Prabhu D. Imman,I,2016,2010,A.R. Rahman,A.R. Rahman; Others,1.0696316,5.295377
VU23OPQ1Pmc_clip,@SaiAbhyankkar Katchi Sera (Music Video) Samyuktha Ken Royson Think Indie,I,2024,2020,A.R. Rahman,A.R. Rahman; Others,2.6470714,5.9856586
VkoXNF01HdM_clip,Urvasi Urvasi 4K Song Kadhalan Video Songs 4K Remastered A.R.Rahman,I,2000,2000,A.R. Rahman,A.R. Rahman; Others,3.0739043,5.36549
VpJDmKKz3yg_clip,Rummy Koodamela Koodavechi Video Imman Vijay Sethupathi,Muthalvar,2019,2010,M.S. Viswanathan,T.M. Soundararajan,2.418619,5.718271
Wq-S2FQAh_w_clip,Maryan Kadal Raasa Naan Full Video,Maryan,2013,2010,A.R. Rahman,Jey; Others,3.1880617,3.7558143
Wxqu1eVJ4Vs_clip,Mersal Mersal Arasan Tamil Video Vijay A.R. Rahman,I,2017,2010,A.R. Rahman,A.R. Rahman; Others,5.334685,5.1305437
Wy-JHYQp7Qc_clip,Vel Ottraikkannale Video Song Yuvanshankar Raja Suriya Asin,I,2007,2000,A.R. Rahman,A.R. Rahman; Others,1.9840235,6.227894
XLqosCaQ-kw_clip,"Engeyum Kaadhal Thee Illai Video Jayam Ravi, Hansika Harris Jayaraj",Kadal Meengal,2000,2000,M.S. Viswanathan,T.M. Soundararajan,1.0607163,5.5349407
Y-fOWFpadh4_clip,ஊரைத் தெரிஞ்சுக்கிட்டேன் உலகம் புரிஞ்சுக்கிட்டேன் HD Video Song Oora Therinchiki,I,2000,2000,A.R. Rahman,A.R. Rahman; Others,2.4459217,1.8032386
Y3-PeuQ7nvY_clip,"Vikram Vedha Songs Yaanji Video Song R. Madhavan, Vijay Sethupathi Sam C.S Aniru",I,2017,2010,A.R. Rahman,A.R. Rahman; Others,2.7178526,5.2800493
YNRvZOFV6eU_clip,"Jodhaa Akbar (Tamil) Muzhumadhi Video @A.R. Rahman Hrithik Roshan, AishwaryaRai",I,2007,2000,A.R. Rahman,A.R. Rahman; Others,0.3596192,3.9145412
YQ6ShcAU_dQ_clip,Aathi Video Song Kaththi Vijay Samantha Ruth Prabhu Anirudh Ravichander A.R.Muru,I,2014,2010,A.R. Rahman,A.R. Rahman; Others,1.8050586,6.482335
YR12Z8f1Dh8_clip,Why This Kolaveri Di,3,2011,2010,Anirudh,Anirudh,4.129525,4.406912
Yh_W3SlFC8s_clip,Theri,Theri,2016,2010,Anirudh,Anirudh,5.0268493,4.114657
Z1pVeBu3PII_clip,Madai Thiranthu Hit Track Full Audio Vallavan Yogi And Natchatra New Tamil Song ,I,2025,2020,A.R. Rahman,A.R. Rahman; Others,4.2085543,5.826347
ZVx_ELdttg8_clip,Thaanaa Serndha Koottam Sodakku Tamil Lyric Suriya Anirudh l Vignesh ShivN,I,2017,2010,A.R. Rahman,A.R. Rahman; Others,5.1311,4.473312
ZWuzH0fW8l0_clip,Netrikann Idhuvum Kadandhu Pogum Video Nayanthara Vignesh Shivan Girishh,I,2021,2020,A.R. Rahman,A.R. Rahman; Others,0.40106845,5.58211
Zl7B70EQeVo_clip,Thangamagan Tak Bak Video Anirudh Ravichander Dhanush,I,2015,2010,A.R. Rahman,A.R. Rahman; Others,4.9037824,5.1599016
Zllqm2zHmpA_clip,En Kannu Kulla Video Song Appuchi Graamam Vishal Chandrasekhar Vi.Anand,I,2014,2010,A.R. Rahman,A.R. Rahman; Others,2.7990093,5.8228703
Zr6TMhjBbWk_clip,வெளிச்ச பூவே வெளிச்ச பூவே தமிழ் பாடல்வரிகள் சிவகார்த்திகேயன்,,2012,2010,,,0.52854204,4.2312484
_-aHiqnd8Z4_clip,Kadhal Kavithaigal Song Gopura Vasalile Tamil Movie SP Balasubramaniam Ilaiyaraa,I,1991,1990,A.R. Rahman,A.R. Rahman; Others,0.8523239,2.851611
_-pdljs3KJA_clip,Yuvanshankar Raja Goa Idhu Varai Video,I,2010,2010,A.R. Rahman,A.R. Rahman; Others,1.0229023,4.860488
_6vQwbJMGxs_clip,Kadal Magudi Magudi Video A.R. Rahman,Kadal,2012,2010,A.R. Rahman,Mohan; Others,2.8632536,6.281533
_BzjZqUL1fM_clip,Aayutha Ezhuthu Yaakkai Thiri Video A.R. Rahman Suriya,I,2004,2000,A.R. Rahman,A.R. Rahman; Others,0.5597869,4.421573
_Q_gGtu62Zo_clip,Oh Senyoreeta Video Song Poovellam Kettupar Tamil Movie Songs Suriya Jyothika Yu,I,1990,1990,A.R. Rahman,A.R. Rahman; Others,4.2565627,4.4621873
_dgF3V0KK8E_clip,"Nache Nache Video Song The RajaSaab (Tamil) Prabhas, Malavika M, Nidhhi A, Riddh",I,2026,2020,A.R. Rahman,A.R. Rahman; Others,4.2504807,5.2588887
_f8dMFzYRCE_clip,Guru (Tamil) Aaruyirae Video A.R. Rahman,I,2000,2000,A.R. Rahman,A.R. Rahman; Others,1.6316965,4.753986
a3Ue-LN5B9U_clip,@SaiAbhyankkar Aasa Kooda (Music Video) Thejo Bharathwaj Preity Mukundhan Sai Sm,Muthalvar,2024,2020,M.S. Viswanathan,T.M. Soundararajan,2.4804668,6.1748996
aQvurkWZHQw_clip,"Vettaikaaran Chinna Thamarai Video Song Vijay, Anushka Vijay Antony",I,2009,2000,A.R. Rahman,A.R. Rahman; Others,1.5076208,5.8752327
aSpl3a8Kt00_clip,"Kumki Onnum Puriyala Video Vikram Prabhu, Lakshmi Menon D. Imman",I,2012,2010,A.R. Rahman,A.R. Rahman; Others,1.7818248,6.1646967
aTmCZC_28uI_clip,"Vandhaan Vendraan Anjana Anjana Tamil Video Jiiva, Taapsee",I,2011,2010,A.R. Rahman,A.R. Rahman; Others,1.3646806,6.029275
aXAI4QTvk2k_clip,'ONNAM CLASS' Full Song in HD ALEXPANDIAN,I,2013,2010,A.R. Rahman,A.R. Rahman; Others,4.8096666,5.6567345
avoafrfTgPU_clip,Vel Kovakkara Kiliye Video Yuvanshankar Raja Suriya,I,2007,2000,A.R. Rahman,A.R. Rahman; Others,2.8046772,4.0710006
ay92dzwAHZc_clip,"Kadaikutty Singam Adivellakkaara Velaayi Video Tamil Video Karthi, Sayyeshaa D. ",I,2018,2010,A.R. Rahman,A.R. Rahman; Others,2.6194813,3.6204855
b-GRrkfypfM_clip,Pattuduthei,Kalyana Parisu,1951,1950,M.S. Viswanathan,T.M. Soundararajan,0.7376653,1.9031011
b68HETiNO98_clip,@SaiAbhyankkar Pavazha Malli (Music Video) Kayadu Shruti Haasan Vivek Thejo Thin,I,2026,2020,A.R. Rahman,A.R. Rahman; Others,4.8704615,4.3096123
bDUXDJ7IC-g_clip,Margazhi Poove Video Song AR Rahman Tamil Hits Shobha Shankar Pyramid Glitz Musi,I,1994,1990,A.R. Rahman,A.R. Rahman; Others,1.6890178,2.909208
bFew8mgQJ9o_clip,Kaadhal Ennulle Official Video Song Neram (Tamil) Nivin Pauly Nazriya Nazim Alph,Kadal Meengal,2013,2010,M.S. Viswanathan,T.M. Soundararajan,0.473561,5.5065494
bFlSwm1mzDo_clip,தனியே பாடல் ரிதம் தமிழ் திரைப்படப்பாடல்கள் ஷங்கர் மஹாதேவன் மீனா நாகேந்திர பிரசாத,,2000,2000,,,1.7579005,4.8071113
bLbfmYgYEK0_clip,Theeratha Vilayattu Pillai En Jannal Vandha Video Yuvanshankar Raja Vishal,I,2009,2000,A.R. Rahman,A.R. Rahman; Others,2.1243992,5.4404488
bXCIlynWzxw_clip,"Katrin Mozhi with Lyrics Mozhi Vidyasagar Vairamuthu Prithviraj, Jyothika HD Son",I,2002,2000,A.R. Rahman,A.R. Rahman; Others,0.579946,3.458763
cEWwJxEq9Lg_clip,Megham Karukatha Official Video Song Thiruchitrambalam Dhanush Anirudh Sun Pictu,I,2022,2020,A.R. Rahman,A.R. Rahman; Others,2.3988502,5.0647206
cNbvenSJYA8_clip,"Settai Edhathan Kandutte Video Arya, Hansika S. Thaman",I,2013,2010,A.R. Rahman,A.R. Rahman; Others,4.6204214,4.243069
cVuZJTanBxI_clip,"Pen Kiliye Pen Kiliye HD Video Songs # Sandhitha Velai # Tamil Songs # Karthik,R",Roja,2001,2000,A.R. Rahman,S.P. Balasubrahmanyam; K.S. Chithra,2.0581675,2.4767747
clq0jpwSLeY_clip,Jana Tamil Movie Songs Thithi Thidavae Video Song Ajith Sneha Dhina Pyramid Glit,I,2004,2000,A.R. Rahman,A.R. Rahman; Others,1.3213001,5.1705956
conk9Etl_vE_clip,Ennavale Adi Ennavale 4K Song Kadhalan Video Songs 4K Remastered A.R.Rahman,I,2000,2000,A.R. Rahman,A.R. Rahman; Others,0.21459807,3.1696913
cpsGYsjhh-U_clip,Ooty Malai Beauty Video Song Once More Tamil Movie Songs Vijay Anju Aravind Simr,I,1997,1990,A.R. Rahman,A.R. Rahman; Others,4.018903,3.6418693
cs1KR_07gfs_clip,Naan Pudicha Kiliye Video Song Rasukutty Tamil Movie Songs K Bhagyaraj Aishwarya,I,1992,1990,A.R. Rahman,A.R. Rahman; Others,2.013515,1.9706142
d-pLEZJPBbs_clip,Kulicha Kuthalam Video Song Duet Tamil Movie Songs Prabhu Meenakshi Seshadri AR ,I,1994,1990,A.R. Rahman,A.R. Rahman; Others,4.4303837,3.6544628
d8X7WF06Q4E_clip,Vijay Hits Thendral Varum Full Video Song 4K Friends Movie Songs Vijay Devayani,Nallavanukku Nallavan,2001,2000,Ilaiyaraaja,S. Janaki,1.2073702,4.47051
dCfeZhdvnx8_clip,Chellamae Tamil Movie Video Songs Kadhalikkum Aasai Song Vishal Reema Sen Bharat,I,2004,2000,A.R. Rahman,A.R. Rahman; Others,1.3756624,5.114578
dZDouiuljuE_clip,En Kadhale Video Song Duet Tamil Movie Songs Prabhu Ramesh Meenakshi Seshadri AR,I,1992,1990,A.R. Rahman,A.R. Rahman; Others,0.42017892,3.3038359
daZ2pecUubQ_clip,"Kodi Ei Suzhali Tamil Video Dhanush, Trisha Santhosh Narayanan",I,2013,2010,A.R. Rahman,A.R. Rahman; Others,4.0743966,4.189901
dnDrd12ua8k_clip,Aayitha Ezhuthu Sandai Kozhi Tamil Lyric Video A.R. Rahman,I,2004,2000,A.R. Rahman,A.R. Rahman; Others,3.4230103,3.2957768
dojDiUyL8G8_clip,Thenmadurai Vaigai Nadhi Video Songs Tamil Old Hits Tamil Melody Songs Tamil vid,I,1990,1990,A.R. Rahman,A.R. Rahman; Others,2.021713,1.41204
dsrku40uZMc_clip,"Imaikkaa Nodigal Vilambara Idaiveli Video Song Hiphop Tamizha Atharvaa, Raashi K",I,2018,2010,A.R. Rahman,A.R. Rahman; Others,1.7878182,6.386103
dvWdFMCC1-I_clip,"Lubber Pandhu Chillanjirukkiye Video Song Harish Kalyan, Attakathi Dinesh Sean R",I,2023,2020,A.R. Rahman,A.R. Rahman; Others,2.8033748,5.569228
e_GJHaYTiQ8_clip,Kanden Kadhalai Venpanju Video Vidyasagar,I,2009,2000,A.R. Rahman,A.R. Rahman; Others,1.3532286,5.5512905
edVZZ2w9Bkk_clip,Full Video: Kannumuzhi Mask Vetri Maaran GV Prakash Kumar Kavin Andrea J Ruhani ,Vetri,2026,2020,Viswanathan Ramamoorthy,T.M. Soundararajan,2.079091,4.827215
enyNoqR4so4_clip,En Mannavva Video Song Lingaa Rajinikanth Anushka Shetty A. R. Rahman K. S. Ravi,I,2014,2010,A.R. Rahman,A.R. Rahman; Others,1.2527866,3.7340062
es-5OLRrUf8_clip,"Velaikkaran Karuthavanlaam Galeejaam Video Sivakarthikeyan, Nayanthara Anirudh",I,2017,2010,A.R. Rahman,A.R. Rahman; Others,5.5744076,4.946345
eyLxj5M8AGc_clip,Thillana Thillana Video Song Muthu 1995 Rajinikanth Meena Tamil Video Song.,I,1995,1990,A.R. Rahman,A.R. Rahman; Others,3.7680225,3.3075566
fESe8b-H6BQ_clip,Priyanka Tamil Movie Songs Vettukili Vetti Vantha Video Song Revathi Jayaram Ila,I,1994,1990,A.R. Rahman,A.R. Rahman; Others,2.5881207,2.6248374
ffIUZb8ThuQ_clip,Yappa Chappa Video Song Kanithan Atharvaa Catherine Tresa Anirudh Drums Sivamani,I,2016,2010,A.R. Rahman,A.R. Rahman; Others,4.911277,4.988317
flaxyEg2Ghg_clip,Nenthukiten Song with Lyrics Star A R Rahman Hits Romantic Song,I,2008,2000,A.R. Rahman,A.R. Rahman; Others,2.6950839,3.3462636
foi_2Id7uaw_clip,Konji Pesida Venaam Video Song Sethupathi Vijay Sethupathi Remya Nambeesan Nivas,I,2016,2010,A.R. Rahman,A.R. Rahman; Others,0.2656494,4.558607
fq6egtAzaQM_clip,"Ko Ennamo Yeadho Video Jiiva, Karthika Harris",I,2006,2000,A.R. Rahman,A.R. Rahman; Others,1.0759008,5.10264
fs3GKf8gX9I_clip,"Suraa Vangakadal Yellai Video Song Vijay, Tamannaah Mani Sharma",Kadal,2000,2000,A.R. Rahman,Mohan; Others,4.6674013,3.9797864
fsjC3wLhJy4_clip,Ullam Ketkume Tamil Movie Songs Ennai Pandhada Video Song Shaam Asin Laila Harri,I,2005,2000,A.R. Rahman,A.R. Rahman; Others,0.40263247,3.7575788
gB1gPmtDohY_clip,"Thaarame Thaarame Video Song Kadaram Kondan Abi Hassan, Akshara Haasan Sid Srira",I,2000,2000,A.R. Rahman,A.R. Rahman; Others,0.5448907,5.690576
gRjKULlhot4_clip,"Karna Malare Mounama Video Arjun, Ranjitha Vidyasagar",I,1994,1990,A.R. Rahman,A.R. Rahman; Others,1.1831607,2.82245
gUcSm8A-bgE_clip,"Kaaviyathalaivan Aye Mr. Minor Video A.R.Rahman Siddharth, Prithviraj",I,2014,2010,A.R. Rahman,A.R. Rahman; Others,2.7891498,5.9196844
ggDIfPzKMdM_clip,Engeyum Eppothum Video Song Polladhavan Dhanush G.V. Prakash Sun Music,I,2000,2000,A.R. Rahman,A.R. Rahman; Others,5.2726755,5.1712227
hF4-jtqhl3U_clip,Coolie Tamil Movie Songs HD Poo Poova Video Song Sarathkumar Meena Pyramid Glitz,I,1995,1990,A.R. Rahman,A.R. Rahman; Others,2.1642451,1.24064
hOt7ypxF0Rc_clip,Minnalgal Koothadum Video Song Polladhavan Dhanush G.V. Prakash Sun Music,I,2007,2000,A.R. Rahman,A.R. Rahman; Others,0.775741,5.063256
hhpzmDOIo8E_clip,Oru Kola Kili Video Song HD Uzhaippali Tamil Movie Songs Rajinikanth Roja Ilayar,Roja,1993,1990,A.R. Rahman,S.P. Balasubrahmanyam; K.S. Chithra,1.9283376,1.9083781
iG7wrYO0IX0_clip,"Meesaya Murukku Songs Enna Nadanthalum Video Song Hiphop Tamizha, Aathmika, Vive",I,2017,2010,A.R. Rahman,A.R. Rahman; Others,0.6885728,5.923409
iHagLitT-nI_clip,"Thani Oruvan Kannala Kannala Video Jayam Ravi, Nayanthara Hip Hop Tamizha",I,2015,2010,A.R. Rahman,A.R. Rahman; Others,2.7786813,5.645976
i_5-HDISq5o_clip,Vellai Rojave Video Song Nanbargal Tamil Movie Songs Neeraj Mamta Kulkarni Vivek,Roja,1991,1990,A.R. Rahman,S.P. Balasubrahmanyam; K.S. Chithra,2.4095275,2.6055527
iz8mFge1cQ8_clip,Ayyanar Aathadi Aathadi Video SS Thaman,I,2010,2010,A.R. Rahman,A.R. Rahman; Others,2.2526684,6.2871575
izbydia9jz4_clip,"Narivetta Minnalvala Video Song Tovino Thomas, Anuraj Manohar, Jakes Bejoy, Sid ",I,2025,2020,A.R. Rahman,A.R. Rahman; Others,2.3385487,5.133913
j53zKmLgABQ_clip,Kaalamellam Kadhal Vazhga Tamil Movie Songs Vennilave Vennilave Video Song வெண்ண,I,1996,1990,A.R. Rahman,A.R. Rahman; Others,2.7508066,2.571912
jCafZht8yMA_clip,"Mersal Neethanae Tamil Lyric Video Vijay, Samantha A R Rahman Atlee",I,2017,2010,A.R. Rahman,A.R. Rahman; Others,0.6069442,5.195164
jKAWcPoniJo_clip,"Pazhani Thiruvaroor Therae Video Bharath, Kajal Agarwal Srikanth Deva",I,2008,2000,A.R. Rahman,A.R. Rahman; Others,4.5977225,3.628538
jLg8-kLnV-c_clip,Sigaram Thodu Pidikkudhae Video Vikram Prabhu D. Imman,I,2014,2010,A.R. Rahman,A.R. Rahman; Others,1.5128528,6.2833676
jO2CTKMHrQ8_clip,Oru Murai Piranthen 4K Video Song ஒரு முறை பிறந்தேன் Nenjirukkum Varai Narain Po,I,2000,2000,A.R. Rahman,A.R. Rahman; Others,-0.08613444,3.8975775
jQk2G5mZShc_clip,மெதுவா தந்தி அடிச்சனே Methuva Thanthi adichane Song HD 1080p Thalattu 1993 Tamil,I,1993,1990,A.R. Rahman,A.R. Rahman; Others,2.5265317,2.757586
jRDCWQP7rjI_clip,Naan Un Video Song 24 Tamil Movie Suriya Samantha Nithya Menen A.R. Rahman Vikra,I,2016,2010,A.R. Rahman,A.R. Rahman; Others,0.29417264,5.4201202
jZEA2mMwL1k_clip,Mutta Kalakki Music Video Youth Ken Karunaas Suraj Venjaramoodu GV Prakash Kumar,I,2026,2020,A.R. Rahman,A.R. Rahman; Others,3.1624637,5.149506
jkjbyol43U8_clip,"Venghai Pudikale Pudikudhu Video Dhanush, Tamannah DSP",I,2011,2010,A.R. Rahman,A.R. Rahman; Others,4.0137935,4.395153
k73w-k9_e7g_clip,Thenmozhi Official Video Song Thiruchitrambalam Dhanush Anirudh Sun Pictures,I,2000,2000,A.R. Rahman,A.R. Rahman; Others,2.976477,6.343685
kBc4CvJKpEE_clip,"Sarkar OMG Ponnu Song Video (Tamil) Thalapathy Vijay, Keerthy Suresh @ARRahman",I,2018,2010,A.R. Rahman,A.R. Rahman; Others,4.2396173,5.85913
knkNX-_Zp5w_clip,Varushamellam Vasantham Movie Songs Enge Andha Vennila Song Manoj Kunal Anita Un,Varushamellam Vasantham,2002,2000,M.S. Viswanathan,S.P. Balasubrahmanyam,3.104949,2.820425
koDshbx58yU_clip,"Vandhaan Vendraan Kanchana Mala Tamil Video Jiiva, Taapsee",I,2011,2010,A.R. Rahman,A.R. Rahman; Others,3.3108513,3.944974
kzAcIoIMY8o_clip,Sakkarakatti Chinnama Chilakamma Video Song A.R. Rahman Shanthnu,I,2008,2000,A.R. Rahman,A.R. Rahman; Others,3.8629613,3.3759336
lRdhCtKdt68_clip,"Un Uthattora Sevappe Panchalankurichi Movie Songs Hariharan, Anuradha Sriram Pra",I,1993,1990,A.R. Rahman,A.R. Rahman; Others,1.4448514,1.4870979
lZORMUufA_Y_clip,"3 Idhazhin Oram Video Dhanush, Shruti Anirudh",I,2011,2010,A.R. Rahman,A.R. Rahman; Others,1.2524444,4.953379
lc_Oc5tolEU_clip,"Ethir Neechal Nijamellam Video Song Sivakarthikeyan, Priya Anirudh Ravichander",I,2012,2010,A.R. Rahman,A.R. Rahman; Others,4.007076,6.030626
ljDYhKzWCO4_clip,Jilpanso Music Video Youth Ken Karunaas GV Prakash,I,2026,2020,A.R. Rahman,A.R. Rahman; Others,4.985699,4.92897
m3wMORMr1qk_clip,Endhan Uyir Thozhiyae song Winner Tamil Movie Prasanth Kiran Vadivelu Yuvan Shan,I,2003,2000,A.R. Rahman,A.R. Rahman; Others,0.4738352,3.951561
m6LDCeDAaoU_clip,Muthirai Ippothu Video Song HD Uzhaippali Tamil Movie Songs Rajinikanth Roja Ila,Roja,1993,1990,A.R. Rahman,S.P. Balasubrahmanyam; K.S. Chithra,2.2628975,2.9790235
m87B0ulgN64_clip,Beast,Beast,2022,2020,Anirudh,Anirudh,5.6917596,4.6908937
m8pk_gODCwM_clip,Jana Nayagan Thalapathy Kacheri Lyric Video Thalapathy Vijay H Vinoth Anirudh Po,Nayagan,2026,2020,Ilaiyaraaja,S.P. Balasubrahmanyam,5.5084286,4.9704947
mCyC1LoFzTU_clip,Guru (Tamil) Mayya Mayya Video A.R. Rahman,I,2006,2000,A.R. Rahman,A.R. Rahman; Others,2.319189,4.292739
mVvURlJn2WQ_clip,Mass Beat Mashup 2026 Trending South Hits Song 4K,I,2026,2020,A.R. Rahman,A.R. Rahman; Others,5.2139764,5.1986284
misuAYV7Z2s_clip,Yennai Arindhaal Adhaaru Adhaaru Video Ajith Harris Jayaraj Gautham Menon,I,2014,2010,A.R. Rahman,A.R. Rahman; Others,5.382261,4.571376
mvbZOKJu7lo_clip,Aadukalam Yathe Yathe Tamil Lyric Video Dhanush G.V. Prakash Kumar,I,2000,2000,A.R. Rahman,A.R. Rahman; Others,2.2126765,6.0788956
n09wgP_8avQ_clip,Arachcha Santhanam Chinna Thambi Movie Tamil Song Ilaiyaraaja SPB Prabhu Khushbu,I,1991,1990,A.R. Rahman,A.R. Rahman; Others,1.6789978,1.6686916
n1RDN_KBTOY_clip,Mattikkiten Official Video Song Padaiveeran Karthik Raja Vijay Yesudas Dhana,I,2017,2010,A.R. Rahman,A.R. Rahman; Others,4.519771,4.0303817
nCNqPgXDYhY_clip,Master,Master,2020,2020,Anirudh,Anirudh,5.262497,5.4396086
nJHYwNUMbI4_clip,Vel Aayiram Jannal Veedu Video Yuvanshankar Raja Suriya,I,2007,2000,A.R. Rahman,A.R. Rahman; Others,4.491589,3.863986
nMUmySghIL0_clip,Sirai Neelothi Video Song Vikram Prabhu L K Akshay Kumar Justin Prabhakaran Sure,I,2026,2020,A.R. Rahman,A.R. Rahman; Others,0.5094505,4.901802
nSuy6ucSJ4E_clip,Unnai Kanda Naal Video Salim Vijay Antony Tamil HD Songs,I,2013,2010,A.R. Rahman,A.R. Rahman; Others,1.2749997,4.801606
nYVqF7W31fw_clip,நலம் வாழ Nalam Vazha Marupadiyum Tamil Superhit Video Song HD,I,1991,1990,A.R. Rahman,A.R. Rahman; Others,1.3347725,1.6550432
neOasLBWoy0_clip,Monica Video Song COOLIE Superstar Rajinikanth Sun Pictures Lokesh Anirudh Pooja,I,2025,2020,A.R. Rahman,A.R. Rahman; Others,4.828905,4.978753
niBCtjtZohk_clip,Aaru Tamil Movie Nenjam Ennum Video Song Suriya Trisha Devi Sri Prasad Hari,I,2005,2000,A.R. Rahman,A.R. Rahman; Others,1.741552,4.615863
njTC4d0vSXY_clip,"Thalapathi Movie Songs Sundari Song Rajanikanth, Mammootty, Shobana Ilayaraja Ma",I,1991,1990,A.R. Rahman,A.R. Rahman; Others,0.9450184,2.0555255
nobCEU0GVGE_clip,"Ithu Kathirvelan Kadhal Anbe Anbe Video Udhayanidhi Stalin, Nayanthara",Mouna Ragam,2014,2010,Ilaiyaraaja,S. Janaki,0.407009,3.256113
npkluExcaAY_clip,Thoranai Vaa Chellam Video Mani Sharma,I,2009,2000,A.R. Rahman,A.R. Rahman; Others,4.338938,5.287452
nqZ1hyvvFrQ_clip,"Priyamaanavale Enakkoru Snehidhi Video Vijay, Simran S.A. Rajkumar",I,1998,1990,A.R. Rahman,A.R. Rahman; Others,0.9750591,2.8432667
nvc58d3EbDk_clip,Mouna Ragam,Mouna Ragam,1983,1980,Ilaiyaraaja,S. Janaki,0.56224144,2.4884996
o93_5KmD8V4_clip,"Telephone Mani Poll Lyrical Indian Tamil Songs Kamal , Manisha Koirala A.R.Raham",I,1996,1990,A.R. Rahman,A.R. Rahman; Others,3.5879676,4.857006
oLgzs8nut3A_clip,Ullaallaa Official Video (Tamil) Petta Video Songs Rajinikanth Anirudh Ravichand,I,2018,2010,A.R. Rahman,A.R. Rahman; Others,5.3557005,5.166163
oNTOpHEpGiA_clip,Vaaranam Aayiram Adiyae Kolluthey Video Harris Jayaraj Suriya,I,2008,2000,A.R. Rahman,A.R. Rahman; Others,1.3257723,6.322673
ovYSmZj85Es_clip,"Madha Yaanai Koottam Kona Kondakari Video Kathir, Oviya",I,2013,2010,A.R. Rahman,A.R. Rahman; Others,3.6981666,4.066318
p3ae5Iw91yM_clip,"En Veetula Video Song Idharkuthaane Aasaipattai Balakumara Vijay Sethupathy, Ash",I,2013,2010,A.R. Rahman,A.R. Rahman; Others,3.4576092,4.941934
p7_GDN6r2OY_clip,Oruvan Oruvan 4K Video Song Superstar Rajinikanth A R Rahman Muthu Tamil Song Su,I,2000,2000,A.R. Rahman,A.R. Rahman; Others,3.7278745,5.536165
pJ1NQZN_SyY_clip,Oru Maina Maina Video Song HD Uzhaippali Tamil Movie Songs Rajinikanth Roja Ilay,Roja,1993,1990,A.R. Rahman,S.P. Balasubrahmanyam; K.S. Chithra,2.1168294,1.5720122
pMLKRH8VQ6Q_clip,"Suraa Vetri Kodi Yettru Video Song Vijay, Tamannaah Mani Sharma",Vetri,2000,2000,Viswanathan Ramamoorthy,T.M. Soundararajan,5.5525537,4.557064
pOLAtEQYGU8_clip,Adhirudha Video Song Mark Antony T.Rajendar Vishal S.J.Suryah GV Prakas Adhik S.,I,2023,2020,A.R. Rahman,A.R. Rahman; Others,5.3511467,5.0068746
pTx0jOD5Yqw_clip,Kuluvalilae Video Song Muthu Movie 1995 Rajinikanth Meena Tamil Video Song.,I,1995,1990,A.R. Rahman,A.R. Rahman; Others,3.2583601,3.301337
pU3wNosqqLU_clip,O Butterfly Video Song Meera Tamil Movie Songs Vikram Aishwarya Ilaiyaraaja Pyra,I,1992,1990,A.R. Rahman,A.R. Rahman; Others,1.0006473,1.2171582
pVkDZueTBpY_clip,"Maragatha Naanayam Nee Kavithaigala Song with Lyrics Aadhi, Nikki Galrani Dhibu ",I,2017,2010,A.R. Rahman,A.R. Rahman; Others,0.82336974,3.6732626
pbGTuJiC7bI_clip,"Paiya Poongatre Poongatre Video Karthi, Tamannah Yuvan Shankar Raja",I,2009,2000,A.R. Rahman,A.R. Rahman; Others,2.2851121,4.966714
pn6M7_L1JbQ_clip,Thaanaa Serndha Koottam Sodakku Tamil Video Suriya Anirudh l Keerthi Suresh,I,2017,2010,A.R. Rahman,A.R. Rahman; Others,5.1988544,4.4247794
pnWvZCAvv9Y_clip,U Turn The Karma Theme (Tamil) Samantha Anirudh Ravichander,I,2018,2010,A.R. Rahman,A.R. Rahman; Others,1.5259821,4.913854
ppaBeRuZ8JU_clip,Perunthil Nee Enakku with Lyrics Pori Jeeva Pooja Tamil Movie Songs,I,2006,2000,A.R. Rahman,A.R. Rahman; Others,2.1358478,3.6185708
qOTEK-VsYI0_clip,Naan Aval Illai Video Song Masss Suriya Pranitha Subhash Yuvan Shankar Raja Venk,I,2015,2010,A.R. Rahman,A.R. Rahman; Others,0.39789307,5.6861634
qP8e7lFdEho_clip,Kanaa Othaiyadi Pathayila Video Arunraja Kamaraj Dhibu Ninan Thomas,I,2018,2010,A.R. Rahman,A.R. Rahman; Others,1.6712909,3.6792781
qbzgc1f_ypE_clip,Nilave Nilave Video Song Nilaave Vaa Tamil Movie Songs Vijay Suvalakshmi Pyramid,I,1998,1990,A.R. Rahman,A.R. Rahman; Others,1.8338768,3.0153766
r3bngwZsfMI_clip,Eeswaran Mangalyam Video Song Silambarasan TR Nidhhi Agerwal Susienthiran Thaman,I,2021,2020,A.R. Rahman,A.R. Rahman; Others,4.9200244,4.7221656
r5v6OV6tHS0_clip,Unnai Kandane Mudhal Murai உன்னை கண்டேனே Parijatham 2006 Video + 7.1 Surrounding,I,2006,2000,A.R. Rahman,A.R. Rahman; Others,1.4449615,5.794944
r7MlejG7WsI_clip,"Mankatha Balle Lakka Video Ajith, Trisha Yuvan",I,2011,2010,A.R. Rahman,A.R. Rahman; Others,5.358808,5.149851
rDzFFHdEoEA_clip,Alli Arjuna Tamil Movie Songs Sollayo Solaikili Video Song Manoj Richa Pallod AR,I,1999,1990,A.R. Rahman,A.R. Rahman; Others,3.5942006,5.6756287
rHuiaFWUtxk_clip,Azhagooril Poothavale 4K Video Song அழகூரில் பூத்தவளே Thirumalai Vijay Jyothika ,I,2000,2000,A.R. Rahman,A.R. Rahman; Others,0.7078319,3.5515523
rXKJOjQJzgc_clip,Samikitta Sollivachi Video Song Avaram Poo Tamil Movie Songs Vineeth Nandhini Il,I,1992,1990,A.R. Rahman,A.R. Rahman; Others,1.6838584,1.8241333
rY6iSOMCzlQ_clip,Nee Illai Endral Video Song Dheena Tamil Movie Songs Ajith Laila Thala Ajith Son,I,2001,2000,A.R. Rahman,A.R. Rahman; Others,1.468814,5.6534657
rojnUv1MagE_clip,குரு ஆருயிரே தமிழ் பாடல்வரிகள் எ ர் ரகுமான்,,2006,2000,,,1.4637852,4.7600594
ryHhJbFHDJg_clip,Thiruvilaiyaadal Aarambam Movie Songs Vizhigalil Vizhigalil Video Song Dhanush S,I,2000,2000,A.R. Rahman,A.R. Rahman; Others,-0.11525395,4.4749517
s-l_iIWs5sY_clip,Konji Konji 4K Video Song Ilayaraaja S.P.Balasubrahmanyam Panchu Arunachalam Raj,I,2000,2000,A.R. Rahman,A.R. Rahman; Others,1.8962327,2.9131174
s-z6t7eehUQ_clip,Anbe Vaa,Anbe Vaa,1955,1950,M.S. Viswanathan,T.M. Soundararajan,2.000936,1.203763
sLGe9s9q-vY_clip,Polladhavan Engeyum Eppothum Video Song Dhanush Vetrimaaran GV Prakash S Kathire,Vetri,2000,2000,Viswanathan Ramamoorthy,T.M. Soundararajan,5.3006907,5.1397443
siN8Z1B2T8o_clip,"Annamalai Video Songs Rekkai Katti Parakudhu Video Song Rajinikanth, Kushboo Tam",I,1992,1990,A.R. Rahman,A.R. Rahman; Others,3.792093,2.7936597
stHk8B5mta4_clip,Aayitha Ezhuthu Yaakkai Thiri Tamil Lyric Video A.R. Rahman,I,2004,2000,A.R. Rahman,A.R. Rahman; Others,0.5074084,4.293651
t4vXTMgnD1I_clip,Ambikapathy Ambikapathy Tamil Song Dhanush A. R. Rahman,I,2013,2010,A.R. Rahman,A.R. Rahman; Others,2.0438185,4.097577
tAPV93uPcAg_clip,"Maruthu Othasada Rosa Video Vishal, Sri Divya D. Imman",I,2016,2010,A.R. Rahman,A.R. Rahman; Others,2.969312,3.2488966
tFX2UvkQj44_clip,"Kaathuvaakula Rendu Kaadhal Dippam Dappam Video Vijay Sethupathi, Anirudh",Kadal Meengal,2020,2020,M.S. Viswanathan,T.M. Soundararajan,4.7683897,5.397
tRAqidSJJIY_clip,Muthada Chammak Challo (Ra One) Full Video Song Tamil Version,I,2011,2010,A.R. Rahman,A.R. Rahman; Others,4.433828,5.38427
tYSrY4iPX6w_clip,"Tum Tum Video Song Enemy (Tamil) Vishal,Arya Anand Shankar Vinod Kumar Thaman S",I,2021,2020,A.R. Rahman,A.R. Rahman; Others,4.54951,4.280638
tcwn5skTetg_clip,"Azhagiya Laila 4K Lyrical Song Ullathai Allitha Karthik, Rambha, Goundamani Mano",I,1996,1990,A.R. Rahman,A.R. Rahman; Others,3.6469662,4.7714376
tmIKvkOLhR4_clip,Udhaya Udhaya Video Song Udhaya Tamil Movie Songs Vijay Simran Vivek Pyramid Mus,I,2003,2000,A.R. Rahman,A.R. Rahman; Others,0.2427532,4.1789117
ttDT1GlM4Z8_clip,"Kumki Nee Yeppo Pulla Video Vikram Prabhu, Lakshmi Menon D. Imman",I,2012,2010,A.R. Rahman,A.R. Rahman; Others,2.5422132,5.725956
tyrXCkvmyHs_clip,Kadhalikkum 4K Song Kadhalan Video Songs 4K Remastered A.R.Rahman,I,1990,1990,A.R. Rahman,A.R. Rahman; Others,2.2688136,5.0866284
uCmbqu00yUU_clip,Kadhal Kottai Tamil Movie Songs Kaalamellam Kadhal Video Song Ajith Devayani Dev,I,1996,1990,A.R. Rahman,A.R. Rahman; Others,0.29867572,3.425672
uI_ug1H6u0k_clip,"I Mersalaayitten Video A.R. Rahman Vikram, Amy Jackson Shankar",I,2014,2010,A.R. Rahman,A.R. Rahman; Others,4.309744,4.9283175
uJaT10y6V20_clip,June Ponal July Katre Song Lyrics Unnale Unnale Harris Jayaraj Arun Krish Harini,I,2008,2000,A.R. Rahman,A.R. Rahman; Others,2.4057531,4.330575
uKersNebvBk_clip,எந்த பெண்ணிலும் இல்லாத ஒன்று Entha Pennilum Illatha Ondru Hd Video Songs Tamil M,I,1992,1990,A.R. Rahman,A.R. Rahman; Others,0.6290756,2.2596393
uSmng_rewMM_clip,Va Va Nilava Official Video Song Naan Mahaan Alla Karthi Kajal Aggarwal Yuvan Sh,I,2010,2010,A.R. Rahman,A.R. Rahman; Others,3.219864,2.8915894
ujYkZjRsD5s_clip,Pothuvaaga En Manasu Thangam 4K Video Song Murattu Kaalai Movie Songs Rajinikant,I,2000,2000,A.R. Rahman,A.R. Rahman; Others,4.7911325,3.5114684
v2pfNAPmNck_clip,Yuvan Shankar Raja Merke Merke Hd Video Song Kanda Naal Mudhal Tamil Movie Prasa,I,2005,2000,A.R. Rahman,A.R. Rahman; Others,1.3681293,4.3314233
vDhOeOGDJuM_clip,Pudhu Nellu Pudhu Naathu Tamil Movie Songs Hey Marikozhundhu Video Song Sukanya ,I,1991,1990,A.R. Rahman,A.R. Rahman; Others,1.4049258,1.646744
vML991fMZ9o_clip,Aal Thotta Bhoopathi 4K Video Song ஆள்தோட்ட பூபதி Youth Vijay Shaheen Khan Mani ,I,2000,2000,A.R. Rahman,A.R. Rahman; Others,4.867718,4.157341
vj2_z1GYXcU_clip,Vinnaithaandi Varuvaayaa Omana Penne Video Song A.R. Rahman STR Trisha GVM,I,2000,2000,A.R. Rahman,A.R. Rahman; Others,1.521358,5.794974
vngkmkAjbmQ_clip,Melliname Song Shajahan Tamil Movie Vijay Richa Pallod Harish Raghavendra Mani S,I,2001,2000,A.R. Rahman,A.R. Rahman; Others,0.89534515,2.6172557
vnsEKd5z_rA_clip,Kadhal Vaithu 4K Video Song காதல் வைத்து Deepavali Jayam Ravi Bhavana Yuvan Shan,I,2007,2000,A.R. Rahman,A.R. Rahman; Others,1.0846403,5.573108
vw1YxqeOvHU_clip,"Kazhugoo Aathadi Manasudhan Video Krishna, Bindhu Yuvan",I,2011,2010,A.R. Rahman,A.R. Rahman; Others,2.182572,6.2043304
w7UctxYmouY_clip,Sollamalae HD Video Song சொல்லாமலே யார் பார்த்தது Poove Unakkaga Vijay Sangita S,I,1997,1990,A.R. Rahman,A.R. Rahman; Others,1.6314561,3.5145218
wEhX44OGXHM_clip,Sikkadha Sittondru Video Song Sethu Tamil Movie Songs Vikram Sriman Abitha Pyram,I,1999,1990,A.R. Rahman,A.R. Rahman; Others,4.4346347,5.1075583
wZoJv9YfEAQ_clip,Usalampatti Penkutti Gentleman 1080p HD Video Song,I,1995,1990,A.R. Rahman,A.R. Rahman; Others,4.47255,3.9095457
x6hVeBGo-Ns_clip,Thithikudhe Tamil Movie Songs HD Silendra Theepori Ondru Video Song Jeeva Sridev,I,2003,2000,A.R. Rahman,A.R. Rahman; Others,1.3988855,4.053347
xZ92nnR1Pt8_clip,Kaththi,Kaththi,2014,2010,Anirudh,Anirudh,4.3881445,5.488106
xugIds3E5UI_clip,Anniyan,Anniyan,2005,2000,A.R. Rahman,S. Janaki,4.42414,5.2700505
xzxr6fxdI_E_clip,"Thani Oruvan Kadhal Cricket Video Jayam Ravi, Nayanthara Hip Hop Tamizha",I,2015,2010,A.R. Rahman,A.R. Rahman; Others,4.048363,5.7998466
yXst4TVCaaI_clip,Gala Galavena Video Song Rhythm Tamil Movie Songs Meena Ramesh Arvind A. R. Rahm,I,2000,2000,A.R. Rahman,A.R. Rahman; Others,1.7022996,3.0614178
yhXC9ZFYlqY_clip,Mazhaiye Mazhaiye Eeram 2009 Tamil HD Video Song 1080P Bluray,I,2009,2000,A.R. Rahman,A.R. Rahman; Others,1.0506965,5.8610654
ylw3A8v_l50_clip,Punnakaiyil Minsaram 4K Video Song Barathan Tamil Movie Songs Vijayakanth Bhanup,I,1992,1990,A.R. Rahman,A.R. Rahman; Others,2.8446054,2.0955122
yvbzk0SED14_clip,Thottu Thottu Pesum Sultana Video Song Simran Vidyasagar Swarnalatha Pushpavanam,I,2000,2000,A.R. Rahman,A.R. Rahman; Others,3.812086,4.617111
z5_klHXYZS4_clip,"Venmegam 8K 4K Music Video Song Yaaradi Nee Mohini Dhanush, Nayanthara Yuvanshan",I,2000,2000,A.R. Rahman,A.R. Rahman; Others,1.5284907,4.6758833
z89w9c18uG8_clip,Sivapathigaram Tamil Movie Songs Mannarkudi Kalakalakka Video Song Vishal Vidyas,I,2006,2000,A.R. Rahman,A.R. Rahman; Others,4.9266586,3.7527592
zqQz-cLEumo_clip,"Kodi Sirukki Vaasam Tamil Video Dhanush, Trisha Santhosh Narayanan",I,2016,2010,A.R. Rahman,A.R. Rahman; Others,2.720784,5.5493436
zuykicDAdso_clip,Kanden Kadhalai Suthudhu Suthudhu Video Vidyasagar,I,2009,2000,A.R. Rahman,A.R. Rahman; Others,3.4614878,4.591113
-UPuzR_Vkr0_clip,Nila Adhu Vaanathumele - Nayakan ,Nayagan,1985,1980,Ilaiyaraaja,S.P. Balasubrahmanyam,3.1396086,2.4048977
-WFTBEpAlwY_clip,Nadamaadi Tirindha Unakku - Kamboji - Kantachapu - Papavinasa Mudhaliyar - Arudra Darisanam,Pallavi Anupallavi,1972,1970,Ilaiyaraaja,S.P. Balasubrahmanyam,1.4322718,1.0915611
06g4OJfS7mo_clip,patli kamariya mori hi hi 🥰 ,Annakili,1976,1970,Ilaiyaraaja,S.P. Balasubrahmanyam,4.19027,5.319742
450OnBk4w-4_clip,Sarkarai panthalil - Pattampoochi,Thillu Mullu,1971,1970,Ilaiyaraaja,S.P. Balasubrahmanyam,1.8833011,1.2699236
60HZ0jLwMTA_clip,Adaludan Padalai Kettu... ஆடலுடன் பாடலை கேட்டு...  Mano & P. Susheela. Movie: Pudhu Vasantham.,Pudhu Vasantham,1989,1980,Ilaiyaraaja,S.P. Balasubrahmanyam,2.063202,1.4092541
6ynZk2WmDXY_clip,TAMIL OLD--Kannanai ninaikatha naal illaiye (vMv)--SEER VARISAI (1978),Kalyana Pillai,1978,1970,Ilaiyaraaja,S.P. Balasubrahmanyam,2.7160544,2.0427275
7agmublzQXg_clip,Solla Solla ,Pallavi Anupallavi,1972,1970,Ilaiyaraaja,S. Janaki,1.7223626,1.2192339
7xUXnI7Wt4k_clip,Mandram Vantha Thendralukku HD Video Song ,Mouna Ragam,1980,1980,Ilaiyaraaja,S.P. Balasubrahmanyam,2.0693414,1.617151
B1HufYvcLvY_clip,Vandha Naal Mudhal  HD Song,Kalyana Parisu,1961,1960,M.S. Viswanathan,P. Susheela,1.1851673,1.3095107
BVA8SGZF-G4_clip,Oru Naal Oru Pozhudhu,Mannadhen,1951,1950,S.V. Venkatraman,T.M. Soundararajan,0.10046611,4.0744333
CaM5r5es9UE_clip,Vaazha ninaithaal vaazhalaam (N.Vijaygopalan),Vaazha Ninaithal,1964,1960,K.V. Mahadevan,T.M. Soundararajan,1.3855414,1.2309831
DTctcqHbaxY_clip,Thendral Ennai HD Video Song ,Nallavanukku Nallavan,1983,1980,Ilaiyaraaja,S. Janaki,2.1079507,1.9247587
E57sf9mMvgw_clip,Patthu Maadham Sumandhu     Annaiyai Pol Oru Songs HD-Annaiyin Aanai,Thanga Radhu,1959,1950,M.S. Viswanathan,T.M. Soundararajan,1.2828752,1.2012135
EHhy7HfDoP8_clip,Ennenna Asaikattinayo,Vetri,1952,1950,Viswanathan Ramamoorthy,T.M. Soundararajan,1.3363869,1.1507578
GI8IoMQLul8_clip,Nee varu kavyadevathe - Swapnam (1973),Vazha Ninaithal,1964,1960,K.V. Mahadevan,T.M. Soundararajan,1.1302444,1.6242627
GOPnRh__FZg_clip,Thillana Mohanambal Review ,Thillana Mohanambal,1967,1960,K.V. Mahadevan,T.M. Soundararajan,1.6327275,0.9610225
GpzM-DPifS8_clip,Annakili unnai - Annakili,Annakili,1974,1970,Ilaiyaraaja,S. Janaki,1.9271369,1.8423699
HJb2lGCdlkY_clip,நீ ஒரு திறமையான குற்றவாளி ,Aayirathil Oruvan,1969,1960,K.V. Mahadevan,T.M. Soundararajan,1.3400468,0.9357409
I0hHv3WZd5o_clip,Avanukkena ThoongiVittan Song HD ,Kakkai Ragangal,1963,1960,M.S. Viswanathan,S. Janaki,1.2777163,1.9113388
JVQ0VIs8dx0_clip,Hara Hara Shembhu Shembhu,Shembhu,1987,1980,Ilaiyaraaja,S.P. Balasubrahmanyam,1.2458444,4.550027
JkoPWH1yTg8_clip,Poomarathu Nizhalumundu Video Song ,Kuzhandai,1969,1960,K.V. Mahadevan,T.M. Soundararajan,1.3129649,1.2518264
L9cX721mR44_clip,PENNE NEE VAAZHGA (1967)--Pollaatha punsirippu--OLD SONG BOOK (vMv),Pudhu Vasantham,1960,1960,S.V. Venkatraman,P. Susheela,2.0400796,2.2740998
Q8GhYhDqiRI_clip,Viruman - Madura Veeran Video ,Madhura Veeraman,1977,1970,Ilaiyaraaja,S.P. Balasubrahmanyam,4.2332115,4.0448985
RoKjraKvFgo_clip,Pothu Kottangkalukku Porathum,Pudhu Vasantham,1950,1950,S.V. Venkatraman,T.M. Soundararajan,2.2536123,1.3771315
SF0QKXjf6_s_clip,Aayirathil Oruvan,Aayirathil Oruvan,1969,1960,K.V. Mahadevan,T.M. Soundararajan,1.7412648,1.0207115
UB_PQS3Dvjw_clip,Kathai Undu ,Kakkai Ragangal,1963,1960,M.S. Viswanathan,T.M. Soundararajan,1.3678159,1.6180129
UjayEYV2LjA_clip,June Ponal July Katre Song Lyrical ,Kalyana Parisu,1961,1960,M.S. Viswanathan,T.M. Soundararajan,2.2066061,4.3033667
YS2ZvhPTVyg_clip,Kothaiyin Thiruppavai ,Madhura Veeraman,1977,1970,Ilaiyaraaja,S.P. Balasubrahmanyam,2.4954681,1.6922295
YYBr4cCimwY_clip,Kaiyam Kaiyam,Raja Kaiyyam,1982,1980,Ilaiyaraaja,S.P. Balasubrahmanyam,1.9561644,1.248835
Z3iJCnMPrRY_clip,Arulvaaye Nee Arulvaaye,Thiruvilayadal,1966,1960,K.V. Mahadevan,T.M. Soundararajan,1.4208274,1.3076913
Zv51HGYpM9s_clip,Amma Enge 1964  --  Thottu Paar Thodumpothu,Muthalvar,1966,1960,M.S. Viswanathan,T.M. Soundararajan,2.3688326,1.4161602
_AgquAijQss_clip,Pooja Pooja Bhoomiyum Maanavum - Swapnanagal,Pooja Pooja,1986,1980,Ilaiyaraaja,S.P. Balasubrahmanyam,2.0119958,1.1936042
_Eumj6iIdOg_clip,1951ஆம் ஆண்டு ஒவ்வொரு இந்தியனையும் பெருமைப்படுத்திய நிகழ்வு நடந்த தினம் இன்று..!,Malliswari,1951,1950,S.V. Venkatraman,T.M. Soundararajan,0.8443635,1.6770872
aE2EOCijDu0_clip,Paari Vallal - Part - 1,Nallavanukku Nallavan,1984,1980,Ilaiyaraaja,S.P. Balasubrahmanyam,1.7274938,1.5909237
bYtV68ViCbk_clip,Nalla Neram Neram Video Song ,Nalla Neram,1955,1950,M.S. Viswanathan,T.M. Soundararajan,2.0869253,1.0624732
c66YmIRguXo_clip,Malai Kallan 1954  --  Nane Inba Roja 2, Malaikallan,1952,1950,M.S. Viswanathan,T.M. Soundararajan,1.3718594,1.1190913
dP8DdszDd2s_clip,Chekka Chivantha Vaanam - Hayati Video ,Thayagu,1988,1980,Ilaiyaraaja,S.P. Balasubrahmanyam,3.839705,5.72558
dh55T7uOKyU_clip,"ASAINALE MANAM ... SINGERS, A M RAJAH & P SUSHEELA ... FILM, KALYANA PARISU (1959)",Kalyana Parisu,1953,1950,M.S. Viswanathan,T.M. Soundararajan,1.458515,1.002981
dxieZAgB3wE_clip,மனசு மயங்கும் மௌனகீதம் ,Nayagan,1985,1980,Ilaiyaraaja,S. Janaki,1.011391,2.9246073
eG6f5dKzVxA_clip,TAMIL OLD--Dingiri Dingale meenakshi Dingiri dinkale--ANBU ENGE 1958,Kumari,1958,1950,S.V. Venkatraman,T.M. Soundararajan,2.5661597,1.202634
gFcOsnk8DM0_clip,Mayakkama Kalakkama Song - Sumaithaangi (சுமைதாங்கி) Thathuva Paadal,Vazhve Maathey,1970,1970,Ilaiyaraaja,S.P. Balasubrahmanyam,1.2585365,1.7000833
ghRSHQ-4VP8_clip,"PAAR PAAR PAAR SAAMBAARU SGR, SJ @ NAAN KANNNDA SORKKAM",Naan Kanda Sorgam,1959,1950,K.V. Mahadevan,T.M. Soundararajan,2.824477,1.1355437
hSC3pB1ZqOM_clip,Gautham knew what he was doing to the British ,Rathna,1957,1950,M.S. Viswanathan,T.M. Soundararajan,1.066369,3.613936
iqBHuPZvduI_clip,Valarpirai Enave / Gangai Amaran / Mano,Nalla Neram,1962,1960,M.S. Viswanathan,P. Susheela,2.1796002,1.5406672
kca0cG9fiQw_clip,Maate Vinadhuga Full Video Song ,Vazhve Maathey,1970,1970,Ilaiyaraaja,S.P. Balasubrahmanyam,4.2916207,4.4539423
lcnmqhelcnU_clip,Classic Love Song ,Nalla Neram,1955,1950,M.S. Viswanathan,T.M. Soundararajan,1.0626408,1.9361802
mc_Z5D297eQ_clip,Vaa Vaa Anbe Anbe Video Song - Agni Natchathiram ,Mouna Ragam,1980,1980,Ilaiyaraaja,S. Janaki,0.64026654,2.50993
nRDUGrH5lNs_clip,#onedaycm #incedinginfotainers Uttarkhand's one day CM #ShrishtiGoswami tamil ஒரு நாள் முதல்வர்,Muthalvar,1978,1970,Ilaiyaraaja,S.P. Balasubrahmanyam,0.83869314,2.099309
nTQRzPR76kM_clip,Andhi Neram HD ,Thillu Mullu,1971,1970,Ilaiyaraaja,S.P. Balasubrahmanyam,0.9475751,1.4909234
oVz1YKh16cQ_clip,നാദസ്വരം എന്നാൽ ഇതാണ് - കേട്ടിരുന്നു പോകും#music#devotional#songs#trending#nadaswaram,Bhakthapriya,1965,1960,K.V. Mahadevan,T.M. Soundararajan,2.7153409,1.5554941
p3ij5qLS0Uk_clip,Annakili Unnai Theduthe (Sad) ,Annakili,1974,1970,Ilaiyaraaja,S.P. Balasubrahmanyam,1.5905693,2.1801841
q7k8dt6FykI_clip,Parasakthi - Court Scene,Parasakthi,1950,1950,Viswanathan Ramamoorthy,T.M. Soundararajan,1.2574909,0.84393907
qvt6RiN8lz0_clip,SANGEETHA MEGHAM (Tamil) BY K.Md.RAFI,Anari,1967,1960,Viswanathan Ramamoorthy,T.M. Soundararajan,0.80988944,2.7687612
qzJX1s-YTT8_clip,Sorgam Songs - Sollathe Yarum Ketal Video Song ,Thai Sorgam,1958,1950,K.V. Mahadevan,T.M. Soundararajan,0.8383253,1.5688053
siaDRdE-cd4_clip,மலரே குறிஞ்சி மலரே HD Video Song ,Muthal Mariyathai,1975,1970,Ilaiyaraaja,S.P. Balasubrahmanyam,2.0098698,1.7931073
sr3yqK_NMs8_clip,Pooja Chestamu Rare,Pooja Pooja,1986,1980,Ilaiyaraaja,S.P. Balasubrahmanyam,1.9959255,1.098861
tChgXTqpLGk_clip,சேந்தன் அமுதன் அரசர் ஆக மாறியது‌ எப்படி? ,Ponniyin Selvan,1955,1950,K.V. Mahadevan,T.M. Soundararajan,5.095335,3.594409
tvWx-l8UakA_clip,Ennuyire Ennai Whatsapp Status ,Nootukku Chengam,1973,1970,Ilaiyaraaja,S.P. Balasubrahmanyam,0.98286504,4.5802617
uS0FYQc1xv8_clip,காதல் ராகமும் Video Song ,Kadal Meengal,1968,1960,M.S. Viswanathan,T.M. Soundararajan,2.0112972,1.1794952
wHOhktsPxkU_clip,Thenmadurai Video Song in Dharmathin Thalaivan Movie ,Then Madhurai,1968,1960,M.S. Viswanathan,T.M. Soundararajan,1.8211046,1.3824012
wk2GFPcIRDI_clip,Salo or the 120 Days of Sodom (1975) Movie Explained in Hindi//In Urdu//movie explained in hindi,Annakili,1976,1970,Ilaiyaraaja,S.P. Balasubrahmanyam,4.0733805,5.630147
wkUj18Z_yMg_clip,Yelai Imayamalai Video Song ,Karmatha Boomi,1956,1950,K.V. Mahadevan,T.M. Soundararajan,4.555753,3.6615646
