line,position,word_index,word,decoded,expected,match
1,1,5,of,O,O,True
1,2,3,grant,G,G,True
1,3,27,of,O,O,True
1,4,38,desire,D,D,True
1,5,32,uprightness,U,U,True
1,6,14,part,P,P,True
1,7,21,him,H,H,True
1,8,8,of,O,O,True
1,9,66,latitude,L,L,True
1,10,8,dwells,D,D,True
1,11,70,knavish,K,K,True
1,12,39,in,I,I,True
1,13,5,name,N,N,True
1,14,9,greatest,G,G,True
1,15,12,culpable,C,C,True
1,16,18,hitherto,H,H,True
1,17,2,Author,A,A,True
1,18,3,reasons,R,R,True
1,19,56,looked,L,L,True
1,20,5,Scotland,S,S,True
1,21,1,That,T,T,True
1,22,7,his,H,H,True
1,23,3,exemplary,E,E,True
1,24,2,sublime,S,S,True
1,25,13,ease,E,E,True
1,26,19,commerce,C,C,True
1,27,3,overthrow,O,O,True
1,28,25,not,N,N,True
1,29,9,deserveth,D,D,True
1,30,3,are,A,A,True
1,31,16,noble,N,N,True
1,32,6,desire,D,D,True
2,1,25,much,M,M,True
2,2,15,a,A,A,True
2,3,13,kept,K,K,True
2,4,6,equity,E,E,True
2,5,11,hath,H,H,True
2,6,20,is,I,I,True
2,7,5,meerly,M,M,True
2,8,1,That,T,T,True
2,9,2,he,H,H,True
2,10,12,expansed,E,E,True
2,11,1,Seeing,S,S,True
2,12,20,usually,U,U,True
2,13,20,paid,P,P,True
2,14,49,race,R,R,True
2,15,20,every,E,E,True
2,16,20,made,M,M,True
2,17,35,English,E,E,True
2,18,33,relished,R,R,True
2,19,4,unwillingness,U,U,True
2,20,6,less,L,L,True
2,21,8,ecclesiastical,E,E,True
2,22,35,reach,R,R,True
2,23,5,of,O,O,True
2,24,38,for,F,F,True
2,25,5,the,T,T,True
2,26,5,have,H,H,True
2,27,18,into,I,I,True
2,28,10,sustained,S,S,True
2,29,3,love,L,L,True
2,30,11,actually,A,A,True
2,31,32,none,N,N,True
2,32,42,duely,D,D,True
