Colony Number,ColonyGroup,Region,Apiary,Patties,Fumagillin,Date,Inspection Date,Adults,Worker Cells
1,1,Southern Alberta,SAB1,Yes,Yes,May 2014,5/22/2014,12980.0,3896.0
2,2,Southern Alberta,SAB1,Yes,No,May 2014,5/22/2014,14442.0,3416.0
3,3,Southern Alberta,SAB1,No,Yes,May 2014,5/22/2014,10040.0,6755.0
4,4,Southern Alberta,SAB1,No,No,May 2014,5/22/2014,14277.0,3669.0
5,5,Southern Alberta,SAB1,Yes,Yes,May 2014,5/22/2014,9622.0,7742.0
6,6,Southern Alberta,SAB1,Yes,No,May 2014,5/22/2014,8491.0,3188.0
8,8,Southern Alberta,SAB1,No,No,May 2014,5/22/2014,8622.0,4124.0
9,9,Southern Alberta,SAB1,Yes,Yes,May 2014,5/22/2014,7352.0,3491.0
10,10,Southern Alberta,SAB1,Yes,No,May 2014,5/22/2014,4559.0,3466.0
11,11,Southern Alberta,SAB1,No,Yes,May 2014,5/22/2014,15947.0,4124.0
12,12,Southern Alberta,SAB1,No,No,May 2014,5/22/2014,9266.0,3593.0
13,13,Southern Alberta,SAB1,Yes,Yes,May 2014,5/22/2014,8526.0,3542.0
14,14,Southern Alberta,SAB1,Yes,No,May 2014,5/22/2014,11945.0,4301.0
15,15,Southern Alberta,SAB1,No,Yes,May 2014,5/22/2014,5855.0,5035.0
16,16,Southern Alberta,SAB1,No,No,May 2014,5/22/2014,4315.0,5187.0
17,17,Southern Alberta,SAB1,Yes,Yes,May 2014,5/22/2014,10388.0,6021.0
18,18,Southern Alberta,SAB1,Yes,No,May 2014,5/22/2014,5020.0,4478.0
19,19,Southern Alberta,SAB1,No,Yes,May 2014,5/22/2014,9205.0,7084.0
20,20,Southern Alberta,SAB1,No,No,May 2014,5/22/2014,5873.0,2049.0
21,21,Southern Alberta,SAB1,Yes,Yes,May 2014,5/22/2014,7273.0,7337.0
22,22,Southern Alberta,SAB1,Yes,No,May 2014,5/22/2014,12406.0,6072.0
23,23,Southern Alberta,SAB1,No,Yes,May 2014,5/22/2014,15147.0,4175.0
24,24,Southern Alberta,SAB1,No,No,May 2014,5/22/2014,5481.0,1467.0
25,25,Southern Alberta,SAB1,Yes,Yes,May 2014,5/22/2014,11667.0,7666.0
26,26,Southern Alberta,SAB1,Yes,No,May 2014,5/22/2014,9152.0,6097.0
27,27,Southern Alberta,SAB1,No,Yes,May 2014,5/22/2014,12132.0,4706.0
28,28,Southern Alberta,SAB1,No,No,May 2014,5/22/2014,6751.0,2454.0
29,29,Southern Alberta,SAB1,Yes,Yes,May 2014,5/22/2014,11919.0,936.0
30,30,Southern Alberta,SAB1,Yes,No,May 2014,5/22/2014,8796.0,2884.0
31,31,Southern Alberta,SAB1,No,Yes,May 2014,5/22/2014,9039.0,4453.0
32,32,Southern Alberta,SAB1,No,No,May 2014,5/22/2014,5403.0,9260.0
33,33,Southern Alberta,SAB1,Yes,Yes,May 2014,5/22/2014,8735.0,7261.0
34,34,Southern Alberta,SAB1,Yes,No,May 2014,5/22/2014,13294.0,4529.0
35,35,Southern Alberta,SAB1,No,Yes,May 2014,5/22/2014,12580.0,1948.0
36,36,Southern Alberta,SAB1,No,No,May 2014,5/22/2014,11954.0,1063.0
37,37,Southern Alberta,SAB1,Yes,Yes,May 2014,5/22/2014,6716.0,1392.0
38,38,Southern Alberta,SAB1,Yes,No,May 2014,5/22/2014,7047.0,1265.0
39,39,Southern Alberta,SAB1,No,Yes,May 2014,5/22/2014,6821.0,1189.0
40,40,Southern Alberta,SAB1,No,No,May 2014,5/22/2014,9466.0,5009.0
41,41,Southern Alberta,SAB2,Yes,Yes,May 2014,5/22/2014,2514.0,3491.0
43,43,Southern Alberta,SAB2,No,Yes,May 2014,5/22/2014,8352.0,4377.0
44,44,Southern Alberta,SAB2,No,No,May 2014,5/22/2014,6647.0,7185.0
45,45,Southern Alberta,SAB2,Yes,Yes,May 2014,5/22/2014,7830.0,5541.0
46,46,Southern Alberta,SAB2,Yes,No,May 2014,5/22/2014,8622.0,5515.0
47,47,Southern Alberta,SAB2,No,Yes,May 2014,5/22/2014,5307.0,5870.0
48,48,Southern Alberta,SAB2,No,No,May 2014,5/22/2014,16373.0,3593.0
49,49,Southern Alberta,SAB2,Yes,Yes,May 2014,5/22/2014,7178.0,2404.0
50,50,Southern Alberta,SAB2,Yes,No,May 2014,5/22/2014,5664.0,5338.0
51,51,Southern Alberta,SAB2,No,Yes,May 2014,5/22/2014,7874.0,5844.0
52,52,Southern Alberta,SAB2,No,No,May 2014,5/22/2014,10701.0,5237.0
53,53,Southern Alberta,SAB2,Yes,Yes,May 2014,5/22/2014,4263.0,6274.0
54,54,Southern Alberta,SAB2,Yes,No,May 2014,5/22/2014,4655.0,4579.0
55,55,Southern Alberta,SAB2,No,Yes,May 2014,5/22/2014,3254.0,4503.0
56,56,Southern Alberta,SAB2,No,No,May 2014,5/22/2014,12780.0,2808.0
57,57,Southern Alberta,SAB2,Yes,Yes,May 2014,5/22/2014,14468.0,3188.0
58,58,Southern Alberta,SAB2,Yes,No,May 2014,5/22/2014,14051.0,6755.0
59,59,Southern Alberta,SAB2,No,Yes,May 2014,5/22/2014,12180.0,5515.0
60,60,Southern Alberta,SAB2,No,No,May 2014,5/22/2014,15956.0,2707.0
61,61,Southern Alberta,SAB2,Yes,Yes,May 2014,5/22/2014,10614.0,4428.0
62,62,Southern Alberta,SAB2,Yes,No,May 2014,5/22/2014,10562.0,2935.0
63,63,Southern Alberta,SAB2,No,Yes,May 2014,5/22/2014,6438.0,5237.0
64,64,Southern Alberta,SAB2,No,No,May 2014,5/22/2014,11858.0,6047.0
65,65,Southern Alberta,SAB2,Yes,Yes,May 2014,5/22/2014,10257.0,5693.0
66,66,Southern Alberta,SAB2,Yes,No,May 2014,5/22/2014,7795.0,5035.0
67,67,Southern Alberta,SAB2,No,Yes,May 2014,5/22/2014,5664.0,3719.0
68,68,Southern Alberta,SAB2,No,No,May 2014,5/22/2014,2045.0,4149.0
69,69,Southern Alberta,SAB2,Yes,Yes,May 2014,5/22/2014,5846.0,1164.0
70,70,Southern Alberta,SAB2,Yes,No,May 2014,5/22/2014,10562.0,8577.0
71,71,Southern Alberta,SAB2,No,Yes,May 2014,5/22/2014,5881.0,5035.0
72,72,Southern Alberta,SAB2,No,No,May 2014,5/22/2014,7465.0,3922.0
73,73,Southern Alberta,SAB2,Yes,Yes,May 2014,5/22/2014,10840.0,5515.0
74,74,Southern Alberta,SAB2,Yes,No,May 2014,5/22/2014,14051.0,4681.0
75,75,Southern Alberta,SAB2,No,Yes,May 2014,5/22/2014,10005.0,6097.0
76,76,Southern Alberta,SAB2,No,No,May 2014,5/22/2014,4237.0,4175.0
77,77,Southern Alberta,SAB2,Yes,Yes,May 2014,5/22/2014,11588.0,2353.0
78,78,Southern Alberta,SAB2,Yes,No,May 2014,5/22/2014,12493.0,4200.0
79,79,Southern Alberta,SAB2,No,Yes,May 2014,5/22/2014,9927.0,1113.0
80,80,Southern Alberta,SAB2,No,No,May 2014,5/22/2014,11336.0,6021.0
81,81,Southern Alberta,SAB3,Yes,Yes,May 2014,5/22/2014,8996.0,3517.0
82,82,Southern Alberta,SAB3,Yes,No,May 2014,5/22/2014,7386.0,11410.0
83,83,Southern Alberta,SAB3,No,Yes,May 2014,5/22/2014,4550.0,3365.0
84,84,Southern Alberta,SAB3,No,No,May 2014,5/22/2014,6499.0,4554.0
85,85,Southern Alberta,SAB3,Yes,Yes,May 2014,5/22/2014,10727.0,1822.0
86,86,Southern Alberta,SAB3,Yes,No,May 2014,5/22/2014,10310.0,7565.0
87,87,Southern Alberta,SAB3,No,Yes,May 2014,5/22/2014,5116.0,5060.0
88,88,Southern Alberta,SAB3,No,No,May 2014,5/22/2014,8987.0,5161.0
89,89,Southern Alberta,SAB3,Yes,Yes,May 2014,5/22/2014,10832.0,6641.0
90,90,Southern Alberta,SAB3,Yes,No,May 2014,5/22/2014,6055.0,5617.0
91,91,Southern Alberta,SAB3,No,Yes,May 2014,5/22/2014,6690.0,5591.0
92,92,Southern Alberta,SAB3,No,No,May 2014,5/22/2014,7630.0,5161.0
93,93,Southern Alberta,SAB3,Yes,Yes,May 2014,5/22/2014,9440.0,1898.0
94,94,Southern Alberta,SAB3,Yes,No,May 2014,5/22/2014,8396.0,6376.0
95,95,Southern Alberta,SAB3,No,Yes,May 2014,5/22/2014,7908.0,25.0
96,96,Southern Alberta,SAB3,No,No,May 2014,5/22/2014,13563.0,4402.0
97,97,Southern Alberta,SAB3,Yes,Yes,May 2014,5/22/2014,9953.0,4503.0
98,98,Southern Alberta,SAB3,Yes,No,May 2014,5/22/2014,11206.0,4048.0
99,99,Southern Alberta,SAB3,No,Yes,May 2014,5/22/2014,9962.0,5111.0
100,100,Southern Alberta,SAB3,No,No,May 2014,5/22/2014,13529.0,3820.0
101,101,Southern Alberta,SAB3,Yes,Yes,May 2014,5/22/2014,9614.0,6376.0
102,102,Southern Alberta,SAB3,Yes,No,May 2014,5/22/2014,14242.0,2454.0
103,103,Southern Alberta,SAB3,No,Yes,May 2014,5/22/2014,11214.0,3997.0
104,104,Southern Alberta,SAB3,No,No,May 2014,5/22/2014,8526.0,7464.0
105,105,Southern Alberta,SAB3,Yes,Yes,May 2014,5/22/2014,7212.0,6780.0
106,106,Southern Alberta,SAB3,Yes,No,May 2014,5/22/2014,14416.0,5440.0
107,107,Southern Alberta,SAB3,No,Yes,May 2014,5/22/2014,8517.0,7565.0
108,108,Southern Alberta,SAB3,No,No,May 2014,5/22/2014,8944.0,6097.0
109,109,Southern Alberta,SAB3,Yes,Yes,May 2014,5/22/2014,13920.0,8273.0
111,111,Southern Alberta,SAB3,No,Yes,May 2014,5/22/2014,11249.0,8223.0
112,112,Southern Alberta,SAB3,No,No,May 2014,5/22/2014,9683.0,3011.0
113,113,Southern Alberta,SAB3,Yes,Yes,May 2014,5/22/2014,6838.0,3618.0
114,114,Southern Alberta,SAB3,Yes,No,May 2014,5/22/2014,4924.0,6376.0
115,115,Southern Alberta,SAB3,No,Yes,May 2014,5/22/2014,11432.0,7413.0
116,116,Southern Alberta,SAB3,No,No,May 2014,5/22/2014,11432.0,7995.0
117,117,Southern Alberta,SAB3,Yes,Yes,May 2014,5/22/2014,4602.0,3669.0
118,118,Southern Alberta,SAB3,Yes,No,May 2014,5/22/2014,8865.0,3137.0
119,119,Southern Alberta,SAB3,No,Yes,May 2014,5/22/2014,3541.0,3694.0
120,120,Southern Alberta,SAB3,No,No,May 2014,5/22/2014,8117.0,4276.0
201,201,Northern Alberta,NAB1,Yes,Yes,May 2014,5/20/2014,2845.0,2201.0
202,202,Northern Alberta,NAB1,Yes,No,May 2014,5/20/2014,10440.0,8197.0
203,203,Northern Alberta,NAB1,No,Yes,May 2014,5/20/2014,5759.0,5996.0
204,204,Northern Alberta,NAB1,No,No,May 2014,5/20/2014,4637.0,7818.0
205,205,Northern Alberta,NAB1,Yes,Yes,May 2014,5/20/2014,6838.0,4478.0
206,206,Northern Alberta,NAB1,Yes,No,May 2014,5/20/2014,7047.0,6376.0
207,207,Northern Alberta,NAB1,No,Yes,May 2014,5/20/2014,8343.0,6325.0
208,208,Northern Alberta,NAB1,No,No,May 2014,5/20/2014,3663.0,5111.0
209,209,Northern Alberta,NAB1,Yes,Yes,May 2014,5/20/2014,1340.0,4301.0
210,210,Northern Alberta,NAB1,Yes,No,May 2014,5/20/2014,4776.0,7059.0
211,211,Northern Alberta,NAB1,No,Yes,May 2014,5/20/2014,5525.0,3416.0
212,212,Northern Alberta,NAB1,No,No,May 2014,5/20/2014,2958.0,6401.0
213,213,Northern Alberta,NAB1,Yes,Yes,May 2014,5/20/2014,3263.0,6527.0
214,214,Northern Alberta,NAB1,Yes,No,May 2014,5/20/2014,3428.0,5768.0
215,215,Northern Alberta,NAB1,No,Yes,May 2014,5/20/2014,3323.0,6021.0
216,216,Northern Alberta,NAB1,No,No,May 2014,5/20/2014,3045.0,5009.0
217,217,Northern Alberta,NAB1,Yes,Yes,May 2014,5/20/2014,2741.0,3846.0
218,218,Northern Alberta,NAB1,Yes,No,May 2014,5/20/2014,3210.0,4301.0
219,219,Northern Alberta,NAB1,No,Yes,May 2014,5/20/2014,3558.0,8906.0
220,220,Northern Alberta,NAB1,No,No,May 2014,5/20/2014,3941.0,5262.0
221,221,Northern Alberta,NAB1,Yes,Yes,May 2014,5/20/2014,4080.0,7362.0
222,222,Northern Alberta,NAB1,Yes,No,May 2014,5/20/2014,1235.0,6553.0
223,223,Northern Alberta,NAB1,No,Yes,May 2014,5/20/2014,2967.0,6021.0
224,224,Northern Alberta,NAB1,No,No,May 2014,5/20/2014,2401.0,3188.0
225,225,Northern Alberta,NAB1,Yes,Yes,May 2014,5/20/2014,2932.0,6477.0
226,226,Northern Alberta,NAB1,Yes,No,May 2014,5/20/2014,3489.0,6958.0
227,227,Northern Alberta,NAB1,No,Yes,May 2014,5/20/2014,3611.0,7008.0
228,228,Northern Alberta,NAB1,No,No,May 2014,5/20/2014,4742.0,8071.0
229,229,Northern Alberta,NAB1,Yes,Yes,May 2014,5/20/2014,2758.0,5693.0
230,230,Northern Alberta,NAB1,Yes,No,May 2014,5/20/2014,3210.0,6477.0
231,231,Northern Alberta,NAB1,No,Yes,May 2014,5/20/2014,3236.0,7489.0
232,232,Northern Alberta,NAB1,No,No,May 2014,5/20/2014,2114.0,5288.0
233,233,Northern Alberta,NAB1,Yes,Yes,May 2014,5/20/2014,3637.0,7868.0
234,234,Northern Alberta,NAB1,Yes,No,May 2014,5/20/2014,3280.0,6148.0
235,235,Northern Alberta,NAB1,No,Yes,May 2014,5/20/2014,4298.0,6173.0
236,236,Northern Alberta,NAB1,No,No,May 2014,5/20/2014,4115.0,6755.0
237,237,Northern Alberta,NAB1,Yes,Yes,May 2014,5/20/2014,2688.0,5819.0
238,238,Northern Alberta,NAB1,Yes,No,May 2014,5/20/2014,3141.0,5515.0
239,239,Northern Alberta,NAB1,No,Yes,May 2014,5/20/2014,3463.0,4959.0
240,240,Northern Alberta,NAB1,No,No,May 2014,5/20/2014,2680.0,3618.0
241,241,Northern Alberta,NAB2,Yes,Yes,May 2014,5/20/2014,3028.0,5996.0
242,242,Northern Alberta,NAB2,Yes,No,May 2014,5/20/2014,4611.0,6603.0
243,243,Northern Alberta,NAB2,No,Yes,May 2014,5/20/2014,4263.0,6578.0
244,244,Northern Alberta,NAB2,No,No,May 2014,5/20/2014,2784.0,3922.0
245,245,Northern Alberta,NAB2,Yes,Yes,May 2014,5/20/2014,3463.0,5515.0
246,246,Northern Alberta,NAB2,Yes,No,May 2014,5/20/2014,6725.0,4959.0
247,247,Northern Alberta,NAB2,No,Yes,May 2014,5/20/2014,4672.0,5515.0
248,248,Northern Alberta,NAB2,No,No,May 2014,5/20/2014,4019.0,4200.0
249,249,Northern Alberta,NAB2,Yes,Yes,May 2014,5/20/2014,3350.0,4807.0
250,250,Northern Alberta,NAB2,Yes,No,May 2014,5/20/2014,5377.0,7464.0
251,251,Northern Alberta,NAB2,No,Yes,May 2014,5/20/2014,4559.0,5617.0
252,252,Northern Alberta,NAB2,No,No,May 2014,5/20/2014,3637.0,4959.0
253,253,Northern Alberta,NAB2,Yes,Yes,May 2014,5/20/2014,3645.0,5338.0
254,254,Northern Alberta,NAB2,Yes,No,May 2014,5/20/2014,4437.0,7590.0
255,255,Northern Alberta,NAB2,No,Yes,May 2014,5/20/2014,3323.0,8906.0
256,256,Northern Alberta,NAB2,No,No,May 2014,5/20/2014,2245.0,5187.0
257,257,Northern Alberta,NAB2,Yes,Yes,May 2014,5/20/2014,3445.0,8197.0
258,258,Northern Alberta,NAB2,Yes,No,May 2014,5/20/2014,4307.0,6452.0
259,259,Northern Alberta,NAB2,No,Yes,May 2014,5/20/2014,2532.0,6578.0
260,260,Northern Alberta,NAB2,No,No,May 2014,5/20/2014,2967.0,4124.0
261,261,Northern Alberta,NAB2,Yes,Yes,May 2014,5/20/2014,2810.0,6578.0
262,262,Northern Alberta,NAB2,Yes,No,May 2014,5/20/2014,3750.0,4807.0
263,263,Northern Alberta,NAB2,No,Yes,May 2014,5/20/2014,2549.0,5414.0
264,264,Northern Alberta,NAB2,No,No,May 2014,5/20/2014,2915.0,987.0
265,265,Northern Alberta,NAB2,Yes,Yes,May 2014,5/20/2014,7299.0,5313.0
266,266,Northern Alberta,NAB2,Yes,No,May 2014,5/20/2014,2349.0,5060.0
267,267,Northern Alberta,NAB2,No,Yes,May 2014,5/20/2014,2088.0,5591.0
268,268,Northern Alberta,NAB2,No,No,May 2014,5/20/2014,4481.0,8273.0
269,269,Northern Alberta,NAB2,Yes,Yes,May 2014,5/20/2014,3184.0,6325.0
270,270,Northern Alberta,NAB2,Yes,No,May 2014,5/20/2014,3306.0,4883.0
271,271,Northern Alberta,NAB2,No,Yes,May 2014,5/20/2014,3471.0,6097.0
272,272,Northern Alberta,NAB2,No,No,May 2014,5/20/2014,4254.0,5870.0
273,273,Northern Alberta,NAB2,Yes,Yes,May 2014,5/20/2014,3289.0,3846.0
274,274,Northern Alberta,NAB2,Yes,No,May 2014,5/20/2014,4028.0,5971.0
275,275,Northern Alberta,NAB2,No,Yes,May 2014,5/20/2014,3271.0,5111.0
276,276,Northern Alberta,NAB2,No,No,May 2014,5/20/2014,3132.0,5187.0
277,277,Northern Alberta,NAB2,Yes,Yes,May 2014,5/20/2014,3941.0,4352.0
278,278,Northern Alberta,NAB2,Yes,No,May 2014,5/20/2014,3323.0,32283.0
279,279,Northern Alberta,NAB2,No,Yes,May 2014,5/20/2014,3019.0,6932.0
280,280,Northern Alberta,NAB2,No,No,May 2014,5/20/2014,3663.0,7438.0
281,281,Northern Alberta,NAB3,Yes,Yes,May 2014,5/20/2014,4846.0,7464.0
282,282,Northern Alberta,NAB3,Yes,No,May 2014,5/20/2014,5124.0,8830.0
283,283,Northern Alberta,NAB3,No,Yes,May 2014,5/20/2014,3671.0,6679.0
284,284,Northern Alberta,NAB3,No,No,May 2014,5/20/2014,4420.0,13131.0
285,285,Northern Alberta,NAB3,Yes,Yes,May 2014,5/20/2014,3959.0,2049.0
286,286,Northern Alberta,NAB3,Yes,No,May 2014,5/20/2014,4394.0,7944.0
287,287,Northern Alberta,NAB3,No,Yes,May 2014,5/20/2014,3089.0,5541.0
288,288,Northern Alberta,NAB3,No,No,May 2014,5/20/2014,4585.0,8602.0
289,289,Northern Alberta,NAB3,Yes,Yes,May 2014,5/20/2014,5533.0,7059.0
290,290,Northern Alberta,NAB3,Yes,No,May 2014,5/20/2014,3915.0,7033.0
291,291,Northern Alberta,NAB3,No,Yes,May 2014,5/20/2014,4759.0,7641.0
292,292,Northern Alberta,NAB3,No,No,May 2014,5/20/2014,5246.0,7742.0
293,293,Northern Alberta,NAB3,Yes,Yes,May 2014,5/20/2014,4211.0,7261.0
294,294,Northern Alberta,NAB3,Yes,No,May 2014,5/20/2014,6482.0,8071.0
295,295,Northern Alberta,NAB3,No,Yes,May 2014,5/20/2014,8091.0,9235.0
296,296,Northern Alberta,NAB3,No,No,May 2014,5/20/2014,5420.0,5515.0
297,297,Northern Alberta,NAB3,Yes,Yes,May 2014,5/20/2014,6351.0,11006.0
298,298,Northern Alberta,NAB3,Yes,No,May 2014,5/20/2014,3906.0,6831.0
299,299,Northern Alberta,NAB3,No,Yes,May 2014,5/20/2014,5429.0,8197.0
300,300,Northern Alberta,NAB3,No,No,May 2014,5/20/2014,4585.0,7944.0
301,301,Northern Alberta,NAB3,Yes,Yes,May 2014,5/20/2014,3993.0,4503.0
302,302,Northern Alberta,NAB3,Yes,No,May 2014,5/20/2014,4602.0,5642.0
303,303,Northern Alberta,NAB3,No,Yes,May 2014,5/20/2014,4333.0,4605.0
304,304,Northern Alberta,NAB3,No,No,May 2014,5/20/2014,6803.0,8754.0
306,306,Northern Alberta,NAB3,Yes,No,May 2014,5/20/2014,2967.0,4250.0
307,307,Northern Alberta,NAB3,No,Yes,May 2014,5/20/2014,3350.0,5768.0
308,308,Northern Alberta,NAB3,No,No,May 2014,5/20/2014,2340.0,4276.0
309,309,Northern Alberta,NAB3,Yes,Yes,May 2014,5/20/2014,4028.0,8121.0
310,310,Northern Alberta,NAB3,Yes,No,May 2014,5/20/2014,5098.0,6553.0
312,312,Northern Alberta,NAB3,No,No,May 2014,5/20/2014,2836.0,5946.0
313,313,Northern Alberta,NAB3,Yes,Yes,May 2014,5/20/2014,4698.0,7792.0
314,314,Northern Alberta,NAB3,Yes,No,May 2014,5/20/2014,3776.0,7033.0
315,315,Northern Alberta,NAB3,No,Yes,May 2014,5/20/2014,2888.0,4832.0
316,316,Northern Alberta,NAB3,No,No,May 2014,5/20/2014,3132.0,7337.0
317,317,Northern Alberta,NAB3,Yes,Yes,May 2014,5/20/2014,3619.0,5364.0
318,318,Northern Alberta,NAB3,Yes,No,May 2014,5/20/2014,2688.0,5718.0
319,319,Northern Alberta,NAB3,No,Yes,May 2014,5/20/2014,3036.0,7767.0
320,320,Northern Alberta,NAB3,No,No,May 2014,5/20/2014,3132.0,7818.0
321,321,Northern Alberta,NAB3,Yes,Yes,May 2014,5/20/2014,3115.0,6502.0
322,322,Northern Alberta,NAB3,Yes,No,May 2014,5/20/2014,3515.0,7185.0
323,323,Northern Alberta,NAB3,No,Yes,May 2014,5/20/2014,3228.0,1290.0
324,324,Northern Alberta,NAB3,No,No,May 2014,5/20/2014,2523.0,6376.0
325,325,Northern Alberta,NAB3,Yes,Yes,May 2014,5/20/2014,2575.0,4807.0
1,1,Southern Alberta,SAB1,Yes,Yes,June 2014,6/25/2014,17765.0,12701.0
2,2,Southern Alberta,SAB1,Yes,No,June 2014,6/25/2014,13294.0,8931.0
3,3,Southern Alberta,SAB1,No,Yes,June 2014,6/25/2014,12867.0,4402.0
4,4,Southern Alberta,SAB1,No,No,June 2014,6/25/2014,16443.0,6477.0
5,5,Southern Alberta,SAB1,Yes,Yes,June 2014,6/25/2014,13555.0,14042.0
6,6,Southern Alberta,SAB1,Yes,No,June 2014,6/25/2014,13877.0,7565.0
8,8,Southern Alberta,SAB1,No,No,June 2014,6/25/2014,10101.0,8045.0
9,9,Southern Alberta,SAB1,Yes,Yes,June 2014,6/25/2014,13520.0,9336.0
10,10,Southern Alberta,SAB1,Yes,No,June 2014,6/25/2014,9935.0,4554.0
11,11,Southern Alberta,SAB1,No,Yes,June 2014,6/25/2014,16304.0,12701.0
12,12,Southern Alberta,SAB1,No,No,June 2014,6/25/2014,11345.0,3871.0
13,13,Southern Alberta,SAB1,Yes,Yes,June 2014,6/25/2014,13433.0,8577.0
14,14,Southern Alberta,SAB1,Yes,No,June 2014,6/25/2014,14451.0,9563.0
15,15,Southern Alberta,SAB1,No,Yes,June 2014,6/25/2014,13346.0,6401.0
16,16,Southern Alberta,SAB1,No,No,June 2014,6/25/2014,11162.0,9994.0
17,17,Southern Alberta,SAB1,Yes,Yes,June 2014,6/25/2014,13172.0,10651.0
18,18,Southern Alberta,SAB1,Yes,No,June 2014,6/25/2014,14851.0,15686.0
19,19,Southern Alberta,SAB1,No,Yes,June 2014,6/25/2014,20984.0,15079.0
20,20,Southern Alberta,SAB1,No,No,June 2014,6/25/2014,12015.0,9867.0
21,21,Southern Alberta,SAB1,Yes,Yes,June 2014,6/25/2014,13911.0,10373.0
22,22,Southern Alberta,SAB1,Yes,No,June 2014,6/25/2014,14877.0,11208.0
23,23,Southern Alberta,SAB1,No,Yes,June 2014,6/25/2014,15373.0,9285.0
24,24,Southern Alberta,SAB1,No,No,June 2014,6/25/2014,10701.0,6300.0
25,25,Southern Alberta,SAB1,Yes,Yes,June 2014,6/25/2014,12250.0,13181.0
26,26,Southern Alberta,SAB1,Yes,No,June 2014,6/25/2014,17217.0,13460.0
27,27,Southern Alberta,SAB1,No,Yes,June 2014,6/25/2014,13720.0,7388.0
28,28,Southern Alberta,SAB1,No,No,June 2014,6/25/2014,12154.0,4428.0
29,29,Southern Alberta,SAB1,Yes,Yes,June 2014,6/25/2014,8317.0,7641.0
30,30,Southern Alberta,SAB1,Yes,No,June 2014,6/25/2014,9866.0,11512.0
31,31,Southern Alberta,SAB1,No,Yes,June 2014,6/25/2014,13937.0,7211.0
32,32,Southern Alberta,SAB1,No,No,June 2014,6/25/2014,9657.0,6831.0
33,33,Southern Alberta,SAB1,Yes,Yes,June 2014,6/25/2014,18105.0,14370.0
34,34,Southern Alberta,SAB1,Yes,No,June 2014,6/25/2014,12833.0,15332.0
35,35,Southern Alberta,SAB1,No,Yes,June 2014,6/25/2014,14459.0,9690.0
36,36,Southern Alberta,SAB1,No,No,June 2014,6/25/2014,12867.0,7641.0
37,37,Southern Alberta,SAB1,Yes,Yes,June 2014,6/25/2014,5751.0,7641.0
38,38,Southern Alberta,SAB1,Yes,No,June 2014,6/25/2014,3489.0,3453.0
39,39,Southern Alberta,SAB1,No,Yes,June 2014,6/25/2014,11693.0,9816.0
40,40,Southern Alberta,SAB1,No,No,June 2014,6/25/2014,20784.0,11309.0
41,41,Southern Alberta,SAB2,Yes,Yes,June 2014,6/25/2014,5699.0,4149.0
43,43,Southern Alberta,SAB2,No,Yes,June 2014,6/25/2014,10527.0,9437.0
44,44,Southern Alberta,SAB2,No,No,June 2014,6/25/2014,18696.0,9665.0
45,45,Southern Alberta,SAB2,Yes,Yes,June 2014,6/25/2014,13763.0,11840.0
46,46,Southern Alberta,SAB2,Yes,No,June 2014,6/25/2014,21315.0,14623.0
47,47,Southern Alberta,SAB2,No,Yes,June 2014,6/25/2014,11754.0,5983.0
48,48,Southern Alberta,SAB2,No,No,June 2014,6/25/2014,15416.0,8754.0
49,49,Southern Alberta,SAB2,Yes,Yes,June 2014,6/25/2014,21037.0,10651.0
50,50,Southern Alberta,SAB2,Yes,No,June 2014,6/25/2014,13459.0,12321.0
51,51,Southern Alberta,SAB2,No,Yes,June 2014,6/25/2014,7665.0,8096.0
52,52,Southern Alberta,SAB2,No,No,June 2014,6/25/2014,13537.0,6932.0
53,53,Southern Alberta,SAB2,Yes,Yes,June 2014,6/25/2014,9883.0,8400.0
54,54,Southern Alberta,SAB2,Yes,No,June 2014,6/25/2014,6134.0,9741.0
55,55,Southern Alberta,SAB2,No,Yes,June 2014,6/25/2014,8404.0,2732.0
56,56,Southern Alberta,SAB2,No,No,June 2014,6/25/2014,15460.0,15762.0
57,57,Southern Alberta,SAB2,Yes,Yes,June 2014,6/25/2014,12224.0,5996.0
58,58,Southern Alberta,SAB2,Yes,No,June 2014,6/25/2014,14468.0,11891.0
59,59,Southern Alberta,SAB2,No,Yes,June 2014,6/25/2014,19967.0,8627.0
60,60,Southern Alberta,SAB2,No,No,June 2014,6/25/2014,13572.0,11436.0
61,61,Southern Alberta,SAB2,Yes,Yes,June 2014,6/25/2014,14033.0,9488.0
62,62,Southern Alberta,SAB2,Yes,No,June 2014,6/25/2014,13024.0,9007.0
63,63,Southern Alberta,SAB2,No,Yes,June 2014,6/25/2014,11893.0,9728.0
64,64,Southern Alberta,SAB2,No,No,June 2014,6/25/2014,18296.0,8653.0
65,65,Southern Alberta,SAB2,Yes,Yes,June 2014,6/25/2014,12371.0,12422.0
66,66,Southern Alberta,SAB2,Yes,No,June 2014,6/25/2014,13050.0,10449.0
67,67,Southern Alberta,SAB2,No,Yes,June 2014,6/25/2014,5768.0,6831.0
68,68,Southern Alberta,SAB2,No,No,June 2014,6/25/2014,8561.0,4377.0
69,69,Southern Alberta,SAB2,Yes,Yes,June 2014,6/25/2014,12798.0,8324.0
70,70,Southern Alberta,SAB2,Yes,No,June 2014,6/25/2014,13511.0,12852.0
71,71,Southern Alberta,SAB2,No,Yes,June 2014,6/25/2014,9640.0,6603.0
72,72,Southern Alberta,SAB2,No,No,June 2014,6/25/2014,6134.0,4124.0
73,73,Southern Alberta,SAB2,Yes,Yes,June 2014,6/25/2014,8796.0,10651.0
74,74,Southern Alberta,SAB2,Yes,No,June 2014,6/25/2014,7760.0,11765.0
75,75,Southern Alberta,SAB2,No,Yes,June 2014,6/25/2014,18357.0,10753.0
76,76,Southern Alberta,SAB2,No,No,June 2014,6/25/2014,8187.0,6452.0
77,77,Southern Alberta,SAB2,Yes,Yes,June 2014,6/25/2014,15886.0,16394.0
78,78,Southern Alberta,SAB2,Yes,No,June 2014,6/25/2014,11014.0,14446.0
79,79,Southern Alberta,SAB2,No,Yes,June 2014,6/25/2014,12989.0,11410.0
80,80,Southern Alberta,SAB2,No,No,June 2014,6/25/2014,15208.0,15762.0
81,81,Southern Alberta,SAB3,Yes,Yes,June 2014,6/25/2014,12180.0,10145.0
82,82,Southern Alberta,SAB3,Yes,No,June 2014,6/25/2014,13737.0,12372.0
83,83,Southern Alberta,SAB3,No,Yes,June 2014,6/25/2014,3437.0,2606.0
84,84,Southern Alberta,SAB3,No,No,June 2014,6/25/2014,10823.0,9918.0
85,85,Southern Alberta,SAB3,Yes,Yes,June 2014,6/25/2014,10658.0,10221.0
86,86,Southern Alberta,SAB3,Yes,No,June 2014,6/25/2014,9318.0,12524.0
87,87,Southern Alberta,SAB3,No,Yes,June 2014,6/25/2014,6116.0,6123.0
88,88,Southern Alberta,SAB3,No,No,June 2014,6/25/2014,12041.0,6679.0
89,89,Southern Alberta,SAB3,Yes,Yes,June 2014,6/25/2014,11032.0,14042.0
90,90,Southern Alberta,SAB3,Yes,No,June 2014,6/25/2014,7604.0,9589.0
91,91,Southern Alberta,SAB3,No,Yes,June 2014,6/25/2014,11615.0,8729.0
92,92,Southern Alberta,SAB3,No,No,June 2014,6/25/2014,10745.0,7641.0
93,93,Southern Alberta,SAB3,Yes,Yes,June 2014,6/25/2014,6743.0,10348.0
94,94,Southern Alberta,SAB3,Yes,No,June 2014,6/25/2014,11197.0,10297.0
95,95,Southern Alberta,SAB3,No,Yes,June 2014,6/25/2014,5203.0,5617.0
96,96,Southern Alberta,SAB3,No,No,June 2014,6/25/2014,16408.0,12498.0
97,97,Southern Alberta,SAB3,Yes,Yes,June 2014,6/25/2014,13937.0,9057.0
98,98,Southern Alberta,SAB3,Yes,No,June 2014,6/25/2014,15503.0,9386.0
99,99,Southern Alberta,SAB3,No,Yes,June 2014,6/25/2014,6281.0,7843.0
100,100,Southern Alberta,SAB3,No,No,June 2014,6/25/2014,9405.0,10398.0
101,101,Southern Alberta,SAB3,Yes,Yes,June 2014,6/25/2014,15234.0,13232.0
102,102,Southern Alberta,SAB3,Yes,No,June 2014,6/25/2014,8187.0,11233.0
103,103,Southern Alberta,SAB3,No,Yes,June 2014,6/25/2014,8378.0,12144.0
104,104,Southern Alberta,SAB3,No,No,June 2014,6/25/2014,7064.0,3087.0
105,105,Southern Alberta,SAB3,Yes,Yes,June 2014,6/25/2014,8848.0,10297.0
106,106,Southern Alberta,SAB3,Yes,No,June 2014,6/25/2014,9483.0,11486.0
107,107,Southern Alberta,SAB3,No,Yes,June 2014,6/25/2014,12772.0,5060.0
108,108,Southern Alberta,SAB3,No,No,June 2014,6/25/2014,11119.0,9513.0
109,109,Southern Alberta,SAB3,Yes,Yes,June 2014,6/25/2014,15634.0,9032.0
111,111,Southern Alberta,SAB3,No,Yes,June 2014,6/25/2014,9353.0,9386.0
112,112,Southern Alberta,SAB3,No,No,June 2014,6/25/2014,10927.0,7818.0
113,113,Southern Alberta,SAB3,Yes,Yes,June 2014,6/25/2014,9640.0,4124.0
114,114,Southern Alberta,SAB3,Yes,No,June 2014,6/25/2014,11762.0,10525.0
115,115,Southern Alberta,SAB3,No,Yes,June 2014,6/25/2014,8291.0,9057.0
116,116,Southern Alberta,SAB3,No,No,June 2014,6/25/2014,12258.0,4858.0
117,117,Southern Alberta,SAB3,Yes,Yes,June 2014,6/25/2014,10370.0,10221.0
118,118,Southern Alberta,SAB3,Yes,No,June 2014,6/25/2014,13859.0,7312.0
119,119,Southern Alberta,SAB3,No,Yes,June 2014,6/25/2014,1984.0,2910.0
120,120,Southern Alberta,SAB3,No,No,June 2014,6/25/2014,9779.0,4681.0
201,201,Northern Alberta,NAB1,Yes,Yes,June 2014,6/25/2014,5290.0,7236.0
202,202,Northern Alberta,NAB1,Yes,No,June 2014,6/25/2014,15164.0,16673.0
203,203,Northern Alberta,NAB1,No,Yes,June 2014,6/25/2014,14372.0,14598.0
204,204,Northern Alberta,NAB1,No,No,June 2014,6/25/2014,12928.0,14952.0
205,205,Northern Alberta,NAB1,Yes,Yes,June 2014,6/25/2014,11354.0,10449.0
206,206,Northern Alberta,NAB1,Yes,No,June 2014,6/25/2014,12171.0,12751.0
207,207,Northern Alberta,NAB1,No,Yes,June 2014,6/25/2014,13711.0,9968.0
208,208,Northern Alberta,NAB1,No,No,June 2014,6/25/2014,9857.0,12549.0
209,209,Northern Alberta,NAB1,Yes,Yes,June 2014,6/25/2014,5838.0,6097.0
210,210,Northern Alberta,NAB1,Yes,No,June 2014,6/25/2014,18914.0,11916.0
211,211,Northern Alberta,NAB1,No,Yes,June 2014,6/25/2014,14903.0,11157.0
212,212,Northern Alberta,NAB1,No,No,June 2014,6/25/2014,10884.0,7362.0
213,213,Northern Alberta,NAB1,Yes,Yes,June 2014,6/25/2014,10188.0,784.0
214,214,Northern Alberta,NAB1,Yes,No,June 2014,6/25/2014,7943.0,531.0
215,215,Northern Alberta,NAB1,No,Yes,June 2014,6/25/2014,13041.0,11157.0
216,216,Northern Alberta,NAB1,No,No,June 2014,6/25/2014,7221.0,9639.0
217,217,Northern Alberta,NAB1,Yes,Yes,June 2014,6/25/2014,5081.0,7919.0
218,218,Northern Alberta,NAB1,Yes,No,June 2014,6/25/2014,9614.0,12397.0
219,219,Northern Alberta,NAB1,No,Yes,June 2014,6/25/2014,22098.0,23478.0
220,220,Northern Alberta,NAB1,No,No,June 2014,6/25/2014,11066.0,14092.0
221,221,Northern Alberta,NAB1,Yes,Yes,June 2014,6/25/2014,20924.0,13283.0
222,222,Northern Alberta,NAB1,Yes,No,June 2014,6/25/2014,14442.0,11360.0
223,223,Northern Alberta,NAB1,No,Yes,June 2014,6/25/2014,11849.0,11512.0
224,224,Northern Alberta,NAB1,No,No,June 2014,6/25/2014,9814.0,13105.0
225,225,Northern Alberta,NAB1,Yes,Yes,June 2014,6/25/2014,17800.0,15129.0
226,226,Northern Alberta,NAB1,Yes,No,June 2014,6/25/2014,17061.0,12346.0
227,227,Northern Alberta,NAB1,No,Yes,June 2014,6/25/2014,17539.0,14472.0
228,228,Northern Alberta,NAB1,No,No,June 2014,6/25/2014,18270.0,14598.0
229,229,Northern Alberta,NAB1,Yes,Yes,June 2014,6/25/2014,6203.0,12903.0
230,230,Northern Alberta,NAB1,Yes,No,June 2014,6/25/2014,9074.0,12675.0
231,231,Northern Alberta,NAB1,No,Yes,June 2014,6/25/2014,8804.0,16040.0
232,232,Northern Alberta,NAB1,No,No,June 2014,6/25/2014,5855.0,9639.0
233,233,Northern Alberta,NAB1,Yes,Yes,June 2014,6/25/2014,5594.0,11613.0
234,234,Northern Alberta,NAB1,Yes,No,June 2014,6/25/2014,12980.0,10601.0
235,235,Northern Alberta,NAB1,No,Yes,June 2014,6/25/2014,11936.0,7413.0
236,236,Northern Alberta,NAB1,No,No,June 2014,6/25/2014,21489.0,13561.0
237,237,Northern Alberta,NAB1,Yes,Yes,June 2014,6/25/2014,13450.0,8779.0
238,238,Northern Alberta,NAB1,Yes,No,June 2014,6/25/2014,11232.0,14244.0
239,239,Northern Alberta,NAB1,No,Yes,June 2014,6/25/2014,9083.0,18393.0
240,240,Northern Alberta,NAB1,No,No,June 2014,6/25/2014,7995.0,14396.0
241,241,Northern Alberta,NAB2,Yes,Yes,June 2014,6/25/2014,7656.0,13409.0
242,242,Northern Alberta,NAB2,Yes,No,June 2014,6/25/2014,10953.0,14446.0
243,243,Northern Alberta,NAB2,No,Yes,June 2014,6/25/2014,11606.0,12751.0
244,244,Northern Alberta,NAB2,No,No,June 2014,6/25/2014,10614.0,9766.0
245,245,Northern Alberta,NAB2,Yes,Yes,June 2014,6/25/2014,9779.0,17862.0
246,246,Northern Alberta,NAB2,Yes,No,June 2014,6/25/2014,12171.0,14244.0
247,247,Northern Alberta,NAB2,No,Yes,June 2014,6/25/2014,8978.0,14699.0
248,248,Northern Alberta,NAB2,No,No,June 2014,6/25/2014,9022.0,15914.0
249,249,Northern Alberta,NAB2,Yes,Yes,June 2014,6/25/2014,12076.0,12498.0
250,250,Northern Alberta,NAB2,Yes,No,June 2014,6/25/2014,16739.0,14472.0
251,251,Northern Alberta,NAB2,No,Yes,June 2014,6/25/2014,15147.0,13991.0
252,252,Northern Alberta,NAB2,No,No,June 2014,6/25/2014,10910.0,14725.0
253,253,Northern Alberta,NAB2,Yes,Yes,June 2014,6/25/2014,14129.0,13485.0
254,254,Northern Alberta,NAB2,Yes,No,June 2014,6/25/2014,10388.0,7160.0
255,255,Northern Alberta,NAB2,No,Yes,June 2014,6/25/2014,15904.0,12448.0
256,256,Northern Alberta,NAB2,No,No,June 2014,6/25/2014,9318.0,10069.0
257,257,Northern Alberta,NAB2,Yes,Yes,June 2014,6/25/2014,13424.0,14042.0
258,258,Northern Alberta,NAB2,Yes,No,June 2014,6/25/2014,8552.0,8121.0
259,259,Northern Alberta,NAB2,No,Yes,June 2014,6/25/2014,12293.0,15534.0
260,260,Northern Alberta,NAB2,No,No,June 2014,6/25/2014,7926.0,7590.0
261,261,Northern Alberta,NAB2,Yes,Yes,June 2014,6/25/2014,16782.0,15787.0
262,262,Northern Alberta,NAB2,Yes,No,June 2014,6/25/2014,19044.0,14775.0
263,263,Northern Alberta,NAB2,No,Yes,June 2014,6/25/2014,17818.0,9488.0
264,264,Northern Alberta,NAB2,No,No,June 2014,6/25/2014,10083.0,6882.0
265,265,Northern Alberta,NAB2,Yes,Yes,June 2014,6/25/2014,11188.0,14750.0
266,266,Northern Alberta,NAB2,Yes,No,June 2014,6/25/2014,11684.0,14750.0
267,267,Northern Alberta,NAB2,No,Yes,June 2014,6/25/2014,8526.0,16445.0
268,268,Northern Alberta,NAB2,No,No,June 2014,6/25/2014,6690.0,4655.0
269,269,Northern Alberta,NAB2,Yes,Yes,June 2014,6/25/2014,18000.0,9310.0
270,270,Northern Alberta,NAB2,Yes,No,June 2014,6/25/2014,19105.0,10904.0
271,271,Northern Alberta,NAB2,No,Yes,June 2014,6/25/2014,6003.0,12524.0
272,272,Northern Alberta,NAB2,No,No,June 2014,6/25/2014,10736.0,12777.0
273,273,Northern Alberta,NAB2,Yes,Yes,June 2014,6/25/2014,10527.0,12827.0
274,274,Northern Alberta,NAB2,Yes,No,June 2014,6/25/2014,14085.0,16445.0
275,275,Northern Alberta,NAB2,No,Yes,June 2014,6/25/2014,14590.0,15990.0
276,276,Northern Alberta,NAB2,No,No,June 2014,6/25/2014,9561.0,12422.0
277,277,Northern Alberta,NAB2,Yes,Yes,June 2014,6/25/2014,9996.0,7615.0
278,278,Northern Alberta,NAB2,Yes,No,June 2014,6/25/2014,10945.0,11916.0
279,279,Northern Alberta,NAB2,No,Yes,June 2014,6/25/2014,10353.0,13966.0
280,280,Northern Alberta,NAB2,No,No,June 2014,6/25/2014,17313.0,12144.0
281,281,Northern Alberta,NAB3,Yes,Yes,June 2014,6/25/2014,13415.0,14269.0
282,282,Northern Alberta,NAB3,Yes,No,June 2014,6/25/2014,15634.0,15180.0
283,283,Northern Alberta,NAB3,No,Yes,June 2014,6/25/2014,8448.0,14042.0
284,284,Northern Alberta,NAB3,No,No,June 2014,6/25/2014,20288.0,15028.0
285,285,Northern Alberta,NAB3,Yes,Yes,June 2014,6/25/2014,13302.0,13991.0
286,286,Northern Alberta,NAB3,Yes,No,June 2014,6/25/2014,14007.0,12650.0
287,287,Northern Alberta,NAB3,No,Yes,June 2014,6/25/2014,8813.0,6097.0
288,288,Northern Alberta,NAB3,No,No,June 2014,6/25/2014,8143.0,12093.0
289,289,Northern Alberta,NAB3,Yes,Yes,June 2014,6/25/2014,5664.0,7767.0
290,290,Northern Alberta,NAB3,Yes,No,June 2014,6/25/2014,7204.0,10145.0
291,291,Northern Alberta,NAB3,No,Yes,June 2014,6/25/2014,7047.0,835.0
292,292,Northern Alberta,NAB3,No,No,June 2014,6/25/2014,13990.0,11967.0
293,293,Northern Alberta,NAB3,Yes,Yes,June 2014,6/25/2014,17609.0,12650.0
294,294,Northern Alberta,NAB3,Yes,No,June 2014,6/25/2014,18287.0,15079.0
295,295,Northern Alberta,NAB3,No,Yes,June 2014,6/25/2014,22429.0,12599.0
296,296,Northern Alberta,NAB3,No,No,June 2014,6/25/2014,15416.0,8374.0
297,297,Northern Alberta,NAB3,Yes,Yes,June 2014,6/25/2014,4881.0,5920.0
298,298,Northern Alberta,NAB3,Yes,No,June 2014,6/25/2014,14520.0,10930.0
299,299,Northern Alberta,NAB3,No,Yes,June 2014,6/25/2014,12824.0,14801.0
300,300,Northern Alberta,NAB3,No,No,June 2014,6/25/2014,14442.0,18494.0
301,301,Northern Alberta,NAB3,Yes,Yes,June 2014,6/25/2014,8108.0,12726.0
302,302,Northern Alberta,NAB3,Yes,No,June 2014,6/25/2014,16843.0,13207.0
303,303,Northern Alberta,NAB3,No,Yes,June 2014,6/25/2014,8839.0,9184.0
304,304,Northern Alberta,NAB3,No,No,June 2014,6/25/2014,16373.0,11587.0
306,306,Northern Alberta,NAB3,Yes,No,June 2014,6/25/2014,12589.0,17533.0
307,307,Northern Alberta,NAB3,No,Yes,June 2014,6/25/2014,10588.0,11916.0
308,308,Northern Alberta,NAB3,No,No,June 2014,6/25/2014,4611.0,8703.0
309,309,Northern Alberta,NAB3,Yes,Yes,June 2014,6/25/2014,13398.0,10677.0
310,310,Northern Alberta,NAB3,Yes,No,June 2014,6/25/2014,15356.0,13839.0
312,312,Northern Alberta,NAB3,No,No,June 2014,6/25/2014,5568.0,2834.0
313,313,Northern Alberta,NAB3,Yes,Yes,June 2014,6/25/2014,11971.0,12422.0
314,314,Northern Alberta,NAB3,Yes,No,June 2014,6/25/2014,9927.0,11208.0
315,315,Northern Alberta,NAB3,No,Yes,June 2014,6/25/2014,5820.0,8273.0
316,316,Northern Alberta,NAB3,No,No,June 2014,6/25/2014,13407.0,9336.0
317,317,Northern Alberta,NAB3,Yes,Yes,June 2014,6/25/2014,16687.0,15129.0
318,318,Northern Alberta,NAB3,Yes,No,June 2014,6/25/2014,10118.0,11309.0
319,319,Northern Alberta,NAB3,No,Yes,June 2014,6/25/2014,15999.0,13814.0
320,320,Northern Alberta,NAB3,No,No,June 2014,6/25/2014,18061.0,12751.0
321,321,Northern Alberta,NAB3,Yes,Yes,June 2014,6/25/2014,10310.0,10474.0
322,322,Northern Alberta,NAB3,Yes,No,June 2014,6/25/2014,11649.0,9968.0
323,323,Northern Alberta,NAB3,No,Yes,June 2014,6/25/2014,5246.0,6932.0
324,324,Northern Alberta,NAB3,No,No,June 2014,6/25/2014,8239.0,13940.0
325,325,Northern Alberta,NAB3,Yes,Yes,June 2014,6/25/2014,5525.0,4428.0
1,1,Southern Alberta,SAB1,Yes,Yes,August 2014,8/20/2014,25152.0,13055.0
2,2,Southern Alberta,SAB1,Yes,No,August 2014,8/20/2014,14921.0,12119.0
3,3,Southern Alberta,SAB1,No,Yes,August 2014,8/20/2014,20280.0,11840.0
4,4,Southern Alberta,SAB1,No,No,August 2014,8/20/2014,21393.0,11992.0
5,5,Southern Alberta,SAB1,Yes,Yes,August 2014,8/20/2014,13859.0,8020.0
6,6,Southern Alberta,SAB1,Yes,No,August 2014,8/20/2014,11223.0,7160.0
8,8,Southern Alberta,SAB1,No,No,August 2014,8/20/2014,19227.0,13991.0
9,9,Southern Alberta,SAB1,Yes,Yes,August 2014,8/20/2014,20019.0,10474.0
10,10,Southern Alberta,SAB1,Yes,No,August 2014,8/20/2014,21089.0,8804.0
11,11,Southern Alberta,SAB1,No,Yes,August 2014,8/20/2014,27370.0,11410.0
12,12,Southern Alberta,SAB1,No,No,August 2014,8/20/2014,14755.0,6882.0
13,13,Southern Alberta,SAB1,Yes,Yes,August 2014,8/20/2014,14346.0,7742.0
14,14,Southern Alberta,SAB1,Yes,No,August 2014,8/20/2014,17148.0,8880.0
15,15,Southern Alberta,SAB1,No,Yes,August 2014,8/20/2014,11832.0,8880.0
16,16,Southern Alberta,SAB1,No,No,August 2014,8/20/2014,12650.0,8526.0
17,17,Southern Alberta,SAB1,Yes,Yes,August 2014,8/20/2014,16052.0,8804.0
18,18,Southern Alberta,SAB1,Yes,No,August 2014,8/20/2014,20784.0,10753.0
19,19,Southern Alberta,SAB1,No,Yes,August 2014,8/20/2014,11562.0,10044.0
20,20,Southern Alberta,SAB1,No,No,August 2014,8/20/2014,25413.0,8830.0
21,21,Southern Alberta,SAB1,Yes,Yes,August 2014,8/20/2014,22603.0,8324.0
22,22,Southern Alberta,SAB1,Yes,No,August 2014,8/20/2014,21185.0,13940.0
23,23,Southern Alberta,SAB1,No,Yes,August 2014,8/20/2014,18531.0,10904.0
24,24,Southern Alberta,SAB1,No,No,August 2014,8/20/2014,19819.0,7464.0
25,25,Southern Alberta,SAB1,Yes,Yes,August 2014,8/20/2014,14764.0,10474.0
26,26,Southern Alberta,SAB1,Yes,No,August 2014,8/20/2014,17426.0,6502.0
27,27,Southern Alberta,SAB1,No,Yes,August 2014,8/20/2014,18870.0,10753.0
28,28,Southern Alberta,SAB1,No,No,August 2014,8/20/2014,17191.0,10171.0
29,29,Southern Alberta,SAB1,Yes,Yes,August 2014,8/20/2014,17278.0,12726.0
30,30,Southern Alberta,SAB1,Yes,No,August 2014,8/20/2014,14155.0,9083.0
31,31,Southern Alberta,SAB1,No,Yes,August 2014,8/20/2014,21689.0,8374.0
32,32,Southern Alberta,SAB1,No,No,August 2014,8/20/2014,17061.0,7868.0
33,33,Southern Alberta,SAB1,Yes,Yes,August 2014,8/20/2014,24491.0,1923.0
34,34,Southern Alberta,SAB1,Yes,No,August 2014,8/20/2014,20228.0,10930.0
35,35,Southern Alberta,SAB1,No,Yes,August 2014,8/20/2014,15799.0,12346.0
36,36,Southern Alberta,SAB1,No,No,August 2014,8/20/2014,10188.0,7944.0
37,37,Southern Alberta,SAB1,Yes,Yes,August 2014,8/20/2014,14268.0,9563.0
38,38,Southern Alberta,SAB1,Yes,No,August 2014,8/20/2014,,
39,39,Southern Alberta,SAB1,No,Yes,August 2014,8/20/2014,16460.0,10398.0
40,40,Southern Alberta,SAB1,No,No,August 2014,8/20/2014,21907.0,12574.0
41,41,Southern Alberta,SAB2,Yes,Yes,August 2014,8/20/2014,21167.0,12979.0
43,43,Southern Alberta,SAB2,No,Yes,August 2014,8/20/2014,10675.0,8324.0
44,44,Southern Alberta,SAB2,No,No,August 2014,8/20/2014,28649.0,12979.0
45,45,Southern Alberta,SAB2,Yes,Yes,August 2014,8/20/2014,13407.0,8956.0
46,46,Southern Alberta,SAB2,Yes,No,August 2014,8/20/2014,28701.0,14598.0
47,47,Southern Alberta,SAB2,No,Yes,August 2014,8/20/2014,20123.0,11967.0
48,48,Southern Alberta,SAB2,No,No,August 2014,8/20/2014,17913.0,13510.0
49,49,Southern Alberta,SAB2,Yes,Yes,August 2014,8/20/2014,14660.0,13687.0
50,50,Southern Alberta,SAB2,Yes,No,August 2014,8/20/2014,19384.0,11486.0
51,51,Southern Alberta,SAB2,No,Yes,August 2014,8/20/2014,20149.0,10778.0
52,52,Southern Alberta,SAB2,No,No,August 2014,8/20/2014,15382.0,11967.0
53,53,Southern Alberta,SAB2,Yes,Yes,August 2014,8/20/2014,13224.0,11486.0
54,54,Southern Alberta,SAB2,Yes,No,August 2014,8/20/2014,14738.0,4377.0
55,55,Southern Alberta,SAB2,No,Yes,August 2014,8/20/2014,11684.0,10702.0
56,56,Southern Alberta,SAB2,No,No,August 2014,8/20/2014,15825.0,7666.0
57,57,Southern Alberta,SAB2,Yes,Yes,August 2014,8/20/2014,11458.0,12220.0
58,58,Southern Alberta,SAB2,Yes,No,August 2014,8/20/2014,17539.0,10980.0
59,59,Southern Alberta,SAB2,No,Yes,August 2014,8/20/2014,21350.0,10348.0
60,60,Southern Alberta,SAB2,No,No,August 2014,8/20/2014,11127.0,5237.0
61,61,Southern Alberta,SAB2,Yes,Yes,August 2014,8/20/2014,21045.0,9639.0
62,62,Southern Alberta,SAB2,Yes,No,August 2014,8/20/2014,7882.0,4908.0
63,63,Southern Alberta,SAB2,No,Yes,August 2014,8/20/2014,15556.0,9816.0
64,64,Southern Alberta,SAB2,No,No,August 2014,8/20/2014,23777.0,14067.0
65,65,Southern Alberta,SAB2,Yes,Yes,August 2014,8/20/2014,15782.0,11461.0
66,66,Southern Alberta,SAB2,Yes,No,August 2014,8/20/2014,12693.0,9184.0
67,67,Southern Alberta,SAB2,No,Yes,August 2014,8/20/2014,15912.0,9462.0
68,68,Southern Alberta,SAB2,No,No,August 2014,8/20/2014,13972.0,9057.0
69,69,Southern Alberta,SAB2,Yes,Yes,August 2014,8/20/2014,14181.0,11056.0
70,70,Southern Alberta,SAB2,Yes,No,August 2014,8/20/2014,19697.0,12675.0
71,71,Southern Alberta,SAB2,No,Yes,August 2014,8/20/2014,8761.0,9209.0
72,72,Southern Alberta,SAB2,No,No,August 2014,8/20/2014,11284.0,9741.0
73,73,Southern Alberta,SAB2,Yes,Yes,August 2014,8/20/2014,18044.0,9994.0
74,74,Southern Alberta,SAB2,Yes,No,August 2014,8/20/2014,17078.0,15281.0
75,75,Southern Alberta,SAB2,No,Yes,August 2014,8/20/2014,28406.0,10828.0
76,76,Southern Alberta,SAB2,No,No,August 2014,8/20/2014,26117.0,6173.0
77,77,Southern Alberta,SAB2,Yes,Yes,August 2014,8/20/2014,18253.0,12650.0
78,78,Southern Alberta,SAB2,Yes,No,August 2014,8/20/2014,22594.0,14902.0
79,79,Southern Alberta,SAB2,No,Yes,August 2014,8/20/2014,22081.0,12422.0
80,80,Southern Alberta,SAB2,No,No,August 2014,8/20/2014,12902.0,7843.0
81,81,Southern Alberta,SAB3,Yes,Yes,August 2014,8/20/2014,10544.0,9412.0
82,82,Southern Alberta,SAB3,Yes,No,August 2014,8/20/2014,10344.0,13713.0
83,83,Southern Alberta,SAB3,No,Yes,August 2014,8/20/2014,8143.0,14674.0
84,84,Southern Alberta,SAB3,No,No,August 2014,8/20/2014,11214.0,11689.0
85,85,Southern Alberta,SAB3,Yes,Yes,August 2014,8/20/2014,14599.0,13030.0
86,86,Southern Alberta,SAB3,Yes,No,August 2014,8/20/2014,14512.0,11815.0
87,87,Southern Alberta,SAB3,No,Yes,August 2014,8/20/2014,20567.0,10740.0
88,88,Southern Alberta,SAB3,No,No,August 2014,8/20/2014,5672.0,13257.0
89,89,Southern Alberta,SAB3,Yes,Yes,August 2014,8/20/2014,15486.0,13485.0
90,90,Southern Alberta,SAB3,Yes,No,August 2014,8/20/2014,11475.0,7084.0
91,91,Southern Alberta,SAB3,No,Yes,August 2014,8/20/2014,9901.0,10095.0
92,92,Southern Alberta,SAB3,No,No,August 2014,8/20/2014,8761.0,13864.0
93,93,Southern Alberta,SAB3,Yes,Yes,August 2014,8/20/2014,12006.0,11385.0
94,94,Southern Alberta,SAB3,Yes,No,August 2014,8/20/2014,12032.0,9639.0
95,95,Southern Alberta,SAB3,No,Yes,August 2014,8/20/2014,19401.0,11006.0
96,96,Southern Alberta,SAB3,No,No,August 2014,8/20/2014,20576.0,10069.0
97,97,Southern Alberta,SAB3,Yes,Yes,August 2014,8/20/2014,13894.0,11284.0
98,98,Southern Alberta,SAB3,Yes,No,August 2014,8/20/2014,13033.0,9386.0
99,99,Southern Alberta,SAB3,No,Yes,August 2014,8/20/2014,8222.0,9057.0
100,100,Southern Alberta,SAB3,No,No,August 2014,8/20/2014,11789.0,12422.0
101,101,Southern Alberta,SAB3,Yes,Yes,August 2014,8/20/2014,12667.0,11436.0
102,102,Southern Alberta,SAB3,Yes,No,August 2014,8/20/2014,12258.0,11765.0
103,103,Southern Alberta,SAB3,No,Yes,August 2014,8/20/2014,13181.0,8830.0
104,104,Southern Alberta,SAB3,No,No,August 2014,8/20/2014,19105.0,10424.0
105,105,Southern Alberta,SAB3,Yes,Yes,August 2014,8/20/2014,10440.0,12751.0
106,106,Southern Alberta,SAB3,Yes,No,August 2014,8/20/2014,13955.0,11006.0
107,107,Southern Alberta,SAB3,No,Yes,August 2014,8/20/2014,18757.0,11714.0
108,108,Southern Alberta,SAB3,No,No,August 2014,8/20/2014,17270.0,12928.0
109,109,Southern Alberta,SAB3,Yes,Yes,August 2014,8/20/2014,15286.0,13839.0
111,111,Southern Alberta,SAB3,No,Yes,August 2014,8/20/2014,20036.0,9943.0
112,112,Southern Alberta,SAB3,No,No,August 2014,8/20/2014,8561.0,10525.0
113,113,Southern Alberta,SAB3,Yes,Yes,August 2014,8/20/2014,13320.0,10955.0
114,114,Southern Alberta,SAB3,Yes,No,August 2014,8/20/2014,17061.0,9209.0
115,115,Southern Alberta,SAB3,No,Yes,August 2014,8/20/2014,9022.0,10651.0
116,116,Southern Alberta,SAB3,No,No,August 2014,8/20/2014,14164.0,15028.0
117,117,Southern Alberta,SAB3,Yes,Yes,August 2014,8/20/2014,15251.0,11967.0
118,118,Southern Alberta,SAB3,Yes,No,August 2014,8/20/2014,10475.0,6452.0
119,119,Southern Alberta,SAB3,No,Yes,August 2014,8/20/2014,5951.0,9285.0
120,120,Southern Alberta,SAB3,No,No,August 2014,8/20/2014,13398.0,7742.0
201,201,Northern Alberta,NAB1,Yes,Yes,August 2014,8/18/2014,22637.0,9994.0
202,202,Northern Alberta,NAB1,Yes,No,August 2014,8/18/2014,25134.0,0.0
203,203,Northern Alberta,NAB1,No,Yes,August 2014,8/18/2014,13572.0,6300.0
204,204,Northern Alberta,NAB1,No,No,August 2014,8/18/2014,,
205,205,Northern Alberta,NAB1,Yes,Yes,August 2014,8/18/2014,17765.0,10930.0
206,206,Northern Alberta,NAB1,Yes,No,August 2014,8/18/2014,12763.0,10297.0
207,207,Northern Alberta,NAB1,No,Yes,August 2014,8/18/2014,23708.0,2328.0
208,208,Northern Alberta,NAB1,No,No,August 2014,8/18/2014,19184.0,0.0
209,209,Northern Alberta,NAB1,Yes,Yes,August 2014,8/18/2014,,
210,210,Northern Alberta,NAB1,Yes,No,August 2014,8/18/2014,,
211,211,Northern Alberta,NAB1,No,Yes,August 2014,8/18/2014,28379.0,10221.0
212,212,Northern Alberta,NAB1,No,No,August 2014,8/18/2014,17731.0,10322.0
213,213,Northern Alberta,NAB1,Yes,Yes,August 2014,8/18/2014,24708.0,2606.0
214,214,Northern Alberta,NAB1,Yes,No,August 2014,8/18/2014,15991.0,0.0
215,215,Northern Alberta,NAB1,No,Yes,August 2014,8/18/2014,30459.0,4200.0
216,216,Northern Alberta,NAB1,No,No,August 2014,8/18/2014,33852.0,14472.0
217,217,Northern Alberta,NAB1,Yes,Yes,August 2014,8/18/2014,12450.0,11410.0
218,218,Northern Alberta,NAB1,Yes,No,August 2014,8/18/2014,,
219,219,Northern Alberta,NAB1,No,Yes,August 2014,8/18/2014,7056.0,3593.0
220,220,Northern Alberta,NAB1,No,No,August 2014,8/18/2014,5777.0,6097.0
221,221,Northern Alberta,NAB1,Yes,Yes,August 2014,8/18/2014,10405.0,531.0
222,222,Northern Alberta,NAB1,Yes,No,August 2014,8/18/2014,18000.0,9791.0
223,223,Northern Alberta,NAB1,No,Yes,August 2014,8/18/2014,17313.0,8880.0
224,224,Northern Alberta,NAB1,No,No,August 2014,8/18/2014,10805.0,10778.0
225,225,Northern Alberta,NAB1,Yes,Yes,August 2014,8/18/2014,34861.0,0.0
226,226,Northern Alberta,NAB1,Yes,No,August 2014,8/18/2014,,
227,227,Northern Alberta,NAB1,No,Yes,August 2014,8/18/2014,17383.0,4175.0
228,228,Northern Alberta,NAB1,No,No,August 2014,8/18/2014,27144.0,12220.0
229,229,Northern Alberta,NAB1,Yes,Yes,August 2014,8/18/2014,37845.0,9513.0
230,230,Northern Alberta,NAB1,Yes,No,August 2014,8/18/2014,27292.0,11537.0
231,231,Northern Alberta,NAB1,No,Yes,August 2014,8/18/2014,27918.0,12574.0
232,232,Northern Alberta,NAB1,No,No,August 2014,8/18/2014,25613.0,9538.0
233,233,Northern Alberta,NAB1,Yes,Yes,August 2014,8/18/2014,25500.0,7464.0
234,234,Northern Alberta,NAB1,Yes,No,August 2014,8/18/2014,37775.0,11132.0
235,235,Northern Alberta,NAB1,No,Yes,August 2014,8/18/2014,33652.0,10373.0
236,236,Northern Alberta,NAB1,No,No,August 2014,8/18/2014,42299.0,10247.0
237,237,Northern Alberta,NAB1,Yes,Yes,August 2014,8/18/2014,24456.0,12979.0
238,238,Northern Alberta,NAB1,Yes,No,August 2014,8/18/2014,32094.0,1417.0
239,239,Northern Alberta,NAB1,No,Yes,August 2014,8/18/2014,30293.0,0.0
240,240,Northern Alberta,NAB1,No,No,August 2014,8/18/2014,14068.0,0.0
241,241,Northern Alberta,NAB2,Yes,Yes,August 2014,8/18/2014,29893.0,455.0
242,242,Northern Alberta,NAB2,Yes,No,August 2014,8/18/2014,,
243,243,Northern Alberta,NAB2,No,Yes,August 2014,8/18/2014,37662.0,5414.0
244,244,Northern Alberta,NAB2,No,No,August 2014,8/18/2014,25883.0,3643.0
245,245,Northern Alberta,NAB2,Yes,Yes,August 2014,8/18/2014,16182.0,25.0
246,246,Northern Alberta,NAB2,Yes,No,August 2014,8/18/2014,17557.0,0.0
247,247,Northern Alberta,NAB2,No,Yes,August 2014,8/18/2014,34870.0,2910.0
248,248,Northern Alberta,NAB2,No,No,August 2014,8/18/2014,17661.0,0.0
249,249,Northern Alberta,NAB2,Yes,Yes,August 2014,8/18/2014,21254.0,8476.0
250,250,Northern Alberta,NAB2,Yes,No,August 2014,8/18/2014,33852.0,3770.0
251,251,Northern Alberta,NAB2,No,Yes,August 2014,8/18/2014,27022.0,6426.0
252,252,Northern Alberta,NAB2,No,No,August 2014,8/18/2014,34217.0,13131.0
253,253,Northern Alberta,NAB2,Yes,Yes,August 2014,8/18/2014,5751.0,76.0
254,254,Northern Alberta,NAB2,Yes,No,August 2014,8/18/2014,23977.0,9260.0
255,255,Northern Alberta,NAB2,No,Yes,August 2014,8/18/2014,29711.0,0.0
256,256,Northern Alberta,NAB2,No,No,August 2014,8/18/2014,16608.0,9614.0
257,257,Northern Alberta,NAB2,Yes,Yes,August 2014,8/18/2014,38019.0,9665.0
258,258,Northern Alberta,NAB2,Yes,No,August 2014,8/18/2014,27440.0,11587.0
259,259,Northern Alberta,NAB2,No,Yes,August 2014,8/18/2014,26057.0,2454.0
260,260,Northern Alberta,NAB2,No,No,August 2014,8/18/2014,25482.0,13611.0
261,261,Northern Alberta,NAB2,Yes,Yes,August 2014,8/18/2014,,
262,262,Northern Alberta,NAB2,Yes,No,August 2014,8/18/2014,35061.0,9336.0
263,263,Northern Alberta,NAB2,No,Yes,August 2014,8/18/2014,32068.0,8703.0
264,264,Northern Alberta,NAB2,No,No,August 2014,8/18/2014,26396.0,9159.0
265,265,Northern Alberta,NAB2,Yes,Yes,August 2014,8/18/2014,21176.0,0.0
266,266,Northern Alberta,NAB2,Yes,No,August 2014,8/18/2014,48433.0,253.0
267,267,Northern Alberta,NAB2,No,Yes,August 2014,8/18/2014,,
268,268,Northern Alberta,NAB2,No,No,August 2014,8/18/2014,36488.0,13611.0
269,269,Northern Alberta,NAB2,Yes,Yes,August 2014,8/18/2014,18140.0,11714.0
270,270,Northern Alberta,NAB2,Yes,No,August 2014,8/18/2014,18653.0,13738.0
271,271,Northern Alberta,NAB2,No,Yes,August 2014,8/18/2014,26344.0,9842.0
272,272,Northern Alberta,NAB2,No,No,August 2014,8/18/2014,25978.0,7261.0
273,273,Northern Alberta,NAB2,Yes,Yes,August 2014,8/18/2014,19436.0,13232.0
274,274,Northern Alberta,NAB2,Yes,No,August 2014,8/18/2014,,
275,275,Northern Alberta,NAB2,No,Yes,August 2014,8/18/2014,32651.0,177.0
276,276,Northern Alberta,NAB2,No,No,August 2014,8/18/2014,24395.0,4756.0
277,277,Northern Alberta,NAB2,Yes,Yes,August 2014,8/18/2014,,
278,278,Northern Alberta,NAB2,Yes,No,August 2014,8/18/2014,49373.0,10500.0
279,279,Northern Alberta,NAB2,No,Yes,August 2014,8/18/2014,19679.0,0.0
280,280,Northern Alberta,NAB2,No,No,August 2014,8/18/2014,23829.0,15534.0
281,281,Northern Alberta,NAB3,Yes,Yes,August 2014,8/18/2014,29545.0,13434.0
282,282,Northern Alberta,NAB3,Yes,No,August 2014,8/18/2014,47989.0,1037.0
283,283,Northern Alberta,NAB3,No,Yes,August 2014,8/18/2014,34113.0,12701.0
284,284,Northern Alberta,NAB3,No,No,August 2014,8/18/2014,16582.0,0.0
285,285,Northern Alberta,NAB3,Yes,Yes,August 2014,8/18/2014,36557.0,253.0
286,286,Northern Alberta,NAB3,Yes,No,August 2014,8/18/2014,,
287,287,Northern Alberta,NAB3,No,Yes,August 2014,8/18/2014,60395.0,10196.0
288,288,Northern Alberta,NAB3,No,No,August 2014,8/18/2014,27161.0,76.0
289,289,Northern Alberta,NAB3,Yes,Yes,August 2014,8/18/2014,22707.0,5895.0
290,290,Northern Alberta,NAB3,Yes,No,August 2014,8/18/2014,22437.0,14725.0
291,291,Northern Alberta,NAB3,No,Yes,August 2014,8/18/2014,20158.0,8096.0
292,292,Northern Alberta,NAB3,No,No,August 2014,8/18/2014,19636.0,9842.0
293,293,Northern Alberta,NAB3,Yes,Yes,August 2014,8/18/2014,14268.0,11132.0
294,294,Northern Alberta,NAB3,Yes,No,August 2014,8/18/2014,16469.0,6679.0
295,295,Northern Alberta,NAB3,No,Yes,August 2014,8/18/2014,14164.0,9665.0
296,296,Northern Alberta,NAB3,No,No,August 2014,8/18/2014,19044.0,12625.0
297,297,Northern Alberta,NAB3,Yes,Yes,August 2014,8/18/2014,29528.0,14320.0
298,298,Northern Alberta,NAB3,Yes,No,August 2014,8/18/2014,,
299,299,Northern Alberta,NAB3,No,Yes,August 2014,8/18/2014,25361.0,11410.0
300,300,Northern Alberta,NAB3,No,No,August 2014,8/18/2014,19323.0,4175.0
301,301,Northern Alberta,NAB3,Yes,Yes,August 2014,8/18/2014,38306.0,6780.0
302,302,Northern Alberta,NAB3,Yes,No,August 2014,8/18/2014,35009.0,12397.0
303,303,Northern Alberta,NAB3,No,Yes,August 2014,8/18/2014,35461.0,14446.0
304,304,Northern Alberta,NAB3,No,No,August 2014,8/18/2014,28875.0,11360.0
306,306,Northern Alberta,NAB3,Yes,No,August 2014,8/18/2014,23368.0,10171.0
307,307,Northern Alberta,NAB3,No,Yes,August 2014,8/18/2014,24282.0,1240.0
308,308,Northern Alberta,NAB3,No,No,August 2014,8/18/2014,25047.0,11537.0
309,309,Northern Alberta,NAB3,Yes,Yes,August 2014,8/18/2014,12946.0,9867.0
310,310,Northern Alberta,NAB3,Yes,No,August 2014,8/18/2014,24673.0,9867.0
312,312,Northern Alberta,NAB3,No,No,August 2014,8/18/2014,17557.0,14674.0
313,313,Northern Alberta,NAB3,Yes,Yes,August 2014,8/18/2014,33512.0,1189.0
314,314,Northern Alberta,NAB3,Yes,No,August 2014,8/18/2014,12606.0,6679.0
315,315,Northern Alberta,NAB3,No,Yes,August 2014,8/18/2014,15025.0,7818.0
316,316,Northern Alberta,NAB3,No,No,August 2014,8/18/2014,,
317,317,Northern Alberta,NAB3,Yes,Yes,August 2014,8/18/2014,21959.0,10424.0
318,318,Northern Alberta,NAB3,Yes,No,August 2014,8/18/2014,16130.0,9513.0
319,319,Northern Alberta,NAB3,No,Yes,August 2014,8/18/2014,21263.0,11562.0
320,320,Northern Alberta,NAB3,No,No,August 2014,8/18/2014,25195.0,4503.0
321,321,Northern Alberta,NAB3,Yes,Yes,August 2014,8/18/2014,17226.0,202.0
322,322,Northern Alberta,NAB3,Yes,No,August 2014,8/18/2014,16121.0,1442.0
323,323,Northern Alberta,NAB3,No,Yes,August 2014,8/18/2014,34165.0,9488.0
324,324,Northern Alberta,NAB3,No,No,August 2014,8/18/2014,19314.0,76.0
325,325,Northern Alberta,NAB3,Yes,Yes,August 2014,8/18/2014,,
