ID,survival2
011016A271,1
011016A962,0
011016B3CE,1
011016B66E,1
011016B677,0
011016C021,1
011016C36E,1
011016C37F,0
011016C68F,0
011016DD7C,1
011016E03B,0
011016E0DD,0
011016E17D,0
011016F3FE,0
011016F8BB,0
011016FB1C,0
011016FBE0,1
011016FFC0,1
0110170AFD,1
011017172F,1
0110171BB9,1
01101726F2,1
0110172AD5,1
0110172DEC,0
01101740A4,1
011017549A,1
0110175C91,1
0110175CF7,1
0110175DA5,1
0110175DDD,0
0110175F26,1
01101760B3,1
011017611A,1
01101764FE,0
01101765DB,1
0110176BCA,1
01103F397C,0
01103F3AFB,0
01103F517D,1
01103F64E9,0
01103F65D7,1
01103F6EC3,0
01103F75F3,0
01103F762C,1
01103F7AAC,0
01103F8556,0
01103F8710,0
01103F8837,0
01103F8A41,0
01103F8EFA,1
01103F8F8D,1
0700ED97B7,1
0700EDB1E3,1
0700EDC092,1
0700EDC3AB,0
0700EDC833,1
0700EDCE8A,1
0700EDD67A,1
0700EDD953,0
0700EDD987,1
0700EDE465,1
0700EDF3CC,1
0700EDFB72,1
0700EDFF45,0
0700EE045D,0
0700EE0C37,0
0700EE12FE,0
0700EE1699,1
0700EE194E,0
0700EE1A91,1
0700EE2D57,0
0700EE3271,1
0700EE3D0C,1
0700EE4009,0
1.10E+33,1
1.10E+75,1
110170143,0
110174792,0
110176382,0
