phase,algorithm,family,fid,instance,dimension,seed,budget,nfev,error,hit_1e-2,hit_1e-5,err_20d,err_50d,err_100d,err_200d,wall_s,objective_s,overhead_us_per_eval,config_json
confirmation,scipy-default-p15,scipy,2,11,20,1,4000,4000,63571.148329401753,,,1233907.6540323191,835606.22644777806,286902.29316682526,63571.148329401753,0.167334586,0.018523379,37.2028018,"{""init"":""latinhypercube"",""mutation"":[0.5,1.0],""popsize"":15,""recombination"":0.7,""strategy"":""best1bin"",""updating"":""immediate""}"
confirmation,scipy-default-p15,scipy,2,11,20,2,4000,4000,64478.51072805217,,,1437957.3602531052,722233.71323847072,127646.25594862255,64478.51072805217,0.163949187,0.018203185,36.4365005,"{""init"":""latinhypercube"",""mutation"":[0.5,1.0],""popsize"":15,""recombination"":0.7,""strategy"":""best1bin"",""updating"":""immediate""}"
confirmation,scipy-default-p15,scipy,2,12,20,1,4000,4000,49107.029608652105,,,855821.5924894365,855821.5924894365,138855.35846501723,49107.029608652105,0.169831574,0.018584939,37.8116588,"{""init"":""latinhypercube"",""mutation"":[0.5,1.0],""popsize"":15,""recombination"":0.7,""strategy"":""best1bin"",""updating"":""immediate""}"
confirmation,scipy-default-p15,scipy,2,12,20,2,4000,4000,111908.1063789184,,,890651.11362034711,771373.19403642882,352999.99288179132,111908.1063789184,0.166172025,0.018612815,36.8898025,"{""init"":""latinhypercube"",""mutation"":[0.5,1.0],""popsize"":15,""recombination"":0.7,""strategy"":""best1bin"",""updating"":""immediate""}"
confirmation,scipy-default-p15,scipy,2,13,20,1,4000,4000,99281.473523160108,,,1708692.7687020202,885128.81725558522,429073.48989090271,99281.473523160108,0.165614681,0.018386006,36.8071687,"{""init"":""latinhypercube"",""mutation"":[0.5,1.0],""popsize"":15,""recombination"":0.7,""strategy"":""best1bin"",""updating"":""immediate""}"
confirmation,scipy-default-p15,scipy,2,13,20,2,4000,4000,147089.19446942283,,,1068813.3632773671,764075.13494271564,427493.06889599428,147089.19446942283,0.165327246,0.018274544,36.7631755,"{""init"":""latinhypercube"",""mutation"":[0.5,1.0],""popsize"":15,""recombination"":0.7,""strategy"":""best1bin"",""updating"":""immediate""}"
confirmation,scipy-default-p15,scipy,2,14,20,1,4000,4000,60632.899178566418,,,1368952.1183631613,785608.56895747455,426306.18826203851,60632.899178566418,0.170152628,0.019029115,37.7808783,"{""init"":""latinhypercube"",""mutation"":[0.5,1.0],""popsize"":15,""recombination"":0.7,""strategy"":""best1bin"",""updating"":""immediate""}"
confirmation,scipy-default-p15,scipy,2,14,20,2,4000,4000,88518.993164217027,,,1631086.9259998044,665552.27388663834,319649.33882254851,88518.993164217027,0.165341367,0.018339457,36.7504775,"{""init"":""latinhypercube"",""mutation"":[0.5,1.0],""popsize"":15,""recombination"":0.7,""strategy"":""best1bin"",""updating"":""immediate""}"
confirmation,scipy-default-p15,scipy,2,15,20,1,4000,4000,86030.98400906875,,,932812.19122022844,628809.6633425114,419439.4158991368,86030.98400906875,0.163837423,0.018102515,36.433727,"{""init"":""latinhypercube"",""mutation"":[0.5,1.0],""popsize"":15,""recombination"":0.7,""strategy"":""best1bin"",""updating"":""immediate""}"
confirmation,scipy-default-p15,scipy,2,15,20,2,4000,4000,34712.065347808144,,,762272.42684824753,692841.87689217506,142476.05285928817,34712.065347808144,0.174847605,0.019439229,38.852094,"{""init"":""latinhypercube"",""mutation"":[0.5,1.0],""popsize"":15,""recombination"":0.7,""strategy"":""best1bin"",""updating"":""immediate""}"
confirmation,scipy-default-p15,scipy,7,11,20,1,4000,4000,88.508600483843622,,,467.85459854572292,412.01758867153643,267.77221511560941,88.508600483843622,0.17358717,0.015247822,39.584837,"{""init"":""latinhypercube"",""mutation"":[0.5,1.0],""popsize"":15,""recombination"":0.7,""strategy"":""best1bin"",""updating"":""immediate""}"
confirmation,scipy-default-p15,scipy,7,11,20,2,4000,4000,101.26485754799296,,,369.0667845179791,234.77868320175361,189.23774574799398,101.26485754799296,0.156050525,0.013839169,35.552839,"{""init"":""latinhypercube"",""mutation"":[0.5,1.0],""popsize"":15,""recombination"":0.7,""strategy"":""best1bin"",""updating"":""immediate""}"
confirmation,scipy-default-p15,scipy,7,12,20,1,4000,4000,118.52145179476719,,,318.38936329328703,269.37628086555839,128.84475107734795,118.52145179476719,0.159869828,0.014157434,36.4280985,"{""init"":""latinhypercube"",""mutation"":[0.5,1.0],""popsize"":15,""recombination"":0.7,""strategy"":""best1bin"",""updating"":""immediate""}"
confirmation,scipy-default-p15,scipy,7,12,20,2,4000,4000,81.149143152533497,,,323.17099089771096,228.41001581025228,143.31665121607762,81.149143152533497,0.174621974,0.014926754,39.923805,"{""init"":""latinhypercube"",""mutation"":[0.5,1.0],""popsize"":15,""recombination"":0.7,""strategy"":""best1bin"",""updating"":""immediate""}"
confirmation,scipy-default-p15,scipy,7,13,20,1,4000,4000,168.37107600597153,,,569.26586984924313,284.24876277512431,227.40765693633671,168.37107600597153,0.155790291,0.013681839,35.527113,"{""init"":""latinhypercube"",""mutation"":[0.5,1.0],""popsize"":15,""recombination"":0.7,""strategy"":""best1bin"",""updating"":""immediate""}"
confirmation,scipy-default-p15,scipy,7,13,20,2,4000,4000,132.20081605607604,,,421.43489611370291,192.57104390091101,192.57104390091101,132.20081605607604,0.154952854,0.013788236,35.2911545,"{""init"":""latinhypercube"",""mutation"":[0.5,1.0],""popsize"":15,""recombination"":0.7,""strategy"":""best1bin"",""updating"":""immediate""}"
confirmation,scipy-default-p15,scipy,7,14,20,1,4000,4000,92.616938995856742,,,599.48185057328362,334.2266814586884,185.50509671696761,92.616938995856742,0.157358607,0.013490321,35.9670715,"{""init"":""latinhypercube"",""mutation"":[0.5,1.0],""popsize"":15,""recombination"":0.7,""strategy"":""best1bin"",""updating"":""immediate""}"
confirmation,scipy-default-p15,scipy,7,14,20,2,4000,4000,104.99153543399456,,,487.4269785197805,315.67768724992345,229.29767573499998,104.99153543399456,0.170763567,0.014489067,39.068625,"{""init"":""latinhypercube"",""mutation"":[0.5,1.0],""popsize"":15,""recombination"":0.7,""strategy"":""best1bin"",""updating"":""immediate""}"
confirmation,scipy-default-p15,scipy,7,15,20,1,4000,4000,100.39046343444954,,,506.82537374140878,255.72773093175476,140.85691245586918,100.39046343444954,0.155183362,0.013680098,35.375816,"{""init"":""latinhypercube"",""mutation"":[0.5,1.0],""popsize"":15,""recombination"":0.7,""strategy"":""best1bin"",""updating"":""immediate""}"
confirmation,scipy-default-p15,scipy,7,15,20,2,4000,4000,130.75947328968266,,,446.21246859802915,286.09234422012662,186.48047099152109,130.75947328968266,0.155258331,0.013246544,35.5029468,"{""init"":""latinhypercube"",""mutation"":[0.5,1.0],""popsize"":15,""recombination"":0.7,""strategy"":""best1bin"",""updating"":""immediate""}"
confirmation,scipy-default-p15,scipy,11,11,20,1,4000,4000,153.46662939584473,,,1112.3289465062692,274.56976791904793,240.76721833557178,153.46662939584473,0.164752061,0.020212084,36.1349942,"{""init"":""latinhypercube"",""mutation"":[0.5,1.0],""popsize"":15,""recombination"":0.7,""strategy"":""best1bin"",""updating"":""immediate""}"
confirmation,scipy-default-p15,scipy,11,11,20,2,4000,4000,123.02886966087902,,,271.99478906307411,215.15968617169185,215.15968617169185,123.02886966087902,0.164218002,0.020520613,35.9243472,"{""init"":""latinhypercube"",""mutation"":[0.5,1.0],""popsize"":15,""recombination"":0.7,""strategy"":""best1bin"",""updating"":""immediate""}"
confirmation,scipy-default-p15,scipy,11,12,20,1,4000,4000,169.7339808942379,,,265.95723591701102,265.95723591701102,211.62121408700972,169.7339808942379,0.160612911,0.019848714,35.1910492,"{""init"":""latinhypercube"",""mutation"":[0.5,1.0],""popsize"":15,""recombination"":0.7,""strategy"":""best1bin"",""updating"":""immediate""}"
confirmation,scipy-default-p15,scipy,11,12,20,2,4000,4000,156.18151077707677,,,8741.2590443719982,490.7348919346407,292.06528896796647,156.18151077707677,0.160935818,0.019924584,35.2528085,"{""init"":""latinhypercube"",""mutation"":[0.5,1.0],""popsize"":15,""recombination"":0.7,""strategy"":""best1bin"",""updating"":""immediate""}"
confirmation,scipy-default-p15,scipy,11,13,20,1,4000,4000,122.58774894285284,,,267.42198816360434,263.74197258599423,224.95864051182105,122.58774894285284,0.161310303,0.0203658,35.2361257,"{""init"":""latinhypercube"",""mutation"":[0.5,1.0],""popsize"":15,""recombination"":0.7,""strategy"":""best1bin"",""updating"":""immediate""}"
confirmation,scipy-default-p15,scipy,11,13,20,2,4000,4000,191.59112258021591,,,382.47898897628687,382.47898897628687,292.05825199686984,191.59112258021591,0.161395055,0.020045133,35.3374805,"{""init"":""latinhypercube"",""mutation"":[0.5,1.0],""popsize"":15,""recombination"":0.7,""strategy"":""best1bin"",""updating"":""immediate""}"
confirmation,scipy-default-p15,scipy,11,14,20,1,4000,4000,189.67668143416157,,,245.70852400589681,223.58236761664688,223.58236761664688,189.67668143416157,0.160824587,0.019867711,35.239219,"{""init"":""latinhypercube"",""mutation"":[0.5,1.0],""popsize"":15,""recombination"":0.7,""strategy"":""best1bin"",""updating"":""immediate""}"
confirmation,scipy-default-p15,scipy,11,14,20,2,4000,4000,102.18585669308182,,,298.28459994334958,224.53816310622054,224.53816310622054,102.18585669308182,0.162180923,0.020454601,35.4315805,"{""init"":""latinhypercube"",""mutation"":[0.5,1.0],""popsize"":15,""recombination"":0.7,""strategy"":""best1bin"",""updating"":""immediate""}"
confirmation,scipy-default-p15,scipy,11,15,20,1,4000,4000,130.14010500259346,,,1217.4648638652322,266.42798673083439,266.42798673083439,130.14010500259346,0.161290062,0.019831197,35.3647163,"{""init"":""latinhypercube"",""mutation"":[0.5,1.0],""popsize"":15,""recombination"":0.7,""strategy"":""best1bin"",""updating"":""immediate""}"
confirmation,scipy-default-p15,scipy,11,15,20,2,4000,4000,219.86279787711089,,,591.48425192351317,270.02322134078418,242.26353081143617,219.86279787711089,0.162709874,0.02018803,35.630461,"{""init"":""latinhypercube"",""mutation"":[0.5,1.0],""popsize"":15,""recombination"":0.7,""strategy"":""best1bin"",""updating"":""immediate""}"
confirmation,scipy-default-p15,scipy,16,11,20,1,4000,4000,26.260268176481127,,,26.594344067230551,26.260268176481127,26.260268176481127,26.260268176481127,0.186563955,0.04241069,36.0383162,"{""init"":""latinhypercube"",""mutation"":[0.5,1.0],""popsize"":15,""recombination"":0.7,""strategy"":""best1bin"",""updating"":""immediate""}"
confirmation,scipy-default-p15,scipy,16,11,20,2,4000,4000,22.16633233055861,,,24.996313311014042,24.996313311014042,24.996313311014042,22.16633233055861,0.187437274,0.042123914,36.32834,"{""init"":""latinhypercube"",""mutation"":[0.5,1.0],""popsize"":15,""recombination"":0.7,""strategy"":""best1bin"",""updating"":""immediate""}"
confirmation,scipy-default-p15,scipy,16,12,20,1,4000,4000,21.51545459780813,,,37.167596164141273,22.445670718391781,22.445670718391781,21.51545459780813,0.185726947,0.042088965,35.9094955,"{""init"":""latinhypercube"",""mutation"":[0.5,1.0],""popsize"":15,""recombination"":0.7,""strategy"":""best1bin"",""updating"":""immediate""}"
confirmation,scipy-default-p15,scipy,16,12,20,2,4000,4000,24.219878932016158,,,35.616916100905492,30.37988860323253,26.603650442056804,24.219878932016158,0.187237667,0.042692446,36.1363053,"{""init"":""latinhypercube"",""mutation"":[0.5,1.0],""popsize"":15,""recombination"":0.7,""strategy"":""best1bin"",""updating"":""immediate""}"
confirmation,scipy-default-p15,scipy,16,13,20,1,4000,4000,29.61950218983214,,,31.643213845772046,29.61950218983214,29.61950218983214,29.61950218983214,0.18707164,0.043076888,35.998688,"{""init"":""latinhypercube"",""mutation"":[0.5,1.0],""popsize"":15,""recombination"":0.7,""strategy"":""best1bin"",""updating"":""immediate""}"
confirmation,scipy-default-p15,scipy,16,13,20,2,4000,4000,23.572993579374341,,,38.070927615639157,29.150265805136158,23.572993579374341,23.572993579374341,0.183545866,0.041939107,35.4016897,"{""init"":""latinhypercube"",""mutation"":[0.5,1.0],""popsize"":15,""recombination"":0.7,""strategy"":""best1bin"",""updating"":""immediate""}"
confirmation,scipy-default-p15,scipy,16,14,20,1,4000,4000,24.288922036021088,,,36.889419423812356,30.498621040126391,24.288922036021088,24.288922036021088,0.185397696,0.042374681,35.7557537,"{""init"":""latinhypercube"",""mutation"":[0.5,1.0],""popsize"":15,""recombination"":0.7,""strategy"":""best1bin"",""updating"":""immediate""}"
confirmation,scipy-default-p15,scipy,16,14,20,2,4000,4000,20.224605137722062,,,34.279847865052417,33.756553713800855,20.224605137722062,20.224605137722062,0.185853167,0.041982336,35.9677078,"{""init"":""latinhypercube"",""mutation"":[0.5,1.0],""popsize"":15,""recombination"":0.7,""strategy"":""best1bin"",""updating"":""immediate""}"
confirmation,scipy-default-p15,scipy,16,15,20,1,4000,4000,30.164454717773616,,,31.468270867635443,31.468270867635443,31.468270867635443,30.164454717773616,0.185731978,0.041995163,35.9342037,"{""init"":""latinhypercube"",""mutation"":[0.5,1.0],""popsize"":15,""recombination"":0.7,""strategy"":""best1bin"",""updating"":""immediate""}"
confirmation,scipy-default-p15,scipy,16,15,20,2,4000,4000,22.371699113581279,,,28.60303051491244,28.60303051491244,28.60303051491244,22.371699113581279,0.189352782,0.04294685,36.601483,"{""init"":""latinhypercube"",""mutation"":[0.5,1.0],""popsize"":15,""recombination"":0.7,""strategy"":""best1bin"",""updating"":""immediate""}"
confirmation,scipy-default-p15,scipy,21,11,20,1,4000,4000,23.115900448620849,,,74.258733015979502,56.44827998041994,35.777622163747409,23.115900448620849,0.1667502,0.022503119,36.0617703,"{""init"":""latinhypercube"",""mutation"":[0.5,1.0],""popsize"":15,""recombination"":0.7,""strategy"":""best1bin"",""updating"":""immediate""}"
confirmation,scipy-default-p15,scipy,21,11,20,2,4000,4000,23.637041004212577,,,69.406311560590282,67.993531559239059,42.923961327347072,23.637041004212577,0.165449314,0.023233169,35.5540362,"{""init"":""latinhypercube"",""mutation"":[0.5,1.0],""popsize"":15,""recombination"":0.7,""strategy"":""best1bin"",""updating"":""immediate""}"
confirmation,scipy-default-p15,scipy,21,12,20,1,4000,4000,47.178888069588822,,,71.66281537595448,71.197928381406655,47.903314879972726,47.178888069588822,0.181159196,0.025197678,38.9903795,"{""init"":""latinhypercube"",""mutation"":[0.5,1.0],""popsize"":15,""recombination"":0.7,""strategy"":""best1bin"",""updating"":""immediate""}"
confirmation,scipy-default-p15,scipy,21,12,20,2,4000,4000,22.903251879902882,,,68.684285811649389,43.646669190395755,43.646669190395755,22.903251879902882,0.180632548,0.025207842,38.8561765,"{""init"":""latinhypercube"",""mutation"":[0.5,1.0],""popsize"":15,""recombination"":0.7,""strategy"":""best1bin"",""updating"":""immediate""}"
confirmation,scipy-default-p15,scipy,21,13,20,1,4000,4000,39.473822329376162,,,74.147656013101837,74.147656013101837,53.087095670163855,39.473822329376162,0.166774893,0.023055486,35.9298518,"{""init"":""latinhypercube"",""mutation"":[0.5,1.0],""popsize"":15,""recombination"":0.7,""strategy"":""best1bin"",""updating"":""immediate""}"
confirmation,scipy-default-p15,scipy,21,13,20,2,4000,4000,49.626120842935507,,,65.793289772624419,65.793289772624419,65.793289772624419,49.626120842935507,0.179941229,0.025466938,38.6185728,"{""init"":""latinhypercube"",""mutation"":[0.5,1.0],""popsize"":15,""recombination"":0.7,""strategy"":""best1bin"",""updating"":""immediate""}"
confirmation,scipy-default-p15,scipy,21,14,20,1,4000,4000,9.9934546860935711,,,76.370985295817889,52.720018804167751,24.776889338890214,9.9934546860935711,0.164350329,0.022882654,35.3669188,"{""init"":""latinhypercube"",""mutation"":[0.5,1.0],""popsize"":15,""recombination"":0.7,""strategy"":""best1bin"",""updating"":""immediate""}"
confirmation,scipy-default-p15,scipy,21,14,20,2,4000,4000,15.528583813393141,,,74.297108646172887,70.18490763932698,67.697796341224716,15.528583813393141,0.165357707,0.022687801,35.6674765,"{""init"":""latinhypercube"",""mutation"":[0.5,1.0],""popsize"":15,""recombination"":0.7,""strategy"":""best1bin"",""updating"":""immediate""}"
confirmation,scipy-default-p15,scipy,21,15,20,1,4000,4000,18.888095645353157,,,71.99912715596632,60.724283358395994,38.079021804157598,18.888095645353157,0.167201024,0.023034057,36.0417418,"{""init"":""latinhypercube"",""mutation"":[0.5,1.0],""popsize"":15,""recombination"":0.7,""strategy"":""best1bin"",""updating"":""immediate""}"
confirmation,scipy-default-p15,scipy,21,15,20,2,4000,4000,44.648141294330408,,,75.385145261453431,68.347480532436265,47.576975562622195,44.648141294330408,0.164015179,0.02235931,35.4139673,"{""init"":""latinhypercube"",""mutation"":[0.5,1.0],""popsize"":15,""recombination"":0.7,""strategy"":""best1bin"",""updating"":""immediate""}"
confirmation,scipy-p2-halton,scipy,2,11,20,1,4000,4000,3.963879555817897,,,269657.5572974073,14361.967675333803,557.8011366089097,3.963879555817897,0.161755648,0.01870458,35.762767,"{""init"":""halton"",""mutation"":[0.5,1.0],""popsize"":2,""recombination"":0.7,""strategy"":""best1bin"",""updating"":""immediate""}"
confirmation,scipy-p2-halton,scipy,2,11,20,2,4000,4000,7.9953245409007181,,,348998.01499912387,61516.279651213357,1153.3043518928632,7.9953245409007181,0.161949377,0.01871802,35.8078392,"{""init"":""halton"",""mutation"":[0.5,1.0],""popsize"":2,""recombination"":0.7,""strategy"":""best1bin"",""updating"":""immediate""}"
confirmation,scipy-p2-halton,scipy,2,12,20,1,4000,4000,9.1361417895799377,,,135174.2282387554,5458.8312542761487,967.7530517077646,9.1361417895799377,0.15846188,0.018614563,34.9618292,"{""init"":""halton"",""mutation"":[0.5,1.0],""popsize"":2,""recombination"":0.7,""strategy"":""best1bin"",""updating"":""immediate""}"
confirmation,scipy-p2-halton,scipy,2,12,20,2,4000,4000,2.4577574599417744,,,275903.22263230593,37692.576035349004,857.88484974822563,2.4577574599417744,0.163271376,0.01889044,36.095234,"{""init"":""halton"",""mutation"":[0.5,1.0],""popsize"":2,""recombination"":0.7,""strategy"":""best1bin"",""updating"":""immediate""}"
confirmation,scipy-p2-halton,scipy,2,13,20,1,4000,4000,10.295532578394671,,,512580.80381750199,22911.623466514953,1494.8513469631005,10.295532578394671,0.16183628,0.018860835,35.7438612,"{""init"":""halton"",""mutation"":[0.5,1.0],""popsize"":2,""recombination"":0.7,""strategy"":""best1bin"",""updating"":""immediate""}"
confirmation,scipy-p2-halton,scipy,2,13,20,2,4000,4000,27.226263023427919,,,222224.88853816921,19701.51323391285,1127.4620898228673,27.226263023427919,0.161603094,0.018757437,35.7114143,"{""init"":""halton"",""mutation"":[0.5,1.0],""popsize"":2,""recombination"":0.7,""strategy"":""best1bin"",""updating"":""immediate""}"
confirmation,scipy-p2-halton,scipy,2,14,20,1,4000,4000,10.782924323594841,,,378835.10311534314,22789.759629432123,722.57749656439307,10.782924323594841,0.186113296,0.021524088,41.147302,"{""init"":""halton"",""mutation"":[0.5,1.0],""popsize"":2,""recombination"":0.7,""strategy"":""best1bin"",""updating"":""immediate""}"
confirmation,scipy-p2-halton,scipy,2,14,20,2,4000,4000,2.5269361344155072,,,239749.25410191034,8507.9036518831326,556.72706984004026,2.5269361344155072,0.1617498,0.019053447,35.6740882,"{""init"":""halton"",""mutation"":[0.5,1.0],""popsize"":2,""recombination"":0.7,""strategy"":""best1bin"",""updating"":""immediate""}"
confirmation,scipy-p2-halton,scipy,2,15,20,1,4000,4000,9.5479766538527429,,,453055.71456069464,12352.77628575257,1998.6896135851318,9.5479766538527429,0.164950556,0.018809134,36.5353555,"{""init"":""halton"",""mutation"":[0.5,1.0],""popsize"":2,""recombination"":0.7,""strategy"":""best1bin"",""updating"":""immediate""}"
confirmation,scipy-p2-halton,scipy,2,15,20,2,4000,4000,20.866642265487641,,,297433.19956395053,32411.567983450099,1571.9040973111894,20.866642265487641,0.162926936,0.019076305,35.9626577,"{""init"":""halton"",""mutation"":[0.5,1.0],""popsize"":2,""recombination"":0.7,""strategy"":""best1bin"",""updating"":""immediate""}"
confirmation,scipy-p2-halton,scipy,7,11,20,1,4000,4000,19.047681104103788,,,137.62071076212777,137.62071076212777,67.341751489342982,19.047681104103788,0.161255161,0.015234098,36.5052657,"{""init"":""halton"",""mutation"":[0.5,1.0],""popsize"":2,""recombination"":0.7,""strategy"":""best1bin"",""updating"":""immediate""}"
confirmation,scipy-p2-halton,scipy,7,11,20,2,4000,4000,14.31359943540474,,,216.01722663731726,140.60524151344447,72.500262078307401,14.31359943540474,0.150266822,0.014157126,34.027424,"{""init"":""halton"",""mutation"":[0.5,1.0],""popsize"":2,""recombination"":0.7,""strategy"":""best1bin"",""updating"":""immediate""}"
confirmation,scipy-p2-halton,scipy,7,12,20,1,4000,4000,10.538277573447829,,,154.21001308480663,82.139175029445568,43.333249676323902,10.538277573447829,0.148625198,0.014127575,33.6244057,"{""init"":""halton"",""mutation"":[0.5,1.0],""popsize"":2,""recombination"":0.7,""strategy"":""best1bin"",""updating"":""immediate""}"
confirmation,scipy-p2-halton,scipy,7,12,20,2,4000,4000,9.8687217767811433,,,133.49628064430181,80.644076272865675,35.908249042612425,9.8687217767811433,0.162029876,0.015555841,36.6185087,"{""init"":""halton"",""mutation"":[0.5,1.0],""popsize"":2,""recombination"":0.7,""strategy"":""best1bin"",""updating"":""immediate""}"
confirmation,scipy-p2-halton,scipy,7,13,20,1,4000,4000,29.845755430606687,,,307.00790810048306,163.88354142840416,77.99963960827165,29.845755430606687,0.151061583,0.01418349,34.2195233,"{""init"":""halton"",""mutation"":[0.5,1.0],""popsize"":2,""recombination"":0.7,""strategy"":""best1bin"",""updating"":""immediate""}"
confirmation,scipy-p2-halton,scipy,7,13,20,2,4000,4000,10.496530712995025,,,168.6901660877007,102.25078040965877,47.605202546397692,10.496530712995025,0.160884991,0.015401297,36.3709235,"{""init"":""halton"",""mutation"":[0.5,1.0],""popsize"":2,""recombination"":0.7,""strategy"":""best1bin"",""updating"":""immediate""}"
confirmation,scipy-p2-halton,scipy,7,14,20,1,4000,4000,11.174644125963198,,,165.95149302261638,85.144072506065186,25.623318702958784,11.174644125963198,0.147676701,0.014150987,33.3814285,"{""init"":""halton"",""mutation"":[0.5,1.0],""popsize"":2,""recombination"":0.7,""strategy"":""best1bin"",""updating"":""immediate""}"
confirmation,scipy-p2-halton,scipy,7,14,20,2,4000,4000,13.528323269699342,,,336.69003098138933,199.49006293363925,33.403158311174252,13.528323269699342,0.152438832,0.014632551,34.4515702,"{""init"":""halton"",""mutation"":[0.5,1.0],""popsize"":2,""recombination"":0.7,""strategy"":""best1bin"",""updating"":""immediate""}"
confirmation,scipy-p2-halton,scipy,7,15,20,1,4000,4000,11.797597394864738,,,172.51743630563135,76.498315809055384,34.064220182254644,11.797597394864738,0.159633797,0.015371537,36.065565,"{""init"":""halton"",""mutation"":[0.5,1.0],""popsize"":2,""recombination"":0.7,""strategy"":""best1bin"",""updating"":""immediate""}"
confirmation,scipy-p2-halton,scipy,7,15,20,2,4000,4000,16.148520066904666,,,190.09374972810804,84.277633334154643,36.906965669547958,16.148520066904666,0.15138338,0.014330041,34.2633347,"{""init"":""halton"",""mutation"":[0.5,1.0],""popsize"":2,""recombination"":0.7,""strategy"":""best1bin"",""updating"":""immediate""}"
confirmation,scipy-p2-halton,scipy,11,11,20,1,4000,4000,104.27139728179839,,,203.62142192930983,203.62142192930983,203.62142192930983,104.27139728179839,0.158800843,0.020647859,34.538246,"{""init"":""halton"",""mutation"":[0.5,1.0],""popsize"":2,""recombination"":0.7,""strategy"":""best1bin"",""updating"":""immediate""}"
confirmation,scipy-p2-halton,scipy,11,11,20,2,4000,4000,87.725987202984541,,,241.93942602157475,218.5833274705634,146.03084492161778,87.725987202984541,0.160015831,0.020319257,34.9241435,"{""init"":""halton"",""mutation"":[0.5,1.0],""popsize"":2,""recombination"":0.7,""strategy"":""best1bin"",""updating"":""immediate""}"
confirmation,scipy-p2-halton,scipy,11,12,20,1,4000,4000,115.68040653799842,,,696.41408882620772,168.79729037768078,168.79729037768078,115.68040653799842,0.171607494,0.021818973,37.4471303,"{""init"":""halton"",""mutation"":[0.5,1.0],""popsize"":2,""recombination"":0.7,""strategy"":""best1bin"",""updating"":""immediate""}"
confirmation,scipy-p2-halton,scipy,11,12,20,2,4000,4000,123.39001176263515,,,179.42380338276439,179.42380338276439,161.30492589517917,123.39001176263515,0.159882484,0.020413122,34.8673405,"{""init"":""halton"",""mutation"":[0.5,1.0],""popsize"":2,""recombination"":0.7,""strategy"":""best1bin"",""updating"":""immediate""}"
confirmation,scipy-p2-halton,scipy,11,13,20,1,4000,4000,154.03286392436604,,,425.60264532798618,165.47215135402499,165.47215135402499,154.03286392436604,0.159956525,0.020748912,34.8019032,"{""init"":""halton"",""mutation"":[0.5,1.0],""popsize"":2,""recombination"":0.7,""strategy"":""best1bin"",""updating"":""immediate""}"
confirmation,scipy-p2-halton,scipy,11,13,20,2,4000,4000,104.67579243204895,,,1279.9279572999385,231.36504236597892,160.48418589485067,104.67579243204895,0.16108025,0.020688664,35.0978965,"{""init"":""halton"",""mutation"":[0.5,1.0],""popsize"":2,""recombination"":0.7,""strategy"":""best1bin"",""updating"":""immediate""}"
confirmation,scipy-p2-halton,scipy,11,14,20,1,4000,4000,134.33148206419901,,,145.40199355523995,134.33148206419901,134.33148206419901,134.33148206419901,0.157739802,0.0206609,34.2697255,"{""init"":""halton"",""mutation"":[0.5,1.0],""popsize"":2,""recombination"":0.7,""strategy"":""best1bin"",""updating"":""immediate""}"
confirmation,scipy-p2-halton,scipy,11,14,20,2,4000,4000,89.712586766956065,,,151.47500826764346,96.884669353312518,92.878565727760687,89.712586766956065,0.15633475,0.020570065,33.9411713,"{""init"":""halton"",""mutation"":[0.5,1.0],""popsize"":2,""recombination"":0.7,""strategy"":""best1bin"",""updating"":""immediate""}"
confirmation,scipy-p2-halton,scipy,11,15,20,1,4000,4000,148.17957094109835,,,404.93243255003415,271.66121974555318,148.17957094109835,148.17957094109835,0.159987712,0.02072666,34.815263,"{""init"":""halton"",""mutation"":[0.5,1.0],""popsize"":2,""recombination"":0.7,""strategy"":""best1bin"",""updating"":""immediate""}"
confirmation,scipy-p2-halton,scipy,11,15,20,2,4000,4000,41.19548365262731,,,239.17091679485407,177.58948478193668,177.58948478193668,41.19548365262731,0.159274185,0.020852892,34.6053232,"{""init"":""halton"",""mutation"":[0.5,1.0],""popsize"":2,""recombination"":0.7,""strategy"":""best1bin"",""updating"":""immediate""}"
confirmation,scipy-p2-halton,scipy,16,11,20,1,4000,4000,21.348495533155742,,,36.566036958689871,21.348495533155742,21.348495533155742,21.348495533155742,0.202280345,0.046975221,38.826281,"{""init"":""halton"",""mutation"":[0.5,1.0],""popsize"":2,""recombination"":0.7,""strategy"":""best1bin"",""updating"":""immediate""}"
confirmation,scipy-p2-halton,scipy,16,11,20,2,4000,4000,23.398639410403412,,,33.045726385204105,33.045726385204105,33.045726385204105,23.398639410403412,0.184574343,0.042802772,35.4428928,"{""init"":""halton"",""mutation"":[0.5,1.0],""popsize"":2,""recombination"":0.7,""strategy"":""best1bin"",""updating"":""immediate""}"
confirmation,scipy-p2-halton,scipy,16,12,20,1,4000,4000,23.021952347583024,,,33.365693451912961,26.042516498095296,26.042516498095296,23.021952347583024,0.180899002,0.042733766,34.541309,"{""init"":""halton"",""mutation"":[0.5,1.0],""popsize"":2,""recombination"":0.7,""strategy"":""best1bin"",""updating"":""immediate""}"
confirmation,scipy-p2-halton,scipy,16,12,20,2,4000,4000,22.757559807940027,,,29.883387748566932,29.883387748566932,22.757559807940027,22.757559807940027,0.225506987,0.050539673,43.7418285,"{""init"":""halton"",""mutation"":[0.5,1.0],""popsize"":2,""recombination"":0.7,""strategy"":""best1bin"",""updating"":""immediate""}"
confirmation,scipy-p2-halton,scipy,16,13,20,1,4000,4000,20.732701257972074,,,36.424759828443477,31.072107183140069,30.586498362494801,20.732701257972074,0.196966188,0.045460653,37.8763837,"{""init"":""halton"",""mutation"":[0.5,1.0],""popsize"":2,""recombination"":0.7,""strategy"":""best1bin"",""updating"":""immediate""}"
confirmation,scipy-p2-halton,scipy,16,13,20,2,4000,4000,22.080290737218284,,,31.853377882647088,22.541141787282072,22.541141787282072,22.080290737218284,0.184218293,0.042641507,35.3941965,"{""init"":""halton"",""mutation"":[0.5,1.0],""popsize"":2,""recombination"":0.7,""strategy"":""best1bin"",""updating"":""immediate""}"
confirmation,scipy-p2-halton,scipy,16,14,20,1,4000,4000,25.613074673241709,,,31.592738072305107,31.26238895614642,31.26238895614642,25.613074673241709,0.185850808,0.042835551,35.7538143,"{""init"":""halton"",""mutation"":[0.5,1.0],""popsize"":2,""recombination"":0.7,""strategy"":""best1bin"",""updating"":""immediate""}"
confirmation,scipy-p2-halton,scipy,16,14,20,2,4000,4000,21.348588558480241,,,21.348588558480241,21.348588558480241,21.348588558480241,21.348588558480241,0.19876812,0.046312634,38.1138715,"{""init"":""halton"",""mutation"":[0.5,1.0],""popsize"":2,""recombination"":0.7,""strategy"":""best1bin"",""updating"":""immediate""}"
confirmation,scipy-p2-halton,scipy,16,15,20,1,4000,4000,24.118758067174721,,,29.858941680694389,29.858941680694389,24.118758067174721,24.118758067174721,0.299199346,0.068886142,57.578301,"{""init"":""halton"",""mutation"":[0.5,1.0],""popsize"":2,""recombination"":0.7,""strategy"":""best1bin"",""updating"":""immediate""}"
confirmation,scipy-p2-halton,scipy,16,15,20,2,4000,4000,21.959128558294569,,,41.125367404807264,25.461110972756281,25.461110972756281,21.959128558294569,0.300442777,0.068840028,57.9006873,"{""init"":""halton"",""mutation"":[0.5,1.0],""popsize"":2,""recombination"":0.7,""strategy"":""best1bin"",""updating"":""immediate""}"
confirmation,scipy-p2-halton,scipy,21,11,20,1,4000,4000,2.0016293869122279,,,60.955212182354174,18.987266960918404,2.7346813942307477,2.0016293869122279,0.265976845,0.037720039,57.0642015,"{""init"":""halton"",""mutation"":[0.5,1.0],""popsize"":2,""recombination"":0.7,""strategy"":""best1bin"",""updating"":""immediate""}"
confirmation,scipy-p2-halton,scipy,21,11,20,2,4000,4000,0.053705298932797518,,,38.868892880513343,15.245862162992537,7.7098686374118302,0.053705298932797518,0.259930672,0.037493007,55.6094163,"{""init"":""halton"",""mutation"":[0.5,1.0],""popsize"":2,""recombination"":0.7,""strategy"":""best1bin"",""updating"":""immediate""}"
confirmation,scipy-p2-halton,scipy,21,12,20,1,4000,4000,0.81494107628574852,,,66.006793821379802,57.183782014335691,8.5044817927136478,0.81494107628574852,0.257675174,0.036516471,55.2896758,"{""init"":""halton"",""mutation"":[0.5,1.0],""popsize"":2,""recombination"":0.7,""strategy"":""best1bin"",""updating"":""immediate""}"
confirmation,scipy-p2-halton,scipy,21,12,20,2,4000,4000,16.421016311378054,,,67.682943780725793,22.497268939599479,18.383119332060318,16.421016311378054,0.265543718,0.037473163,57.0176387,"{""init"":""halton"",""mutation"":[0.5,1.0],""popsize"":2,""recombination"":0.7,""strategy"":""best1bin"",""updating"":""immediate""}"
confirmation,scipy-p2-halton,scipy,21,13,20,1,4000,4000,10.994318662448128,,,61.143446136130471,26.042531820083404,12.295146429381978,10.994318662448128,0.26960711,0.037881192,57.9314795,"{""init"":""halton"",""mutation"":[0.5,1.0],""popsize"":2,""recombination"":0.7,""strategy"":""best1bin"",""updating"":""immediate""}"
confirmation,scipy-p2-halton,scipy,21,13,20,2,4000,4000,4.1768032214563666,,,55.444247819373366,10.111144724717072,6.4704530896648098,4.1768032214563666,0.200777788,0.028839149,42.9846598,"{""init"":""halton"",""mutation"":[0.5,1.0],""popsize"":2,""recombination"":0.7,""strategy"":""best1bin"",""updating"":""immediate""}"
confirmation,scipy-p2-halton,scipy,21,14,20,1,4000,4000,0.01028645735561895,,,57.287144726496194,27.259717861686283,0.55441794513126297,0.01028645735561895,0.158812991,0.023466947,33.836511,"{""init"":""halton"",""mutation"":[0.5,1.0],""popsize"":2,""recombination"":0.7,""strategy"":""best1bin"",""updating"":""immediate""}"
confirmation,scipy-p2-halton,scipy,21,14,20,2,4000,4000,0.0011766628853138172,3169,,8.3016721620435874,1.9929087424487761,0.17887457213316793,0.0011766628853138172,0.1687854,0.02462848,36.03923,"{""init"":""halton"",""mutation"":[0.5,1.0],""popsize"":2,""recombination"":0.7,""strategy"":""best1bin"",""updating"":""immediate""}"
confirmation,scipy-p2-halton,scipy,21,15,20,1,4000,4000,6.6746772027829451,,,69.977307767329947,28.513322150794419,7.652179725516568,6.6746772027829451,0.194531271,0.027743968,41.6968258,"{""init"":""halton"",""mutation"":[0.5,1.0],""popsize"":2,""recombination"":0.7,""strategy"":""best1bin"",""updating"":""immediate""}"
confirmation,scipy-p2-halton,scipy,21,15,20,2,4000,4000,0.00037236477864155404,3179,,39.608524822432514,16.168441816905503,0.36778830167782672,0.00037236477864155404,0.176325036,0.025424703,37.7250832,"{""init"":""halton"",""mutation"":[0.5,1.0],""popsize"":2,""recombination"":0.7,""strategy"":""best1bin"",""updating"":""immediate""}"
confirmation,lshade-p2,lshade,2,11,20,1,4000,4000,1.2877346599080468,,,622364.03482970316,120934.56017293688,2519.1204862837085,1.2877346599080468,0.144646742,0.018373977,31.5681913,"{""bound_correction"":""saturate"",""lambda_per_d"":2}"
confirmation,lshade-p2,lshade,2,11,20,2,4000,4000,2.1075747716924766,,,991995.51649336063,47797.954665353915,1112.2925196713311,2.1075747716924766,0.132177603,0.016538444,28.9097897,"{""bound_correction"":""saturate"",""lambda_per_d"":2}"
confirmation,lshade-p2,lshade,2,12,20,1,4000,4000,41.340268022376335,,,763709.85181251448,62698.981933153729,2004.0312854833737,41.340268022376335,0.144385547,0.018507138,31.4696022,"{""bound_correction"":""saturate"",""lambda_per_d"":2}"
confirmation,lshade-p2,lshade,2,12,20,2,4000,4000,7.0680165058475666,,,310301.02233820589,58201.415568792836,976.39472450971516,7.0680165058475666,0.153353195,0.019268769,33.5211065,"{""bound_correction"":""saturate"",""lambda_per_d"":2}"
confirmation,lshade-p2,lshade,2,13,20,1,4000,4000,98.253797505424018,,,272272.70993768965,80455.998991090019,2130.7268539620209,98.253797505424018,0.137696068,0.017287321,30.1021868,"{""bound_correction"":""saturate"",""lambda_per_d"":2}"
confirmation,lshade-p2,lshade,2,13,20,2,4000,4000,25.820655674053626,,,536115.28132033802,68541.25658226278,2620.2634516206763,25.820655674053626,0.127629948,0.016462372,27.791894,"{""bound_correction"":""saturate"",""lambda_per_d"":2}"
confirmation,lshade-p2,lshade,2,14,20,1,4000,4000,61.304807458551295,,,474324.92757396458,84091.7518299402,1774.3409368695611,61.304807458551295,0.137960112,0.017715506,30.0611515,"{""bound_correction"":""saturate"",""lambda_per_d"":2}"
confirmation,lshade-p2,lshade,2,14,20,2,4000,4000,1.4825948157760536,,,633041.79695917701,56598.613548947855,1694.676348450731,1.4825948157760536,0.127542283,0.016358608,27.7959188,"{""bound_correction"":""saturate"",""lambda_per_d"":2}"
confirmation,lshade-p2,lshade,2,15,20,1,4000,4000,17.978121272255436,,,863160.05811672972,76856.002037280356,2860.4394413923228,17.978121272255436,0.141435455,0.017623571,30.952971,"{""bound_correction"":""saturate"",""lambda_per_d"":2}"
confirmation,lshade-p2,lshade,2,15,20,2,4000,4000,6.1811371053259734,,,292261.20738403749,94895.986484936118,3323.8219510128515,6.1811371053259734,0.129147863,0.01664243,28.1263582,"{""bound_correction"":""saturate"",""lambda_per_d"":2}"
confirmation,lshade-p2,lshade,7,11,20,1,4000,4000,3.5744653284393166,,,178.11909030900546,59.797714249773549,12.599474811726225,3.5744653284393166,0.115032276,0.011866771,25.7913763,"{""bound_correction"":""saturate"",""lambda_per_d"":2}"
confirmation,lshade-p2,lshade,7,11,20,2,4000,4000,9.5498189085652143,,,309.38407718969705,75.070193003994575,21.743185753224964,9.5498189085652143,0.115117327,0.011503854,25.9033682,"{""bound_correction"":""saturate"",""lambda_per_d"":2}"
confirmation,lshade-p2,lshade,7,12,20,1,4000,4000,5.9248482906467927,,,203.75180560047505,40.358698958414834,9.6797246735971498,5.9248482906467927,0.122676554,0.012611233,27.5163302,"{""bound_correction"":""saturate"",""lambda_per_d"":2}"
confirmation,lshade-p2,lshade,7,12,20,2,4000,4000,8.5291155401677941,,,218.17254804871396,89.920536294854202,23.21727338594431,8.5291155401677941,0.112774644,0.011523909,25.3126837,"{""bound_correction"":""saturate"",""lambda_per_d"":2}"
confirmation,lshade-p2,lshade,7,13,20,1,4000,4000,8.8705032811852789,,,134.434524669864,70.981162446461383,16.16941603012549,8.8705032811852789,0.132846614,0.013300923,29.8864227,"{""bound_correction"":""saturate"",""lambda_per_d"":2}"
confirmation,lshade-p2,lshade,7,13,20,2,4000,4000,12.41076980203735,,,254.21785763765092,102.39676700624995,16.820152058576696,12.41076980203735,0.112745494,0.011987227,25.1895667,"{""bound_correction"":""saturate"",""lambda_per_d"":2}"
confirmation,lshade-p2,lshade,7,14,20,1,4000,4000,8.9480993605956201,,,247.54877642637553,84.645445167329171,15.417721471696382,8.9480993605956201,0.115562752,0.011848114,25.9286595,"{""bound_correction"":""saturate"",""lambda_per_d"":2}"
confirmation,lshade-p2,lshade,7,14,20,2,4000,4000,4.894376530557679,,,217.11445288431332,60.21212192521341,8.8546469838485109,4.894376530557679,0.115335693,0.011721136,25.9036392,"{""bound_correction"":""saturate"",""lambda_per_d"":2}"
confirmation,lshade-p2,lshade,7,15,20,1,4000,4000,8.688211761431603,,,117.51530845594118,47.318430374210493,9.3013248152225287,8.688211761431603,0.110895492,0.011690991,24.8011253,"{""bound_correction"":""saturate"",""lambda_per_d"":2}"
confirmation,lshade-p2,lshade,7,15,20,2,4000,4000,9.8786871688956808,,,299.82509203503611,67.009691520679326,17.9845774724065,9.8786871688956808,0.138778214,0.01449171,31.071626,"{""bound_correction"":""saturate"",""lambda_per_d"":2}"
confirmation,lshade-p2,lshade,11,11,20,1,4000,4000,54.087695065656675,,,348.90601165292492,220.34312229176868,183.81014401147939,54.087695065656675,0.13160606,0.018023685,28.3955937,"{""bound_correction"":""saturate"",""lambda_per_d"":2}"
confirmation,lshade-p2,lshade,11,11,20,2,4000,4000,103.9804398238134,,,149.03133908408461,147.35886376002489,133.35044330528817,103.9804398238134,0.124328622,0.018052108,26.5691285,"{""bound_correction"":""saturate"",""lambda_per_d"":2}"
confirmation,lshade-p2,lshade,11,12,20,1,4000,4000,169.34876691802151,,,428.1867414320028,266.17832058318993,169.36250243991844,169.34876691802151,0.149635322,0.021513788,32.0303835,"{""bound_correction"":""saturate"",""lambda_per_d"":2}"
confirmation,lshade-p2,lshade,11,12,20,2,4000,4000,103.89106038830214,,,350.12896100692308,240.87600518074669,104.48383154343988,103.89106038830214,0.126317147,0.018576398,26.9351873,"{""bound_correction"":""saturate"",""lambda_per_d"":2}"
confirmation,lshade-p2,lshade,11,13,20,1,4000,4000,172.01296466493133,,,327.27617390586647,224.66286121660465,195.52580767039359,172.01296466493133,0.134313545,0.019642907,28.6676595,"{""bound_correction"":""saturate"",""lambda_per_d"":2}"
confirmation,lshade-p2,lshade,11,13,20,2,4000,4000,56.01892062990288,,,372.90612887902353,296.78627532554998,94.595795834621612,56.01892062990288,0.128534294,0.017702912,27.7078455,"{""bound_correction"":""saturate"",""lambda_per_d"":2}"
confirmation,lshade-p2,lshade,11,14,20,1,4000,4000,33.218100063789507,,,230.26744699746922,148.37442417339292,89.003813247883073,33.218100063789507,0.13684631,0.01942325,29.355765,"{""bound_correction"":""saturate"",""lambda_per_d"":2}"
confirmation,lshade-p2,lshade,11,14,20,2,4000,4000,90.207045077854104,,,345.50028466467347,139.25193817489364,90.214585506752556,90.207045077854104,0.127601441,0.018115981,27.371365,"{""bound_correction"":""saturate"",""lambda_per_d"":2}"
confirmation,lshade-p2,lshade,11,15,20,1,4000,4000,89.767089993599427,,,508.29932589059922,270.12488333317788,225.5601027443368,89.767089993599427,0.127143269,0.017726742,27.3541318,"{""bound_correction"":""saturate"",""lambda_per_d"":2}"
confirmation,lshade-p2,lshade,11,15,20,2,4000,4000,154.95134378332438,,,360.6670713963486,178.75677359675291,160.23694205510827,154.95134378332438,0.122806944,0.017826063,26.2452202,"{""bound_correction"":""saturate"",""lambda_per_d"":2}"
confirmation,lshade-p2,lshade,16,11,20,1,4000,4000,7.021278192796224,,,34.381952793130552,29.661311974080586,22.546017960848751,7.021278192796224,0.165194963,0.043538086,30.4142192,"{""bound_correction"":""saturate"",""lambda_per_d"":2}"
confirmation,lshade-p2,lshade,16,11,20,2,4000,4000,10.590000169360856,,,33.56697218220728,25.892179717715052,20.398671964399199,10.590000169360856,0.155027526,0.040937955,28.5223927,"{""bound_correction"":""saturate"",""lambda_per_d"":2}"
confirmation,lshade-p2,lshade,16,12,20,1,4000,4000,13.208409881581801,,,20.157945966517389,20.157945966517389,20.157945966517389,13.208409881581801,0.154976442,0.040492506,28.620984,"{""bound_correction"":""saturate"",""lambda_per_d"":2}"
confirmation,lshade-p2,lshade,16,12,20,2,4000,4000,9.2173475676140981,,,36.707877706650549,29.346028221185492,21.872331446291895,9.2173475676140981,0.168199467,0.044000066,31.0498502,"{""bound_correction"":""saturate"",""lambda_per_d"":2}"
confirmation,lshade-p2,lshade,16,13,20,1,4000,4000,14.257060751808595,,,28.193890562461711,17.40556573334954,17.40556573334954,14.257060751808595,0.146707217,0.040080277,26.656735,"{""bound_correction"":""saturate"",""lambda_per_d"":2}"
confirmation,lshade-p2,lshade,16,13,20,2,4000,4000,11.391081631826552,,,33.548474419833248,29.536833181085143,21.413959893280712,11.391081631826552,0.166993472,0.043733898,30.8148935,"{""bound_correction"":""saturate"",""lambda_per_d"":2}"
confirmation,lshade-p2,lshade,16,14,20,1,4000,4000,15.066322823272866,,,37.092794408352319,25.029626161511157,18.258377227924452,15.066322823272866,0.152673408,0.0399324,28.185252,"{""bound_correction"":""saturate"",""lambda_per_d"":2}"
confirmation,lshade-p2,lshade,16,14,20,2,4000,4000,10.129280461376471,,,32.65025427164295,30.059031376096325,25.839252786179369,10.129280461376471,0.151288706,0.040295567,27.7482847,"{""bound_correction"":""saturate"",""lambda_per_d"":2}"
confirmation,lshade-p2,lshade,16,15,20,1,4000,4000,11.213448073453263,,,36.716442365284053,27.745144123932434,24.703073098976752,11.213448073453263,0.143599385,0.040558841,25.760136,"{""bound_correction"":""saturate"",""lambda_per_d"":2}"
confirmation,lshade-p2,lshade,16,15,20,2,4000,4000,13.883585839297815,,,35.061247496113594,21.324859719416558,15.747184042279853,13.883585839297815,0.150140256,0.040230787,27.4773673,"{""bound_correction"":""saturate"",""lambda_per_d"":2}"
confirmation,lshade-p2,lshade,21,11,20,1,4000,4000,1.5819007762774646,,,73.155659127633854,56.141405201737015,11.35341770546647,1.5819007762774646,0.133767853,0.020608255,28.2898995,"{""bound_correction"":""saturate"",""lambda_per_d"":2}"
confirmation,lshade-p2,lshade,21,11,20,2,4000,4000,1.8030210847023795,,,59.472264392778825,16.611614730053745,1.9899333720456127,1.8030210847023795,0.131084513,0.020494208,27.6475762,"{""bound_correction"":""saturate"",""lambda_per_d"":2}"
confirmation,lshade-p2,lshade,21,12,20,1,4000,4000,0.70298478035169865,,,69.990651758535947,28.159387918041773,1.9541024622228065,0.70298478035169865,0.133892151,0.02119988,28.1730678,"{""bound_correction"":""saturate"",""lambda_per_d"":2}"
confirmation,lshade-p2,lshade,21,12,20,2,4000,4000,0.0012249787041014315,3567,,71.206239795323739,18.443665017338418,2.0128999507184346,0.0012249787041014315,0.134394869,0.020846303,28.3871415,"{""bound_correction"":""saturate"",""lambda_per_d"":2}"
confirmation,lshade-p2,lshade,21,13,20,1,4000,4000,0.00061905477818235966,2838,,61.148708500960574,7.0868471897020573,0.052606302285431283,0.00061905477818235966,0.13277935,0.020850254,27.982274,"{""bound_correction"":""saturate"",""lambda_per_d"":2}"
confirmation,lshade-p2,lshade,21,13,20,2,4000,4000,4.1618139704117549,,,66.861974384769852,21.361245864232451,4.6425084671353867,4.1618139704117549,0.129225934,0.020509601,27.1790832,"{""bound_correction"":""saturate"",""lambda_per_d"":2}"
confirmation,lshade-p2,lshade,21,14,20,1,4000,4000,0.0026309223191560704,2746,,66.380706798199526,14.673824870317787,0.12941555730805021,0.0026309223191560704,0.130216625,0.020706541,27.377521,"{""bound_correction"":""saturate"",""lambda_per_d"":2}"
confirmation,lshade-p2,lshade,21,14,20,2,4000,4000,0.00023961128380278751,2891,,62.352252145245586,17.787338191691049,2.5519210834946762,0.00023961128380278751,0.129664183,0.020738568,27.2314037,"{""bound_correction"":""saturate"",""lambda_per_d"":2}"
confirmation,lshade-p2,lshade,21,15,20,1,4000,4000,2.1980734452142769e-05,2433,,62.069663377573704,15.958073871859277,0.15793682215836213,2.1980734452142769e-05,0.130862498,0.020503738,27.58969,"{""bound_correction"":""saturate"",""lambda_per_d"":2}"
confirmation,lshade-p2,lshade,21,15,20,2,4000,4000,0.00010157966409707342,2263,,62.873664164196278,22.933101513618286,0.02945898087873644,0.00010157966409707342,0.130016598,0.020545167,27.3678578,"{""bound_correction"":""saturate"",""lambda_per_d"":2}"
confirmation,cma-s30,cma,2,11,20,1,4000,4000,464.97024240653531,,,885674.32747933187,165844.23705779691,10100.705105920872,464.97024240653531,0.476544116,0.019725137,114.204745,"{""popsize_mult"":1.0,""sigma_frac"":0.3}"
confirmation,cma-s30,cma,2,11,20,2,4000,4000,1492.2266121455993,,,987409.09053071437,50887.594347282175,8186.3745860214749,1492.2266121455993,0.460777399,0.017994046,110.695838,"{""popsize_mult"":1.0,""sigma_frac"":0.3}"
confirmation,cma-s30,cma,2,12,20,1,4000,4000,920.09731544351007,,,448770.77892705362,147242.18683009307,8707.8177236794691,920.09731544351007,0.423647822,0.017722789,101.481258,"{""popsize_mult"":1.0,""sigma_frac"":0.3}"
confirmation,cma-s30,cma,2,12,20,2,4000,4000,885.82294238651048,,,564576.53087751369,164763.06325411945,10439.159272648221,885.82294238651048,0.428667334,0.018006439,102.665224,"{""popsize_mult"":1.0,""sigma_frac"":0.3}"
confirmation,cma-s30,cma,2,13,20,1,4000,4000,628.13149028587668,,,380611.58998823172,91685.262727106019,9439.2934233077776,628.13149028587668,0.445786868,0.018496724,106.822536,"{""popsize_mult"":1.0,""sigma_frac"":0.3}"
confirmation,cma-s30,cma,2,13,20,2,4000,4000,469.0018874993757,,,545476.00498757744,57292.177129829011,6970.9449402257269,469.0018874993757,0.433613515,0.017841207,103.943077,"{""popsize_mult"":1.0,""sigma_frac"":0.3}"
confirmation,cma-s30,cma,2,14,20,1,4000,4000,926.65375588400286,,,588800.33943210077,257433.76567161162,7973.7789443621086,926.65375588400286,0.49705648,0.020364821,119.172915,"{""popsize_mult"":1.0,""sigma_frac"":0.3}"
confirmation,cma-s30,cma,2,14,20,2,4000,4000,225.41150733226095,,,528531.32362706633,98168.655941170407,2550.0179772613101,225.41150733226095,0.491060864,0.020482946,117.644479,"{""popsize_mult"":1.0,""sigma_frac"":0.3}"
confirmation,cma-s30,cma,2,15,20,1,4000,4000,435.83063447993993,,,546596.24783538573,350362.36251357326,6248.2940278392462,435.83063447993993,0.504141472,0.019909401,121.058018,"{""popsize_mult"":1.0,""sigma_frac"":0.3}"
confirmation,cma-s30,cma,2,15,20,2,4000,4000,450.51519443943346,,,532528.22478288563,82298.710893086536,20396.691934010105,450.51519443943346,0.490123136,0.020149856,117.49332,"{""popsize_mult"":1.0,""sigma_frac"":0.3}"
confirmation,cma-s30,cma,7,11,20,1,4000,3048,10.889896861479315,,,268.75344667020244,52.737998473659388,11.243462347151763,10.889896861479315,0.361061279,0.011331479,114.740748,"{""popsize_mult"":1.0,""sigma_frac"":0.3}"
confirmation,cma-s30,cma,7,11,20,2,4000,3204,8.3747148572683159,,,174.40771341276235,60.787520391814212,9.8703449856278098,8.3747148572683159,0.360873906,0.011130426,109.15839,"{""popsize_mult"":1.0,""sigma_frac"":0.3}"
confirmation,cma-s30,cma,7,12,20,1,4000,3468,4.4538512993433415,,,332.57824959848585,33.305297121463383,7.2167574675395372,4.4538512993433415,0.364077466,0.011966074,101.531543,"{""popsize_mult"":1.0,""sigma_frac"":0.3}"
confirmation,cma-s30,cma,7,12,20,2,4000,3684,7.1744695037994006,,,101.2666566368645,21.304383908764891,8.3386024910975038,7.1744695037994006,0.339668267,0.012254621,88.8744967,"{""popsize_mult"":1.0,""sigma_frac"":0.3}"
confirmation,cma-s30,cma,7,13,20,1,4000,3564,11.580941171544282,,,267.97745662829055,53.103075690677315,12.099956137125673,11.580941171544282,0.434071742,0.013935009,117.883483,"{""popsize_mult"":1.0,""sigma_frac"":0.3}"
confirmation,cma-s30,cma,7,13,20,2,4000,3312,6.4668768267015366,,,135.25411243283185,25.54496989140938,6.527491378718139,6.4668768267015366,0.372624498,0.013150226,108.536918,"{""popsize_mult"":1.0,""sigma_frac"":0.3}"
confirmation,cma-s30,cma,7,14,20,1,4000,3672,9.0788332821856557,,,162.80424450183864,27.846507629364339,12.157179719070655,9.0788332821856557,0.388879338,0.012817527,102.413347,"{""popsize_mult"":1.0,""sigma_frac"":0.3}"
confirmation,cma-s30,cma,7,14,20,2,4000,2880,12.799410591238484,,,132.24854410492139,27.316301220663661,12.803308962570043,12.799410591238484,0.307548659,0.009904372,103.348711,"{""popsize_mult"":1.0,""sigma_frac"":0.3}"
confirmation,cma-s30,cma,7,15,20,1,4000,2676,4.1693715354177812,,,124.03473507756871,24.750406970706422,4.1693715354177812,4.1693715354177812,0.282182917,0.009131723,102.037068,"{""popsize_mult"":1.0,""sigma_frac"":0.3}"
confirmation,cma-s30,cma,7,15,20,2,4000,3912,7.2958251434879458,,,292.09066599506434,41.975532642340227,8.1502820832758971,7.2958251434879458,0.471799566,0.015085891,116.746849,"{""popsize_mult"":1.0,""sigma_frac"":0.3}"
confirmation,cma-s30,cma,11,11,20,1,4000,4000,199.25675449191752,,,407.72922961388809,199.25675449191752,199.25675449191752,199.25675449191752,0.465133878,0.019773461,111.340104,"{""popsize_mult"":1.0,""sigma_frac"":0.3}"
confirmation,cma-s30,cma,11,11,20,2,4000,4000,215.89642975899025,,,433.18576465812379,231.29564575530259,231.29564575530259,215.89642975899025,0.450714265,0.019444037,107.817557,"{""popsize_mult"":1.0,""sigma_frac"":0.3}"
confirmation,cma-s30,cma,11,12,20,1,4000,4000,209.7657838501525,,,496.16951863770009,267.38660027723694,267.38660027723694,209.7657838501525,0.466229659,0.019969031,111.565157,"{""popsize_mult"":1.0,""sigma_frac"":0.3}"
confirmation,cma-s30,cma,11,12,20,2,4000,4000,94.599738771788267,,,328.66235743593228,298.88603282768548,164.13350081086321,94.599738771788267,0.439394892,0.019664124,104.932692,"{""popsize_mult"":1.0,""sigma_frac"":0.3}"
confirmation,cma-s30,cma,11,13,20,1,4000,4000,162.43263759289152,,,166.56646575294599,166.56646575294599,166.56646575294599,162.43263759289152,0.454628177,0.020142354,108.621456,"{""popsize_mult"":1.0,""sigma_frac"":0.3}"
confirmation,cma-s30,cma,11,13,20,2,4000,4000,152.77617996601305,,,168.28385251719936,152.77617996601305,152.77617996601305,152.77617996601305,0.461240717,0.019605207,110.408877,"{""popsize_mult"":1.0,""sigma_frac"":0.3}"
confirmation,cma-s30,cma,11,14,20,1,4000,4000,185.33482313995975,,,249.54377536670896,249.54377536670896,236.21644214869121,185.33482313995975,0.493560281,0.021750646,117.952409,"{""popsize_mult"":1.0,""sigma_frac"":0.3}"
confirmation,cma-s30,cma,11,14,20,2,4000,4000,83.294086961732873,,,313.78143140298272,249.22431892878956,222.48756289518454,83.294086961732873,0.628289233,0.026439879,150.462339,"{""popsize_mult"":1.0,""sigma_frac"":0.3}"
confirmation,cma-s30,cma,11,15,20,1,4000,4000,175.56900153245243,,,211.04465071269766,175.56900153245243,175.56900153245243,175.56900153245243,0.47463434,0.020932591,113.425437,"{""popsize_mult"":1.0,""sigma_frac"":0.3}"
confirmation,cma-s30,cma,11,15,20,2,4000,4000,164.70641823379563,,,256.67125381373569,256.67125381373569,256.67125381373569,164.70641823379563,0.456237626,0.019674722,109.140726,"{""popsize_mult"":1.0,""sigma_frac"":0.3}"
confirmation,cma-s30,cma,16,11,20,1,4000,4000,0.30883771522753278,,,25.275590567523636,25.275590567523636,19.735103955881435,0.30883771522753278,0.486335742,0.04155979,111.193988,"{""popsize_mult"":1.0,""sigma_frac"":0.3}"
confirmation,cma-s30,cma,16,11,20,2,4000,4000,22.646387761523222,,,35.114448302870166,33.527085465895482,22.646387761523222,22.646387761523222,0.532202604,0.046428946,121.443415,"{""popsize_mult"":1.0,""sigma_frac"":0.3}"
confirmation,cma-s30,cma,16,12,20,1,4000,4000,22.712093650269509,,,27.188001093792806,27.188001093792806,27.188001093792806,22.712093650269509,0.485416137,0.043401814,110.503581,"{""popsize_mult"":1.0,""sigma_frac"":0.3}"
confirmation,cma-s30,cma,16,12,20,2,4000,4000,1.2818400292062933,,,28.320053108396721,28.320053108396721,23.848001366617893,1.2818400292062933,0.587401001,0.049249521,134.53787,"{""popsize_mult"":1.0,""sigma_frac"":0.3}"
confirmation,cma-s30,cma,16,13,20,1,4000,4000,25.381293581600325,,,30.365519110744366,30.365519110744366,28.947613969746158,25.381293581600325,0.527938386,0.045932477,120.501477,"{""popsize_mult"":1.0,""sigma_frac"":0.3}"
confirmation,cma-s30,cma,16,13,20,2,4000,4000,1.2184220418949181,,,35.134728587752427,27.144526973364115,13.675136952508801,1.2184220418949181,0.586826292,0.053686307,133.284996,"{""popsize_mult"":1.0,""sigma_frac"":0.3}"
confirmation,cma-s30,cma,16,14,20,1,4000,4000,23.082402140968629,,,36.839232665413221,36.839232665413221,23.082402140968629,23.082402140968629,0.551697021,0.048925023,125.692999,"{""popsize_mult"":1.0,""sigma_frac"":0.3}"
confirmation,cma-s30,cma,16,14,20,2,4000,4000,22.281467784663572,,,37.461901836167939,30.347578451190682,26.956631909859365,22.281467784663572,0.57045645,0.048411043,130.511352,"{""popsize_mult"":1.0,""sigma_frac"":0.3}"
confirmation,cma-s30,cma,16,15,20,1,4000,4000,19.750358574281599,,,34.847029093854715,19.750358574281599,19.750358574281599,19.750358574281599,0.506400007,0.04405066,115.587337,"{""popsize_mult"":1.0,""sigma_frac"":0.3}"
confirmation,cma-s30,cma,16,15,20,2,4000,4000,21.200094546145319,,,21.200094546145319,21.200094546145319,21.200094546145319,21.200094546145319,0.522246824,0.046024279,119.055636,"{""popsize_mult"":1.0,""sigma_frac"":0.3}"
confirmation,cma-s30,cma,21,11,20,1,4000,4000,6.6585505675964072,,,25.319193339833177,6.9957914473354066,6.6588226954662701,6.6585505675964072,0.398470576,0.022610563,93.9650033,"{""popsize_mult"":1.0,""sigma_frac"":0.3}"
confirmation,cma-s30,cma,21,11,20,2,4000,3732,0,1357,2006,67.690152902829382,1.596469699536101,2.0825213852049274e-05,0,0.467926993,0.024857728,118.721668,"{""popsize_mult"":1.0,""sigma_frac"":0.3}"
confirmation,cma-s30,cma,21,12,20,1,4000,4000,3.6378353678899202,,,47.826538443955172,5.5190302685213055,3.6388652556451859,3.6378353678899202,0.464094348,0.023512282,110.145517,"{""popsize_mult"":1.0,""sigma_frac"":0.3}"
confirmation,cma-s30,cma,21,12,20,2,4000,4000,26.186497662187776,,,68.769448469884225,28.851876568362655,26.187475180002679,26.186497662187776,0.445973978,0.023255262,105.679679,"{""popsize_mult"":1.0,""sigma_frac"":0.3}"
confirmation,cma-s30,cma,21,13,20,1,4000,4000,4.1617791375136113,,,34.179921644281798,4.4279134535427289,4.1618309318425686,4.1617791375136113,0.413747095,0.022193105,97.8884975,"{""popsize_mult"":1.0,""sigma_frac"":0.3}"
confirmation,cma-s30,cma,21,13,20,2,4000,4000,9.9304469115103498,,,32.987567976869713,10.403400381974816,9.9311292501926562,9.9304469115103498,0.417283321,0.022612094,98.6678068,"{""popsize_mult"":1.0,""sigma_frac"":0.3}"
confirmation,cma-s30,cma,21,14,20,1,4000,4000,5.2628036692136675,,,48.404922846778618,6.6148043061688782,5.2632575864572573,5.2628036692136675,0.445406279,0.022606196,105.700021,"{""popsize_mult"":1.0,""sigma_frac"":0.3}"
confirmation,cma-s30,cma,21,14,20,2,4000,4000,16.400241508813792,,,56.859778935980842,17.171010487508966,16.400645391757223,16.400241508813792,0.41914398,0.022404403,99.1848942,"{""popsize_mult"":1.0,""sigma_frac"":0.3}"
confirmation,cma-s30,cma,21,15,20,1,4000,4000,44.673758920230021,,,72.678633546282995,48.581292504989314,44.679972701258585,44.673758920230021,0.421686879,0.022093672,99.8983017,"{""popsize_mult"":1.0,""sigma_frac"":0.3}"
confirmation,cma-s30,cma,21,15,20,2,4000,4000,6.6585505676794696,,,61.565815339545743,8.0226996270117041,6.6595166896772682,6.6585505676794696,0.487173591,0.02535387,115.45493,"{""popsize_mult"":1.0,""sigma_frac"":0.3}"
