algorithm,family,subject,seed,budget,nfev,obj_50d,obj_100d,obj_200d,param_50d,param_100d,param_200d,hit_obj_1e-4,hit_obj_1e-6,hit_param_005,hit_param_001,final_objective,final_parameter_error,best_x_json,wall_s,objective_s,overhead_us_per_eval,config_json
scipy-p2-lhs,scipy,1,1,1000,1000,4.7510833793573685e-05,1.3774429371662969e-05,7.9337767978366481e-06,0.15043283345535619,0.1405845643974365,0.11101863152765032,242,,,,7.9337767978366481e-06,0.11101863152765032,"[0.6858764427279259,0.20319629863795907,0.8018867837653062,0.21635814012019583,0.48518487420460393]",0.291259648,0.20412371,87.135938,"{""init"":""latinhypercube"",""mutation"":[0.5,1.0],""popsize"":2,""recombination"":0.7,""strategy"":""best1bin"",""updating"":""immediate""}"
scipy-p2-lhs,scipy,1,2,1000,1000,0.00055649693889063057,5.2568070875105557e-05,5.5671030480109018e-06,0.47543233802936541,0.17141967198004804,0.096269688991512781,461,,,,5.5671030480109018e-06,0.096269688991512781,"[0.6842795497398104,0.1980204027728632,0.8014074298678636,0.21920661765901683,0.4996238663802065]",0.239687157,0.169110284,70.576873,"{""init"":""latinhypercube"",""mutation"":[0.5,1.0],""popsize"":2,""recombination"":0.7,""strategy"":""best1bin"",""updating"":""immediate""}"
scipy-p2-lhs,scipy,1,3,1000,1000,8.8104415002064176e-05,1.582542920843478e-05,1.0822230254063241e-05,0.20470547995607011,0.15200689262006317,0.12713536709343298,174,,,,1.0822230254063241e-05,0.12713536709343298,"[0.684093880032665,0.20855698730873756,0.8005811193598258,0.21293343425312405,0.4694623717580249]",0.243055658,0.170943739,72.111919,"{""init"":""latinhypercube"",""mutation"":[0.5,1.0],""popsize"":2,""recombination"":0.7,""strategy"":""best1bin"",""updating"":""immediate""}"
scipy-p2-lhs,scipy,2,1,1000,1000,0.00060029802904333434,1.9861878051697524e-05,4.1251306614898297e-06,0.25402783143864377,0.12742138268500214,0.09497706781907396,339,,,,4.1251306614898297e-06,0.09497706781907396,"[0.31768557745399173,0.7437328522165435,0.3729946531795476,0.7056438039615641,0.4110193549807597]",0.240186066,0.168431901,71.754165,"{""init"":""latinhypercube"",""mutation"":[0.5,1.0],""popsize"":2,""recombination"":0.7,""strategy"":""best1bin"",""updating"":""immediate""}"
scipy-p2-lhs,scipy,2,2,1000,1000,0.000614990042840512,4.8334295026678572e-05,7.9572203368161805e-07,0.2327977905139034,0.15641311628083479,0.065988520800428371,334,981,,,7.9572203368161805e-07,0.065988520800428371,"[0.29767182902741324,0.7435976595671051,0.3493116471261891,0.7111751932620315,0.4158863733968719]",0.243478961,0.170500528,72.978433,"{""init"":""latinhypercube"",""mutation"":[0.5,1.0],""popsize"":2,""recombination"":0.7,""strategy"":""best1bin"",""updating"":""immediate""}"
scipy-p2-lhs,scipy,2,3,1000,1000,0.0033505335220389426,0.00012878900321895413,8.8120703480126048e-07,0.39798402555717455,0.19082777685966326,0.068331236317950697,547,970,,,8.8120703480126048e-07,0.068331236317950697,"[0.299301935423015,0.743636269368673,0.3511764742364321,0.710814596645367,0.4152343850896882]",0.262404419,0.187062923,75.341496,"{""init"":""latinhypercube"",""mutation"":[0.5,1.0],""popsize"":2,""recombination"":0.7,""strategy"":""best1bin"",""updating"":""immediate""}"
scipy-p2-lhs,scipy,3,1,1000,1000,3.0428936774422523e-05,5.7052781447558911e-06,4.0134076095387977e-07,0.028331863859421932,0.012715554408958758,0.0029667969718778085,203,772,197,671,4.0134076095387977e-07,0.0029667969718778085,"[0.42467250871046286,0.3763655022014852,0.5970975961749794,0.3347275007575503,0.30505914396664346]",0.30289119,0.214371166,88.520024,"{""init"":""latinhypercube"",""mutation"":[0.5,1.0],""popsize"":2,""recombination"":0.7,""strategy"":""best1bin"",""updating"":""immediate""}"
scipy-p2-lhs,scipy,3,2,1000,1000,0.0022645916124603106,6.1740217776371509e-05,3.1678077900115879e-06,0.18685383744761164,0.033911692677816768,0.0094073942309096329,484,,411,944,3.1678077900115879e-06,0.0094073942309096329,"[0.4213350243667315,0.3786867858847489,0.5938280412468941,0.3395939123035839,0.29511398744950196]",0.238180118,0.167201647,70.978471,"{""init"":""latinhypercube"",""mutation"":[0.5,1.0],""popsize"":2,""recombination"":0.7,""strategy"":""best1bin"",""updating"":""immediate""}"
scipy-p2-lhs,scipy,3,3,1000,1000,0.00053830678610475183,0.00015378650695318496,8.5981106989785699e-06,0.12549534013865538,0.066437333937050133,0.017102645242717544,698,,667,,8.5981106989785699e-06,0.017102645242717544,"[0.4270877942411049,0.3730664293500555,0.5995598135564303,0.33105200055351314,0.3196464003890193]",0.2493441,0.177092202,72.251898,"{""init"":""latinhypercube"",""mutation"":[0.5,1.0],""popsize"":2,""recombination"":0.7,""strategy"":""best1bin"",""updating"":""immediate""}"
scipy-p2-lhs,scipy,4,1,1000,1000,0.00065834442949863202,4.8494290934654637e-05,7.0015548923942802e-09,0.10041173452689992,0.018312831967196828,0.00024768896317598941,471,744,421,613,7.0015548923942802e-09,0.00024768896317598941,"[0.506067012349816,0.5416871008050647,0.4782754873074714,0.6423175058071987,0.8421650550739541]",0.247223827,0.175026218,72.197609,"{""init"":""latinhypercube"",""mutation"":[0.5,1.0],""popsize"":2,""recombination"":0.7,""strategy"":""best1bin"",""updating"":""immediate""}"
scipy-p2-lhs,scipy,4,2,1000,1000,0.0017083557780672208,0.0016962461398414522,0.0016931661309980554,0.57480369675108622,0.57631968721443683,0.57608489907850979,,,,,0.0016931661309980554,0.57608489907850979,"[0.0920503950557845,0.5638695172607113,2.7888367613027043e-06,0.6801705264359803,0.80654802802571]",0.250225225,0.174705148,75.520077,"{""init"":""latinhypercube"",""mutation"":[0.5,1.0],""popsize"":2,""recombination"":0.7,""strategy"":""best1bin"",""updating"":""immediate""}"
scipy-p2-lhs,scipy,4,3,1000,1000,0.00067182673325968424,8.4717823688196845e-07,2.3746912465118423e-10,0.05180851199149427,0.0015315110900785481,6.8977792435347417e-05,277,500,215,383,2.3746912465118423e-10,6.8977792435347417e-05,"[0.5059612011506053,0.5416071662953894,0.4782287790261541,0.6423825817556476,0.8424221704321583]",0.267287813,0.191366684,75.921129,"{""init"":""latinhypercube"",""mutation"":[0.5,1.0],""popsize"":2,""recombination"":0.7,""strategy"":""best1bin"",""updating"":""immediate""}"
scipy-p2-lhs,scipy,5,1,1000,1000,0.00021389739450460008,2.8595385589644435e-05,3.3549935053783472e-07,0.044256311544749766,0.014877253052062991,0.0019556652399310322,360,817,169,722,3.3549935053783472e-07,0.0019556652399310322,"[0.6626312380810925,0.44377672115568917,0.1628519614160268,0.5826417205841957,0.6864810629350964]",0.238645941,0.168345938,70.300003,"{""init"":""latinhypercube"",""mutation"":[0.5,1.0],""popsize"":2,""recombination"":0.7,""strategy"":""best1bin"",""updating"":""immediate""}"
scipy-p2-lhs,scipy,5,2,1000,1000,0.0010792386835133528,6.3878223138924941e-05,1.3563120700195478e-06,0.11329611518332611,0.027723268355120633,0.0015743406014303884,471,,389,886,1.3563120700195478e-06,0.0015743406014303884,"[0.660233401096974,0.4437722588753215,0.16088043728899676,0.5834518136541029,0.6855258497351369]",0.237141109,0.167716052,69.425057,"{""init"":""latinhypercube"",""mutation"":[0.5,1.0],""popsize"":2,""recombination"":0.7,""strategy"":""best1bin"",""updating"":""immediate""}"
scipy-p2-lhs,scipy,5,3,1000,1000,0.0073347892607396291,3.910820014957975e-05,1.9067317923771037e-09,0.26064610127160559,0.015305403402931045,8.5058588409673197e-05,429,703,403,569,1.9067317923771037e-09,8.5058588409673197e-05,"[0.6610446489474674,0.44386469906722753,0.1616415782031942,0.5824685744455445,0.6857226221431857]",0.270464076,0.191965709,78.498367,"{""init"":""latinhypercube"",""mutation"":[0.5,1.0],""popsize"":2,""recombination"":0.7,""strategy"":""best1bin"",""updating"":""immediate""}"
scipy-p2-lhs,scipy,6,1,1000,1000,0.006349327473617607,0.006162604771298914,0.00045804381430623788,0.72211054138187381,0.69164482982808584,0.14935633934083181,,,,,0.00045804381430623788,0.14935633934083181,"[0.4621487332522487,0.6485921020691443,0.818821839204394,0.34342844018871566,0.12889506041163268]",0.244449173,0.169194222,75.254951,"{""init"":""latinhypercube"",""mutation"":[0.5,1.0],""popsize"":2,""recombination"":0.7,""strategy"":""best1bin"",""updating"":""immediate""}"
scipy-p2-lhs,scipy,6,2,1000,1000,0.00045997047781306849,7.0435561420533271e-05,7.1938873332902544e-07,0.14875564677744016,0.059466137164550098,0.0060557336256859612,491,941,581,777,7.1938873332902544e-07,0.0060557336256859612,"[0.401541857218553,0.6494611092090775,0.7616308897652634,0.4470088126071375,0.16755660408861905]",0.244622578,0.172070906,72.551672,"{""init"":""latinhypercube"",""mutation"":[0.5,1.0],""popsize"":2,""recombination"":0.7,""strategy"":""best1bin"",""updating"":""immediate""}"
scipy-p2-lhs,scipy,6,3,1000,1000,0.00065645854767392613,1.6222531983970478e-05,2.8562376737569389e-07,0.21128004557878807,0.01334426533443271,0.001987856525683581,366,851,331,784,2.8562376737569389e-07,0.001987856525683581,"[0.39781839765013954,0.6496509278112677,0.7581175283440554,0.4525272566789194,0.16959611259182156]",0.233687458,0.16454903,69.138428,"{""init"":""latinhypercube"",""mutation"":[0.5,1.0],""popsize"":2,""recombination"":0.7,""strategy"":""best1bin"",""updating"":""immediate""}"
scipy-p2-lhs,scipy,7,1,1000,1000,0.00012105138554307196,8.2339176286190803e-05,6.5808266996003192e-05,0.25900658399009574,0.25146730602486733,0.22466756665189577,284,,,,6.5808266996003192e-05,0.22466756665189577,"[0.08379727917706331,0.31508953790371397,0.1514490387906351,0.8468274221521508,0.4521302557515225]",0.236912804,0.163834951,73.077853,"{""init"":""latinhypercube"",""mutation"":[0.5,1.0],""popsize"":2,""recombination"":0.7,""strategy"":""best1bin"",""updating"":""immediate""}"
scipy-p2-lhs,scipy,7,2,1000,1000,0.0017591500809946287,0.00043468561493981389,2.6931389978436241e-06,0.42819587246557661,0.33980931481370419,0.089737396552192081,785,,,,2.6931389978436241e-06,0.089737396552192081,"[0.28839477787276047,0.31718954234754837,0.4210299643902453,0.8116528583612072,0.3755302723470067]",0.256693187,0.181369453,75.323734,"{""init"":""latinhypercube"",""mutation"":[0.5,1.0],""popsize"":2,""recombination"":0.7,""strategy"":""best1bin"",""updating"":""immediate""}"
scipy-p2-lhs,scipy,7,3,1000,1000,0.001677097713788733,0.00063045155018603158,0.00029059617619193144,0.45293741139282684,0.39135130751569275,0.32085712320927456,,,,,0.00029059617619193144,0.32085712320927456,"[0.4260377618310484,0.313315068674569,0.578663502248846,0.7008481757182937,0.3140814087142186]",0.240517807,0.167127676,73.390131,"{""init"":""latinhypercube"",""mutation"":[0.5,1.0],""popsize"":2,""recombination"":0.7,""strategy"":""best1bin"",""updating"":""immediate""}"
scipy-p2-lhs,scipy,8,1,1000,1000,0.0003844810893950191,2.2351249189682831e-06,7.597203429056435e-09,0.057927958350473714,0.0076601158343367511,0.00050960548634813526,304,542,141,343,7.597203429056435e-09,0.00050960548634813526,"[0.8408576982369604,0.763804879095423,0.5507684558694365,0.17942866050474326,0.5859168661052588]",0.255612027,0.18176567,73.846357,"{""init"":""latinhypercube"",""mutation"":[0.5,1.0],""popsize"":2,""recombination"":0.7,""strategy"":""best1bin"",""updating"":""immediate""}"
scipy-p2-lhs,scipy,8,2,1000,1000,0.00057836282575932096,1.1511673266772896e-05,3.8467683983401413e-08,0.19353383264598445,0.009069557581991362,0.00048035850590466957,350,853,309,437,3.8467683983401413e-08,0.00048035850590466957,"[0.8404384550720131,0.7638894496766411,0.5506929564272527,0.17914121083193263,0.5851016198247175]",0.238520443,0.169667277,68.853166,"{""init"":""latinhypercube"",""mutation"":[0.5,1.0],""popsize"":2,""recombination"":0.7,""strategy"":""best1bin"",""updating"":""immediate""}"
scipy-p2-lhs,scipy,8,3,1000,1000,0.00045735606621724389,2.466573876209081e-05,8.4940931669127736e-09,0.19129754423496567,0.02629639390964025,0.00025178397777389586,401,680,360,413,8.4940931669127736e-09,0.00025178397777389586,"[0.840902379216205,0.7639101301847716,0.5508062947488875,0.17933467600560749,0.585187825214068]",0.248314481,0.177937559,70.376922,"{""init"":""latinhypercube"",""mutation"":[0.5,1.0],""popsize"":2,""recombination"":0.7,""strategy"":""best1bin"",""updating"":""immediate""}"
scipy-p15-halton,scipy,1,1,1000,1000,0.008939665300453559,0.00060448764116148048,4.9452323222788595e-05,0.17505693953164317,0.073811180803968299,0.068850752744219049,800,,800,,4.9452323222788595e-05,0.068850752744219049,"[0.6799044375497187,0.19187189556734785,0.7998511689640125,0.2393462080117552,0.5263597738244022]",0.247407913,0.180723777,66.684136,"{""init"":""halton"",""mutation"":[0.5,1.0],""popsize"":15,""recombination"":0.7,""strategy"":""best1bin"",""updating"":""immediate""}"
scipy-p15-halton,scipy,1,2,1000,1000,0.007959981494748105,0.0030692370786307263,0.00062629831629005823,0.25420020820996725,0.20871333912947881,0.20124151173887128,,,,,0.00062629831629005823,0.20124151173887128,"[0.6619632718910223,0.2412245279442229,0.7847691949856911,0.1859327204959919,0.40738894584021257]",0.235554768,0.171573825,63.980943,"{""init"":""halton"",""mutation"":[0.5,1.0],""popsize"":15,""recombination"":0.7,""strategy"":""best1bin"",""updating"":""immediate""}"
scipy-p15-halton,scipy,1,3,1000,1000,0.0030536698078512201,0.0015221049255289053,0.00036158753664768876,0.26777567191470114,0.27307941595185659,0.29681542788550214,,,,,0.00036158753664768876,0.29681542788550214,"[0.6899995118255493,0.25106710311479025,0.7968655528020081,0.1521565917284899,0.30700385638442285]",0.228970282,0.166572371,62.397911,"{""init"":""halton"",""mutation"":[0.5,1.0],""popsize"":15,""recombination"":0.7,""strategy"":""best1bin"",""updating"":""immediate""}"
scipy-p15-halton,scipy,2,1,1000,1000,0.010179281528108574,0.0013232259587862749,0.00034150222745265511,0.20898241388170535,0.31012698414055545,0.049305769251150967,,,781,,0.00034150222745265511,0.049305769251150967,"[0.28110429929003117,0.7506437531481509,0.3411356179057696,0.7256310339265011,0.4230913013061289]",0.225182706,0.164079648,61.103058,"{""init"":""halton"",""mutation"":[0.5,1.0],""popsize"":15,""recombination"":0.7,""strategy"":""best1bin"",""updating"":""immediate""}"
scipy-p15-halton,scipy,2,2,1000,1000,0.024122502708712135,0.0050630089860816069,0.0011627065019853187,0.38946001345399145,0.17797942469015196,0.27393135772884897,,,,,0.0011627065019853187,0.27393135772884897,"[0.07252735985179071,0.7520685070844215,0.048674900814754785,0.7030674203628384,0.4711485464623831]",0.229389937,0.166307023,63.082914,"{""init"":""halton"",""mutation"":[0.5,1.0],""popsize"":15,""recombination"":0.7,""strategy"":""best1bin"",""updating"":""immediate""}"
scipy-p15-halton,scipy,2,3,1000,1000,0.016038401157161618,0.012561799453808855,0.0010205774400852755,0.61482200553491262,0.31042937436732548,0.10885377860937567,,,,,0.0010205774400852755,0.10885377860937567,"[0.3115434537554477,0.7509871936211189,0.3873937303694287,0.6859151750056091,0.3929504950022997]",0.228368456,0.166089011,62.279445,"{""init"":""halton"",""mutation"":[0.5,1.0],""popsize"":15,""recombination"":0.7,""strategy"":""best1bin"",""updating"":""immediate""}"
scipy-p15-halton,scipy,3,1,1000,1000,0.0083773347659514847,0.005825368015499318,0.00090057730662658616,0.34597586293622123,0.52564208558031245,0.039303573834667337,,,884,,0.00090057730662658616,0.039303573834667337,"[0.4436085603125553,0.3843372836645479,0.6318010662269486,0.33683158962080123,0.31835622752889536]",0.227592119,0.164897485,62.694634,"{""init"":""halton"",""mutation"":[0.5,1.0],""popsize"":15,""recombination"":0.7,""strategy"":""best1bin"",""updating"":""immediate""}"
scipy-p15-halton,scipy,3,2,1000,1000,0.0082386459343727122,0.00056593588063351863,0.0004689837798239074,0.18597434332710566,0.054297785125246904,0.073422292370264847,,,,,0.0004689837798239074,0.073422292370264847,"[0.3885285398754548,0.3746255275967052,0.5726484078641875,0.37097943686179147,0.35529547335617007]",0.2310129,0.167157214,63.855686,"{""init"":""halton"",""mutation"":[0.5,1.0],""popsize"":15,""recombination"":0.7,""strategy"":""best1bin"",""updating"":""immediate""}"
scipy-p15-halton,scipy,3,3,1000,1000,0.0065833577782840264,0.0032598206018298439,0.001573362459522014,0.64242554179308775,0.69266867478708627,0.061274450791359257,,,,,0.001573362459522014,0.061274450791359257,"[0.43162967796516094,0.3685031301190707,0.5729736901374634,0.38758653861668735,0.30248758366784934]",0.228543528,0.165167743,63.375785,"{""init"":""halton"",""mutation"":[0.5,1.0],""popsize"":15,""recombination"":0.7,""strategy"":""best1bin"",""updating"":""immediate""}"
scipy-p15-halton,scipy,4,1,1000,1000,0.0057881034980158119,0.0057881034980158119,0.0013634260623307485,0.41520156997287261,0.41520156997287261,0.086923258412954091,,,,,0.0013634260623307485,0.086923258412954091,"[0.43208305038318184,0.5337258992917303,0.432623283052651,0.628439827378957,0.854700514890826]",0.25050348,0.182504829,67.998651,"{""init"":""halton"",""mutation"":[0.5,1.0],""popsize"":15,""recombination"":0.7,""strategy"":""best1bin"",""updating"":""immediate""}"
scipy-p15-halton,scipy,4,2,1000,1000,0.028763997520997918,0.0035830957133020772,0.002063711773816593,0.45604446855909075,0.17561068297506152,0.076919320397432558,,,,,0.002063711773816593,0.076919320397432558,"[0.48156474192988585,0.578008061237889,0.4768464967991432,0.6762244157567975,0.7889516739024798]",0.228839537,0.166718245,62.121292,"{""init"":""halton"",""mutation"":[0.5,1.0],""popsize"":15,""recombination"":0.7,""strategy"":""best1bin"",""updating"":""immediate""}"
scipy-p15-halton,scipy,4,3,1000,1000,0.025916761286527357,0.0052324608793024334,0.0013599993035651461,0.37329424192118771,0.19284789182734155,0.15774046040637504,,,,,0.0013599993035651461,0.15774046040637504,"[0.5010991053298756,0.47776576938078474,0.4706525988891537,0.677969649932488,0.9903145352421366]",0.245750392,0.17809886,67.651532,"{""init"":""halton"",""mutation"":[0.5,1.0],""popsize"":15,""recombination"":0.7,""strategy"":""best1bin"",""updating"":""immediate""}"
scipy-p15-halton,scipy,5,1,1000,1000,0.028554828695029514,0.025323433310261562,0.0036928358604539336,0.29446452862616085,0.31324590179048128,0.055118965258370567,,,,,0.0036928358604539336,0.055118965258370567,"[0.6467693303774398,0.4506194159473474,0.2067636482887839,0.5646198788309086,0.6505436369355321]",0.285352154,0.208477178,76.874976,"{""init"":""halton"",""mutation"":[0.5,1.0],""popsize"":15,""recombination"":0.7,""strategy"":""best1bin"",""updating"":""immediate""}"
scipy-p15-halton,scipy,5,2,1000,1000,0.0032959461892329827,0.0032959461892329827,0.00027991887851651673,0.071902463633123803,0.071902463633123803,0.031281895230913084,,,920,,0.00027991887851651673,0.031281895230913084,"[0.6825774356037857,0.4349617388862566,0.16595688545371917,0.5921317128714388,0.7037195663450987]",0.308565944,0.224968479,83.597465,"{""init"":""halton"",""mutation"":[0.5,1.0],""popsize"":15,""recombination"":0.7,""strategy"":""best1bin"",""updating"":""immediate""}"
scipy-p15-halton,scipy,5,3,1000,1000,0.012626852076716386,0.0033572340050794882,0.00011996026638044427,0.25404956603854079,0.12859243176899218,0.032282670737762399,,,963,,0.00011996026638044427,0.032282670737762399,"[0.6865483872330849,0.44472378641144694,0.18449667482657972,0.5793741318098407,0.6890256207994483]",0.253705988,0.184855427,68.850561,"{""init"":""halton"",""mutation"":[0.5,1.0],""popsize"":15,""recombination"":0.7,""strategy"":""best1bin"",""updating"":""immediate""}"
scipy-p15-halton,scipy,6,1,1000,1000,0.032991530268732541,0.0046434362047129887,0.00026290207184271447,0.55758077858522004,0.28469905384250249,0.029483588037870954,,,729,,0.00026290207184271447,0.029483588037870954,"[0.4056224383709233,0.6528503343284451,0.7597424441009155,0.42655099587079387,0.1764367025102357]",0.224014074,0.162488598,61.525476,"{""init"":""halton"",""mutation"":[0.5,1.0],""popsize"":15,""recombination"":0.7,""strategy"":""best1bin"",""updating"":""immediate""}"
scipy-p15-halton,scipy,6,2,1000,1000,0.013889550172755904,0.0042012551341865881,0.00047667782577629408,0.51362433130049212,0.1884061429037325,0.037723767968612612,,,786,,0.00047667782577629408,0.037723767968612612,"[0.38107614536990897,0.6483741985803777,0.7588180558310902,0.4805193976668087,0.16269204620609767]",0.226362713,0.164489251,61.873462,"{""init"":""halton"",""mutation"":[0.5,1.0],""popsize"":15,""recombination"":0.7,""strategy"":""best1bin"",""updating"":""immediate""}"
scipy-p15-halton,scipy,6,3,1000,1000,0.0075573847241419403,0.0023262573533283609,0.00056805785107013165,0.54510773315436067,0.44100927962129932,0.037702402789985462,,,998,,0.00056805785107013165,0.037702402789985462,"[0.40015365412160064,0.6425291509621162,0.7457372159640775,0.46914769005571055,0.13722608348763565]",0.221490897,0.160966563,60.524334,"{""init"":""halton"",""mutation"":[0.5,1.0],""popsize"":15,""recombination"":0.7,""strategy"":""best1bin"",""updating"":""immediate""}"
scipy-p15-halton,scipy,7,1,1000,1000,0.012612813379902095,0.0098277832245911769,0.0002625805216922172,0.21873247722246753,0.19313332072276698,0.02888611398660651,,,826,,0.0002625805216922172,0.02888611398660651,"[0.23998217895598145,0.32648365943806945,0.37503669826695996,0.8270569354073002,0.3857580268691094]",0.223558945,0.162547818,61.011127,"{""init"":""halton"",""mutation"":[0.5,1.0],""popsize"":15,""recombination"":0.7,""strategy"":""best1bin"",""updating"":""immediate""}"
scipy-p15-halton,scipy,7,2,1000,1000,0.0048380163982165679,0.0030373935662869641,7.6287664607530342e-05,0.15182062076073846,0.2707767534303277,0.16139168293567982,850,,,,7.6287664607530342e-05,0.16139168293567982,"[0.32994430711952305,0.3165583974623331,0.47169873362532,0.7839435599010371,0.3430976031541124]",0.221003623,0.161389972,59.613651,"{""init"":""halton"",""mutation"":[0.5,1.0],""popsize"":15,""recombination"":0.7,""strategy"":""best1bin"",""updating"":""immediate""}"
scipy-p15-halton,scipy,7,3,1000,1000,0.0083205075622680216,0.0025657110791969763,0.001463436226892144,0.44853001959751881,0.5245742516372307,0.21118985840921095,,,,,0.001463436226892144,0.21118985840921095,"[0.36381009754121885,0.30015274652623714,0.5240476100131402,0.799117928268105,0.3292890195338518]",0.244614107,0.177916641,66.697466,"{""init"":""halton"",""mutation"":[0.5,1.0],""popsize"":15,""recombination"":0.7,""strategy"":""best1bin"",""updating"":""immediate""}"
scipy-p15-halton,scipy,8,1,1000,1000,0.011061297422746245,0.0045106348038745818,1.2960805506012834e-05,0.18112976121704605,0.1257108368892477,0.026166266829877161,989,,931,,1.2960805506012834e-05,0.026166266829877161,"[0.8405591709270317,0.7664473074763118,0.5504411467839738,0.1740751924069639,0.5581213544259359]",0.241353399,0.175203714,66.149685,"{""init"":""halton"",""mutation"":[0.5,1.0],""popsize"":15,""recombination"":0.7,""strategy"":""best1bin"",""updating"":""immediate""}"
scipy-p15-halton,scipy,8,2,1000,1000,0.047128678944609363,0.0068073241236616287,0.001477342922893347,0.57847444258034564,0.34883569245120954,0.13905968317143211,,,,,0.001477342922893347,0.13905968317143211,"[0.9277126970445558,0.7563376178886612,0.5770194790705943,0.19148225154817355,0.6962935361805486]",0.233397734,0.169904588,63.493146,"{""init"":""halton"",""mutation"":[0.5,1.0],""popsize"":15,""recombination"":0.7,""strategy"":""best1bin"",""updating"":""immediate""}"
scipy-p15-halton,scipy,8,3,1000,1000,0.020527516364640688,0.0078130309087953518,0.0044190159920724859,0.30285678833424357,0.27513175957901814,0.14551919192466548,,,,,0.0044190159920724859,0.14551919192466548,"[0.9703658077954932,0.7837151418633623,0.6157256051062883,0.17072520000130187,0.572429941708829]",0.230406515,0.168879858,61.526657,"{""init"":""halton"",""mutation"":[0.5,1.0],""popsize"":15,""recombination"":0.7,""strategy"":""best1bin"",""updating"":""immediate""}"
