Colony Number,aug_log_adults,slope_3pt,slope_recent,Region,Apiary,Patties,Fumagillin,ColonyGroup
1,10.132732452708314,0.2170933028682109,0.1862628510957154,Southern Alberta,SAB1,Yes,Yes,1
2,9.61059191303146,0.015943161026027476,0.061847469296967904,Southern Alberta,SAB1,Yes,No,2
3,9.917439766154132,0.23526871425812532,0.24371832739029367,Southern Alberta,SAB1,No,Yes,3
4,9.970865787866076,0.13541090966183925,0.14097312849016433,Southern Alberta,SAB1,No,No,4
5,9.536762272743895,0.11070713026893486,0.01188093215193848,Southern Alberta,SAB1,Yes,Yes,5
6,9.325809621782296,0.0724284631811705,-0.11370563018421288,Southern Alberta,SAB1,Yes,No,6
8,9.864122829013851,0.27501572433340266,0.34480399606385,Southern Alberta,SAB1,No,No,8
9,9.90448705286921,0.3215849649370889,0.2102612900948851,Southern Alberta,SAB1,Yes,Yes,9
10,9.95655427347282,0.4998249555943503,0.4031970371247641,Southern Alberta,SAB1,Yes,No,10
11,10.21723933772096,0.18973922089781192,0.2775065622308248,Southern Alberta,SAB1,No,Yes,11
12,9.599405058716567,0.1536430657416831,0.1407774218732435,Southern Alberta,SAB1,No,No,12
13,9.57129614009839,0.1596937127231119,0.03522431478834687,Southern Alberta,SAB1,Yes,Yes,13
14,9.749695141856147,0.11764622206150338,0.09166449085104476,Southern Alberta,SAB1,Yes,No,14
15,9.37864751738456,0.20475138091561754,-0.06449967969085321,Southern Alberta,SAB1,No,Yes,15
16,9.44549154241467,0.3294949685619952,0.06703474574996696,Southern Alberta,SAB1,No,No,16
17,9.683651026979414,0.14115967963651865,0.10592489343727822,Southern Alberta,SAB1,Yes,Yes,17
18,9.941986851686737,0.44435645408673213,0.180051983780232,Southern Alberta,SAB1,Yes,No,18
19,9.355565624128962,0.03668768907319427,-0.3192844026636053,Southern Alberta,SAB1,No,Yes,19
20,10.14305548226448,0.4796081173122936,0.40128273656815944,Southern Alberta,SAB1,No,No,20
21,10.025882160749735,0.36621691091564723,0.2600223775262224,Southern Alberta,SAB1,Yes,Yes,21
22,9.961095865156441,0.17945273548110544,0.18935195057418935,Southern Alberta,SAB1,Yes,No,22
23,9.827254246536539,0.07047831598848829,0.10008278390756845,Southern Alberta,SAB1,No,Yes,23
24,9.894446807883979,0.4186375308382355,0.33013976197110473,Southern Alberta,SAB1,No,No,24
25,9.600014794178023,0.08060954562069444,0.09999211547349253,Southern Alberta,SAB1,Yes,Yes,25
26,9.765776006660642,0.19394902793886276,0.006463596130040296,Southern Alberta,SAB1,Yes,No,26
27,9.845381631129095,0.1495687007637564,0.17073152475424339,Southern Alberta,SAB1,No,Yes,27
28,9.752199438322346,0.2990281181125538,0.1857340454850658,Southern Alberta,SAB1,No,No,28
29,9.757247170313121,0.1503910884011955,0.3916446696483563,Southern Alberta,SAB1,Yes,Yes,29
30,9.557893841465354,0.16203434739449213,0.19336216425438574,Southern Alberta,SAB1,Yes,No,30
31,9.98460660382092,0.2862805184651274,0.2369102152620295,Southern Alberta,SAB1,No,Yes,31
32,9.74460904746864,0.37544558711173137,0.30485741841168845,Southern Alberta,SAB1,No,No,32
33,10.106101812597846,0.32555795602099463,0.16184097780131776,Southern Alberta,SAB1,Yes,Yes,33
34,9.914872497402692,0.15023445378147043,0.2437603495136956,Southern Alberta,SAB1,Yes,No,34
35,9.667765219015058,0.07311089766375875,0.04747699462623307,Southern Alberta,SAB1,No,Yes,35
36,9.229063985974285,-0.06041600717796696,-0.12505441199176703,Southern Alberta,SAB1,No,No,36
37,9.565844630930576,0.27456932555508246,0.48671878474804997,Southern Alberta,SAB1,Yes,Yes,37
39,9.708749225727084,0.28263358739821987,0.18317038767400126,Southern Alberta,SAB1,No,Yes,39
40,9.994607145903611,0.25467700527316567,0.02818944333046826,Southern Alberta,SAB1,No,No,40
41,9.960245886354738,0.7093565490384833,0.7028702317136231,Southern Alberta,SAB2,Yes,Yes,41
43,9.275753510524416,0.07440427013008137,0.007478494799634409,Southern Alberta,SAB2,No,Yes,43
44,10.262908722142885,0.4612650671437597,0.22863769284514865,Southern Alberta,SAB2,No,No,44
45,9.503606822721864,0.16003686869615844,-0.014038362961878992,Southern Alberta,SAB2,Yes,Yes,45
46,10.264722085730877,0.3768383960380553,0.15937973695403823,Southern Alberta,SAB2,Yes,No,46
47,9.909668411611209,0.4287020140035754,0.28801845569841394,Southern Alberta,SAB2,No,Yes,47
48,9.79333780903514,0.034978730719390616,0.08041700002221518,Southern Alberta,SAB2,No,No,48
49,9.592946185938265,0.19511318544606032,-0.19346754608622563,Southern Alberta,SAB2,Yes,Yes,49
50,9.87225485010503,0.38872415591267157,0.19541638227123784,Southern Alberta,SAB2,Yes,No,50
51,9.91095956737483,0.3335064120271092,0.5177192793398198,Southern Alberta,SAB2,No,Yes,51
52,9.64101828255575,0.11572462999095026,0.06844417365385562,Southern Alberta,SAB2,No,No,52
53,9.4898642567265,0.3552985246307703,0.15599554800964263,Southern Alberta,SAB2,Yes,Yes,53
54,9.598252320836758,0.3926071198304815,0.4695465876920072,Southern Alberta,SAB2,Yes,No,54
55,9.366061246972958,0.4012297617991136,0.17650671489120123,Southern Alberta,SAB2,No,Yes,55
56,9.669409436169138,0.06539246869295705,0.01250005342850548,Southern Alberta,SAB2,No,No,56
57,9.346530726426447,-0.0734614026969467,-0.03466477924104959,Southern Alberta,SAB2,Yes,Yes,57
58,9.772239265926174,0.07680999735274933,0.10311190563701413,Southern Alberta,SAB2,Yes,No,58
59,9.968853855967382,0.1720417632732087,0.03587549185619337,Southern Alberta,SAB2,No,Yes,59
60,9.31721973360328,-0.11877818301655173,-0.1064025378721529,Southern Alberta,SAB2,No,No,60
61,9.954465797300758,0.2270477731399495,0.21708619365456602,Southern Alberta,SAB2,Yes,Yes,61
62,8.972463821059907,-0.11459654913089419,-0.26901538155088905,Southern Alberta,SAB2,Yes,No,62
63,9.652265977087122,0.2791111915771149,0.1438267643681693,Southern Alberta,SAB2,No,Yes,63
64,10.07651606241849,0.2227922713078855,0.14036982399317388,Southern Alberta,SAB2,No,No,64
65,9.666688690398917,0.1423148265707616,0.13044511960390517,Southern Alberta,SAB2,Yes,Yes,65
66,9.448884719866415,0.14487282942948443,-0.014858206232739273,Southern Alberta,SAB2,Yes,No,66
67,9.674891664210184,0.36408864923757306,0.5435558731892653,Southern Alberta,SAB2,No,Yes,67
68,9.544882175080447,0.6028306236768934,0.2623891544869052,Southern Alberta,SAB2,No,No,68
69,9.559728833863941,0.27144989702112116,0.05496777429008004,Southern Alberta,SAB2,Yes,Yes,69
70,9.888272386729648,0.2071444536936596,0.20193156870107792,Southern Alberta,SAB2,Yes,No,70
71,9.078179468373843,0.11454368232529567,-0.05121463301278764,Southern Alberta,SAB2,No,Yes,71
72,9.331229689251636,0.15647469092649974,0.3264987493428343,Southern Alberta,SAB2,No,No,72
73,9.800623917076889,0.19122388914380126,0.38488815204868637,Southern Alberta,SAB2,Yes,Yes,73
74,9.745604917619191,0.1005715960791989,0.422538453624135,Southern Alberta,SAB2,Yes,No,74
75,10.25439087265161,0.3364890920578384,0.2338768643960219,Southern Alberta,SAB2,No,Yes,75
76,10.170380010780352,0.607691584401329,0.6214044985709851,Southern Alberta,SAB2,No,No,76
77,9.812139513076822,0.14378328530159035,0.07440164429828533,Southern Alberta,SAB2,Yes,Yes,77
78,10.02548392184538,0.21612464982469537,0.384894997826216,Southern Alberta,SAB2,Yes,No,78
79,10.002518075999083,0.26823488577204246,0.28424087482201993,Southern Alberta,SAB2,No,Yes,79
80,9.465215121451847,0.030084060790658545,-0.08808616897527971,Southern Alberta,SAB2,No,No,80
81,9.263407092912875,0.03997745851877797,-0.07726368577879482,Southern Alberta,SAB3,Yes,Yes,81
82,9.244258590179644,0.08599180213276242,-0.15196200246116975,Southern Alberta,SAB3,Yes,No,82
83,9.005036738790304,0.22062416528061407,0.46199547473973684,Southern Alberta,SAB3,No,Yes,83
84,9.32500744695431,0.16563064151637993,0.01901050559125959,Southern Alberta,SAB3,No,No,84
85,9.588776807696428,0.10926554817290642,0.16854478018247734,Southern Alberta,SAB3,Yes,Yes,85
86,9.582800078470363,0.12620995159416426,0.2373157889382365,Southern Alberta,SAB3,Yes,No,86
87,9.931491748945726,0.4822065991387373,0.6496417980552646,Southern Alberta,SAB3,No,Yes,87
88,8.643473357326567,-0.1782288000888623,-0.4032227468024071,Southern Alberta,SAB3,No,No,88
89,9.647756241316175,0.1253514641595797,0.18166616815492967,Southern Alberta,SAB3,Yes,Yes,89
90,9.348013177101256,0.2138003133287238,0.22042069950421192,Southern Alberta,SAB3,Yes,No,90
91,9.200492035921368,0.10916512984190431,-0.08552501846957661,Southern Alberta,SAB3,No,Yes,91
92,9.078179468373843,0.03061745294620666,-0.1093443229901376,Southern Alberta,SAB3,No,No,92
93,9.393245092030718,0.10289735009519325,0.3090196030441215,Southern Alberta,SAB3,Yes,Yes,93
94,9.395408154438163,0.11183354030474796,0.03852733099785256,Southern Alberta,SAB3,Yes,No,94
95,9.873131432521228,0.339473881113084,0.7049724604761599,Southern Alberta,SAB3,No,Yes,95
96,9.931929226167432,0.13716224964883478,0.12125570485300782,Southern Alberta,SAB3,No,No,96
97,9.539284342176604,0.09996640900400974,-0.001655282047425504,Southern Alberta,SAB3,Yes,Yes,97
98,9.475316606892326,0.036093477310254,-0.09296610387761893,Southern Alberta,SAB3,Yes,No,98
99,9.014690384970896,-0.04327998709324075,0.14423930618159117,Southern Alberta,SAB3,No,Yes,99
100,9.375006993531416,-0.02929229763709606,0.12101996304986937,Southern Alberta,SAB3,No,No,100
101,9.44683440765853,0.07295246298919877,-0.09884800915782842,Southern Alberta,SAB3,Yes,Yes,101
102,9.414015640094995,-0.02353530299033077,0.21620929998954358,Southern Alberta,SAB3,Yes,No,102
103,9.486607541612665,0.07264476965369977,0.24274483232109534,Southern Alberta,SAB3,No,Yes,103
104,9.857757700829954,0.2951715417960347,0.5329550387739247,Southern Alberta,SAB3,No,No,104
105,9.25349564229011,0.11983939813755168,0.08862637769076397,Southern Alberta,SAB3,Yes,Yes,105
106,9.543664802306665,0.010818724682101192,0.20694822595787604,Southern Alberta,SAB3,Yes,No,106
107,9.839375607068884,0.2574516975561748,0.2058679071568432,Southern Alberta,SAB3,No,Yes,107
108,9.756784073343919,0.22095722091575454,0.2358661636817927,Southern Alberta,SAB3,No,No,108
109,9.634758073001034,0.026900575836857593,-0.012058498334414238,Southern Alberta,SAB3,Yes,Yes,109
111,9.905335843393745,0.21384786591371732,0.40809455630781105,Southern Alberta,SAB3,No,Yes,111
112,9.055089086704891,-0.04996140634305581,-0.13071133666375706,Southern Alberta,SAB3,No,No,112
113,9.497097016351463,0.21735909897804864,0.17320548197522267,Southern Alberta,SAB3,Yes,Yes,113
114,9.74460904746864,0.3928066701471677,0.19922933384367728,Southern Alberta,SAB3,Yes,No,114
115,9.107532151994501,-0.06656423756512164,0.045260184877945316,Southern Alberta,SAB3,No,Yes,115
116,9.558529412264617,0.0720193930084059,0.07741809223372625,Southern Alberta,SAB3,No,No,116
117,9.632465920977454,0.3801750314728745,0.20662349592199306,Southern Alberta,SAB3,Yes,Yes,117
118,9.256842205627603,0.035182684288516855,-0.14995717881229917,Southern Alberta,SAB3,Yes,No,118
119,8.691482576512929,0.21429668765585874,0.5882723482455205,Southern Alberta,SAB3,No,Yes,119
120,9.502935356288608,0.16719438949494422,0.16866460353200655,Southern Alberta,SAB3,No,No,120
201,10.027385189192366,0.7004223912318515,0.8075681368267971,Northern Alberta,NAB1,Yes,Yes,201
202,10.132016576126675,0.2918823549499962,0.2807061977799968,Northern Alberta,NAB1,Yes,No,202
203,9.515837804297965,0.26064677337732,-0.03181606736292666,Northern Alberta,NAB1,No,Yes,203
205,9.785041797329646,0.31272558405310547,0.24868241266110364,Northern Alberta,NAB1,Yes,Yes,205
206,9.454383987398135,0.1844159743357938,0.026383597989596552,Northern Alberta,NAB1,Yes,No,206
207,10.073610001873085,0.3446389209378448,0.30421297835306915,Northern Alberta,NAB1,No,Yes,207
208,9.861884002681053,0.5374937874396912,0.3699141196754062,Northern Alberta,NAB1,No,No,208
211,10.253439950714034,0.5305964103090914,0.3578083546847832,Northern Alberta,NAB1,No,Yes,211
212,9.783126195864945,0.5711237730898875,0.271102901220165,Northern Alberta,NAB1,No,No,212
213,10.114922828718177,0.6603227031220673,0.4921438015243841,Northern Alberta,NAB1,Yes,Yes,213
214,9.679843876180236,0.5034390849331757,0.3887064835862376,Northern Alberta,NAB1,Yes,No,214
215,10.324169626449153,0.7173227070970472,0.47124412694222567,Northern Alberta,NAB1,No,Yes,215
216,10.42978290070581,0.8071177311238285,0.8582753882602261,Northern Alberta,NAB1,No,No,216
217,9.429556219952413,0.5038548059159373,0.49783114226239117,Northern Alberta,NAB1,Yes,Yes,217
219,8.86177531100083,0.16009958999219132,-0.6341735147847081,Northern Alberta,NAB1,No,Yes,219
220,8.661812881026181,0.08888928280508762,-0.36106116957700213,Northern Alberta,NAB1,No,No,220
221,9.250137841850249,0.2567421706843717,-0.3880900297263482,Northern Alberta,NAB1,Yes,Yes,221
222,9.798182590890704,0.8320195663991653,0.12234302432752031,Northern Alberta,NAB1,Yes,No,222
223,9.75927070177572,0.5580954928785765,0.21065975289580072,Northern Alberta,NAB1,No,Yes,223
224,9.28785681440401,0.4659117714930691,0.05343872649636082,Northern Alberta,NAB1,No,No,224
225,10.459152689774811,0.7894624614420565,0.3734126529429875,Northern Alberta,NAB1,Yes,Yes,225
227,9.763305521936266,0.4820213380616579,-0.004963191105504805,Northern Alberta,NAB1,No,Yes,227
228,10.208948146339551,0.5529622327702473,0.2199320910710482,Northern Alberta,NAB1,No,No,228
229,10.541280572963995,0.8832864052585306,1.0046283603708694,Northern Alberta,NAB1,Yes,Yes,229
230,10.214385538037911,0.7053263941466498,0.6117260438360331,Northern Alberta,NAB1,Yes,No,230
231,10.237062739615967,0.7121320666014772,0.6411042881586996,Northern Alberta,NAB1,No,Yes,231
232,10.150894355986017,0.8304500943808925,0.819817944636038,Northern Alberta,NAB1,No,No,232
233,10.146472946063877,0.6643784839569513,0.8426912918432509,Northern Alberta,NAB1,Yes,Yes,233
234,10.539429259325294,0.7970555839904233,0.5934373502401661,Northern Alberta,NAB1,Yes,No,234
235,10.42385748414504,0.6772148139733023,0.575810769472223,Northern Alberta,NAB1,No,Yes,235
236,10.65254236503437,0.745023519822842,0.3762218752210078,Northern Alberta,NAB1,No,No,236
237,10.10467175249591,0.7040391532621325,0.33214612265962745,Northern Alberta,NAB1,Yes,Yes,237
238,10.376455533745878,0.7595056747638818,0.5832468778357273,Northern Alberta,NAB1,Yes,No,238
239,10.318704952086971,0.7186015274427207,0.6691305827008461,Northern Alberta,NAB1,No,Yes,239
240,9.551729074377214,0.533750874199372,0.3139068770871795,Northern Alberta,NAB1,No,No,240
241,10.30541307034576,0.7626322080904503,0.756687516240353,Northern Alberta,NAB2,Yes,Yes,241
243,10.53643345915528,0.7204545293400804,0.6539276754370318,Northern Alberta,NAB2,No,Yes,243
244,10.161380296177157,0.7235524968750073,0.49519829002211163,Northern Alberta,NAB2,No,No,244
245,9.691716587516886,0.4953676776021896,0.2797899024933464,Northern Alberta,NAB2,Yes,Yes,245
246,9.773264965486154,0.3106611827531084,0.20353969692738516,Northern Alberta,NAB2,Yes,No,246
247,10.459410817205152,0.6765678483428683,0.7537594559357459,Northern Alberta,NAB2,No,Yes,247
248,9.779170718028748,0.48388479477824553,0.37313253668569263,Northern Alberta,NAB2,No,No,248
249,9.96434744079289,0.5919571410485348,0.31404963584306383,Northern Alberta,NAB2,Yes,Yes,249
250,10.42978290070581,0.5957107019211109,0.39123697592352397,Northern Alberta,NAB2,Yes,No,250
251,10.204443634218446,0.5716833318932812,0.3215665806648666,Northern Alberta,NAB2,No,Yes,251
252,10.440507100384593,0.738254585783998,0.6349890926274969,Northern Alberta,NAB2,No,No,252
253,8.657302899400882,0.10055552775693799,-0.4993069868209391,Northern Alberta,NAB2,Yes,Yes,253
254,10.0848920222676,0.5546017377466004,0.4646606606650374,Northern Alberta,NAB2,Yes,No,254
255,10.299306283592488,0.6998944023126874,0.3471763774495794,Northern Alberta,NAB2,No,Yes,255
256,9.717699996098998,0.6396248428034039,0.3210496612851907,Northern Alberta,NAB2,No,No,256
257,10.54586761604242,0.7827754863748748,0.5783298314807528,Northern Alberta,NAB2,Yes,Yes,257
258,10.219793524324475,0.619592436363203,0.647642303746496,Northern Alberta,NAB2,Yes,No,258
259,10.168080101762877,0.7485814318694869,0.41734082460884575,Northern Alberta,NAB2,No,Yes,259
260,10.145766842158814,0.7113420865974763,0.6487427274009209,Northern Alberta,NAB2,No,No,260
262,10.46487320191382,0.7129816441151151,0.3390629572228418,Northern Alberta,NAB2,Yes,No,262
263,10.375645110411204,0.8030789400655648,0.3264580709354388,Northern Alberta,NAB2,No,Yes,263
264,10.18100564631367,0.7185773346623555,0.5346113100032558,Northern Alberta,NAB2,No,No,264
265,9.960670966063581,0.35496815380462854,0.35443585236436687,Northern Alberta,NAB2,Yes,Yes,265
266,10.787957325420447,0.9913334695799634,0.7899422658041604,Northern Alberta,NAB2,Yes,No,266
268,10.504766124286546,0.7181946401308518,0.9423597252798495,Northern Alberta,NAB2,No,No,268
269,9.805929848941323,0.534465053710352,0.0043040322503440365,Northern Alberta,NAB2,Yes,Yes,269
270,9.833815879286808,0.5300961553768389,-0.013301011968414045,Northern Alberta,NAB2,Yes,No,270
271,10.179033782643387,0.6870476551724582,0.8215847721611307,Northern Alberta,NAB2,No,Yes,271
272,10.16504379833675,0.5942082938687502,0.4908848882792307,Northern Alberta,NAB2,No,No,272
273,9.874933745118067,0.5722445789940129,0.340633384196094,Northern Alberta,NAB2,Yes,Yes,273
275,10.393661388571246,0.7416243002301521,0.44750067183734643,Northern Alberta,NAB2,No,Yes,275
276,10.102174463416347,0.6712113807666374,0.5203457079057215,Northern Alberta,NAB2,No,No,276
278,10.807179248833767,0.894484014348196,0.8369165984055026,Northern Alberta,NAB2,Yes,No,278
279,9.887358170606245,0.6036251050353361,0.3567944295246652,Northern Alberta,NAB2,No,Yes,279
280,10.078700570092789,0.5888666130880889,0.1774610379539274,Northern Alberta,NAB2,No,No,280
281,10.293703649881554,0.5895885633610402,0.43861130354361577,Northern Alberta,NAB3,Yes,Yes,281
282,10.77874793485229,0.7359436658280738,0.6230448138668611,Northern Alberta,NAB3,Yes,No,282
283,10.437463136200819,0.7455464674241673,0.7753665366933187,Northern Alberta,NAB3,No,Yes,283
284,9.716133353214099,0.3970344001178068,-0.11205599612719434,Northern Alberta,NAB3,No,No,284
285,10.506655319476549,0.7267325690082805,0.5616169259959126,Northern Alberta,NAB3,Yes,Yes,285
287,11.00867815656436,0.9970984218364197,1.069211950645793,Northern Alberta,NAB3,No,Yes,287
288,10.209574216664013,0.5989566995875804,0.6691874877076159,Northern Alberta,NAB3,No,No,288
289,10.030472564290617,0.4943445271243302,0.7713391060158395,Northern Alberta,NAB3,Yes,Yes,289
290,10.01851122910491,0.5857797060900364,0.6311004003729368,Northern Alberta,NAB3,Yes,No,290
291,9.911406117780423,0.48924250631794347,0.5838371945357816,Northern Alberta,NAB3,No,Yes,291
292,9.885170820750231,0.42005766120445454,0.18833404223163658,Northern Alberta,NAB3,No,No,292
293,9.565844630930576,0.36538090934988043,-0.11687642808870949,Northern Alberta,NAB3,Yes,Yes,293
294,9.709295823171686,0.2816577053997335,-0.058169201590502574,Northern Alberta,NAB3,Yes,No,294
295,9.558529412264617,0.15173957379777195,-0.25534734180535423,Northern Alberta,NAB3,No,Yes,295
296,9.854559878912704,0.3950440307376711,0.11740766847353651,Northern Alberta,NAB3,No,No,296
297,10.29312811029732,0.5507034917077558,0.9998988107468973,Northern Alberta,NAB3,Yes,Yes,297
299,10.141007269794844,0.5031160349922765,0.37880866653104106,Northern Alberta,NAB3,No,Yes,299
300,9.869103125674297,0.45436471992843125,0.1617433214295162,Northern Alberta,NAB3,No,No,300
301,10.55338792609279,0.7622164024547116,0.862587828415685,Northern Alberta,NAB3,Yes,Yes,301
302,10.463389013948712,0.6550051541924193,0.4064662359260514,Northern Alberta,NAB3,Yes,No,302
303,10.476216979616934,0.7062706318697207,0.7717637911029139,Northern Alberta,NAB3,No,Yes,303
304,10.270766079259051,0.4686761828739357,0.31517560517925425,Northern Alberta,NAB3,No,No,304
306,10.059165636715807,0.6606649884507517,0.343615283154119,Northern Alberta,NAB3,Yes,No,306
307,10.097531796025063,0.6444554714302134,0.4610893281081157,Northern Alberta,NAB3,No,Yes,307
308,10.128549263006242,0.8019141644835349,0.9400735453429407,Northern Alberta,NAB3,No,No,308
309,9.468619380058648,0.35689058280005054,-0.019064431238866832,Northern Alberta,NAB3,Yes,Yes,309
310,10.11350533663141,0.5048735951991002,0.26343258972539885,Northern Alberta,NAB3,Yes,No,310
312,9.773264965486154,0.6099838551156836,0.6379412121647141,Northern Alberta,NAB3,No,No,312
313,10.419688702238957,0.6483091559306731,0.5718682407035381,Northern Alberta,NAB3,Yes,Yes,313
314,9.44200749423127,0.3805328231569518,0.13271842630379282,Northern Alberta,NAB3,Yes,No,314
315,9.617537312929105,0.5478250549516422,0.5268388698096496,Northern Alberta,NAB3,No,Yes,315
317,9.996977895623466,0.5655163532459841,0.15251817687939606,Northern Alberta,NAB3,Yes,Yes,317
318,9.688498165477787,0.570497482728529,0.25907113430446,Northern Alberta,NAB3,Yes,No,318
319,9.964770780953026,0.6099756136439474,0.1580148776283933,Northern Alberta,NAB3,No,Yes,319
320,10.13444053074182,0.6546374844937912,0.1849305377394867,Northern Alberta,NAB3,No,No,320
321,9.75423319944637,0.5474895254876555,0.28514812996023664,Northern Alberta,NAB3,Yes,Yes,321
322,9.687940077843546,0.4817940505315359,0.18048812158316588,Northern Alberta,NAB3,Yes,No,322
323,10.438986276507002,0.8064466689939193,1.040874729344606,Northern Alberta,NAB3,No,Yes,323
324,9.868637275100381,0.6621553075557816,0.4732675845538134,Northern Alberta,NAB3,No,No,324
