ID,log_sigma_mean,log_sigma_sd,log_sigma_q025,log_sigma_q975,mean_latency_effect,unpredictability_z,n_obs
011016A271,-0.14069765668039344,0.18785944625393666,-0.49290730632367874,0.2300523668498342,0.3348408031830678,-1.5650199573022496,13
011016A962,0.3405495296525944,0.1339793347018402,0.08991216416020499,0.6131563701386549,-0.22245215899884505,0.8464169667689203,19
011016B3CE,0.28673985564952714,0.20330459000126938,-0.09518555695407291,0.6987583716163198,0.31044530208125765,0.5767870583803331,4
011016B66E,-0.4627045458003688,0.2210906271161602,-0.8815080361554364,-0.0196754885505207,0.7253773440773843,-3.1785344344381614,16
011016B677,0.19168489919868859,0.1616951634725056,-0.11105851197463602,0.5220058543343166,-0.7774986059435888,0.10048498678146385,14
011016C021,0.3550984800603397,0.14071781527740937,0.09183804485575764,0.6466943849475321,-0.8039404145302915,0.9193189539723156,17
011016C36E,0.26511173224811363,0.15455842153056043,-0.02440693267914143,0.5814781358094055,-0.5215873866272843,0.46841269931977136,15
011016C37F,0.005422582008173768,0.16427443509532186,-0.3006418731153693,0.33266974765473406,0.0982204233818071,-0.8328395956618668,16
011016C68F,0.2442010573036081,0.15836841168817614,-0.048255129299450306,0.5797724054609897,0.10786652498965382,0.3636333362389029,14
011016DD7C,0.48406814132701637,0.16693723565874602,0.17985263800682527,0.8351054502789834,0.11582748029671229,1.5655610767225658,9
011016E03B,0.1884947310037207,0.1942320055973064,-0.17874305923721406,0.5744879506354601,0.23614342048953227,0.08449966863766042,7
011016E0DD,-0.233597834056414,0.191067702860717,-0.6007198386450247,0.1433692552001863,0.2722216143854894,-2.0305248461397496,16
011016E17D,0.09263558783274409,0.21592524085699638,-0.3301360175585687,0.529996369131029,0.1370063390456057,-0.395832027665231,5
011016F3FE,0.18646092309936665,0.15174770442478328,-0.09080536302589591,0.4929413461557985,-0.04703416768544755,0.07430864910277708,15
011016F8BB,0.10814885172858414,0.16716556625805026,-0.2056463603881827,0.45399639990247276,0.2820187662757357,-0.318098051376787,14
011016FB1C,0.17529645405493566,0.15531646697623097,-0.11939800478385085,0.5014286499365869,-0.4608187728157332,0.018365645889534106,16
011016FBE0,0.30844656857310404,0.15056696116875812,0.03375931265398416,0.6297708787932624,-0.7423103578075213,0.6855552143938369,17
011016FFC0,-0.08603209273193582,0.264546926035273,-0.6110429382527939,0.4104523251430796,0.13650388106170377,-1.2911013493100714,5
0110170AFD,0.41856643760198414,0.15023122559674745,0.14315991622939472,0.7341926730078275,-0.8036503779751762,1.2373446602159337,15
011017172F,0.11643041000832761,0.15555921420418728,-0.17972794687955368,0.4390270189170022,-0.6930705363429318,-0.27660075852653304,16
0110171BB9,0.20139766469374412,0.15609744412380186,-0.09131203755394757,0.516039217364424,-0.08998406365664172,0.14915378322283193,14
01101726F2,0.31882389272622735,0.14822066511175516,0.04691908154221897,0.6277335640844972,-0.24889645140882447,0.7375539862237094,15
0110172AD5,0.15525333953654977,0.17170141514725754,-0.16367909098177127,0.5171098366731991,0.18400224890594383,-0.0820665390574756,11
0110172DEC,0.10129772611532353,0.1522991144099268,-0.18755893635998705,0.4112584730108924,0.20464477527827737,-0.35242772175086995,17
01101740A4,0.2698360681699304,0.16085203186665728,-0.01963393132909796,0.6031802307474278,0.13675317683869181,0.49208543633958224,12
011017549A,0.3187257080269202,0.1506538096540106,0.03815703123441614,0.621577058815244,-1.074378242862762,0.737062001613696,16
0110175C91,0.19529885474598951,0.15943914184274752,-0.09714053343719568,0.5199884640303294,-0.5054645061938446,0.1185938216925178,14
0110175CF7,0.006720100132046299,0.15799116141953798,-0.29234962795291214,0.32902242482292104,0.223130468901321,-0.82633798234876,17
0110175DA5,0.15939375485145982,0.1481869904736483,-0.11790622362721029,0.4606636449089332,0.08151641488079453,-0.06131971568912989,17
0110175DDD,0.27467096981380884,0.2139377505129533,-0.12548364023840128,0.711171208314156,-0.06392336791147855,0.5163121968888557,3
0110175F26,0.3995001439734132,0.20529796870625255,0.020934330226504344,0.8261194305652565,0.5973117878115767,1.1418071365340685,3
01101760B3,0.3040167244226158,0.1436074261110658,0.03807057961985269,0.596323916160526,-0.15048124332322266,0.6633581188975182,17
011017611A,0.026300346815690625,0.23578891745191474,-0.4226816943875097,0.4957506505510974,0.2804259573510339,-0.7282251389363278,5
01101764FE,0.3372792148621462,0.1707443057767615,0.02580427513936828,0.6976888732598652,-0.5895248432230685,0.8300300494778003,10
01101765DB,0.44151592586738,0.12656470500455472,0.20583211761323322,0.7040483163963309,0.3800190753117057,1.3523401240095057,22
0110176BCA,0.188829770085683,0.1529397350589099,-0.09940629041384998,0.5002806444071579,0.31269784585525795,0.08617848492208809,15
01103F397C,-0.04062908051788402,0.17013018350674175,-0.36488515951306305,0.29839394597074487,-0.04762801054206411,-1.0635956033517724,14
01103F3AFB,0.06403945758261237,0.17959693617396458,-0.2703190695442682,0.42172155033282266,0.42967189993167937,-0.5391217264500929,11
01103F517D,0.22368292611921164,0.14601055611026834,-0.04285354434849603,0.5209305872838992,-0.2856846156729807,0.26082093430466186,18
01103F64E9,0.5248976843559894,0.1414608271215921,0.2711763666810325,0.8175900562875368,-0.39168126721191404,1.7701500498098652,16
01103F65D7,-0.09075906107927227,0.21614217311543263,-0.5022851358562939,0.33411841804487574,0.8095810305370251,-1.3147872769069457,9
01103F6EC3,0.2851575734025621,0.17198440966134892,-0.03457527775746366,0.6381502206372968,-0.6907944111737846,0.5688585469147227,11
01103F75F3,0.19893976801394517,0.26406823983978694,-0.3181155717116118,0.710641765444377,-0.3494566298208734,0.13683773654756257,1
01103F762C,0.01859386012081818,0.16855627493797576,-0.29868681631105276,0.36148019596408254,0.1396455630994115,-0.766840858879509,14
01103F7AAC,0.10518720664092703,0.1497751629252673,-0.18039841065345458,0.41377144345530403,0.01732433815328196,-0.33293828426165784,17
01103F8556,0.32317489067224614,0.16747408050773424,0.011991830706152501,0.6678334626127703,0.307910252874489,0.7593559985815078,10
01103F8710,-0.013976564332187738,0.22973864002549715,-0.4633452522579753,0.44177340692928274,0.8078102858691559,-0.9300449801484988,7
01103F8837,0.5524261515565322,0.12310589985935681,0.3293041345989072,0.8071670317873495,-0.3901825047652095,1.9080898947704106,23
01103F8A41,0.006235432653708053,0.16952024942339639,-0.3128227344490756,0.3466223705875249,-0.15685695139562528,-0.8287665576970482,14
01103F8EFA,0.40222046970265507,0.14301876401689068,0.145600312682694,0.6995899451552651,-0.7872069213822646,1.155438164611302,17
01103F8F8D,-0.07684627185270958,0.18591823772620164,-0.4331593009888387,0.29860635317016804,0.8069882987080995,-1.2450729708070056,13
0700ED97B7,-0.027688669665962354,0.1836248401039498,-0.37640837444953346,0.3461515800918747,0.30298974896874226,-0.9987536979294235,13
0700EDB1E3,-0.17503066562225833,0.18884539795565788,-0.5301246933388669,0.19865693646888813,0.2935314506812532,-1.7370560498303684,15
0700EDC092,0.5494972515435155,0.1362081039960351,0.2946649175222296,0.8418195998784289,0.2275304318610442,1.8934137411452463,19
0700EDC3AB,0.48201199141845846,0.1626324668558337,0.1826507376387652,0.8225787944137195,-0.2551341132847328,1.5552581057094716,10
0700EDC833,0.33139072448665985,0.14255143801028006,0.06704169799445928,0.6369493189450981,-0.2757618961907028,0.8005239587997756,17
0700EDCE8A,0.13834636019803684,0.15274738921222364,-0.1501522945053317,0.45315076144417843,0.9881948487650739,-0.1667841548882485,17
0700EDD67A,0.5086087753998259,0.1468574521763591,0.23502226024629247,0.8062946877563273,-1.026979507456633,1.6885294655753267,14
0700EDD953,0.27143589065576823,0.20157078599629272,-0.10527217349803318,0.682046974384341,1.03873156673567,0.5001018385625332,7
0700EDD987,-0.04604857265945215,0.17708497659241487,-0.37654174699959336,0.3028665967024008,-0.15550530165467702,-1.09075163424615,14
0700EDE465,0.19769547084624522,0.14811595482169124,-0.08099805851139295,0.503143114222949,0.8671861543601141,0.13060280319122983,18
0700EDF3CC,0.08760743071710926,0.23890897245619064,-0.37423270035841905,0.5673902402066037,0.1088809712412341,-0.42102715414703723,4
0700EDFB72,0.0688316051345229,0.16379520726572078,-0.22963350050732131,0.40367150761503223,0.10482364365773549,-0.515109198417818,15
0700EDFF45,0.13104739791321315,0.22777841998858592,-0.3048894350889777,0.5937898244476463,-0.09650575029341905,-0.20335784853442415,4
0700EE045D,0.3517229646543537,0.1580401675506077,0.06921206752048183,0.6782797046945481,-0.768863130759535,0.902404896666776,14
0700EE0C37,0.103193843892904,0.20421410998810208,-0.2907203611529041,0.5270262976185177,0.31234609554292836,-0.3429266409111338,7
0700EE12FE,0.2315394690892573,0.24294144149782268,-0.2377466532759746,0.7098176169911223,0.5195136826820443,0.30018855732991295,2
0700EE1699,0.09101962758271864,0.15879258945495842,-0.2053878810221517,0.41086604269690413,-0.05166352370339858,-0.4039292931151039,16
0700EE194E,0.03668538117979743,0.22804189599281915,-0.4125286077395294,0.4886324411911114,-0.17678857956281746,-0.6761877327248195,6
0700EE1A91,0.010022900697594346,0.1722844158278253,-0.32287069452183165,0.36209303555750455,0.34948733536111704,-0.8097882850979695,13
0700EE2D57,-0.2301611806576068,0.22122733833540098,-0.6561894621116209,0.2052548531810984,0.8137078172770821,-2.0133044381322436,12
0700EE3271,-0.04172730147790265,0.15769373213292515,-0.3429862454795054,0.2811687609396598,0.19241523989129217,-1.0690985769773582,18
0700EE3D0C,0.19156539878898823,0.19509436886344755,-0.18702534416941693,0.5809853139854355,-0.391705111069223,0.09988619325377833,7
0700EE4009,0.03027540568978084,0.2638627461995039,-0.5029168746933069,0.5487497358548832,0.3698995858823127,-0.7083068848320734,3
1.10E+33,-0.023002442483203923,0.17479799599165638,-0.3497180825906602,0.335350652972719,-0.23188408845299918,-0.9752719164582472,14
1.10E+75,0.13125772112528247,0.15731071171943659,-0.15630474028179778,0.4495834716573216,-0.8744045379662262,-0.20230395944379312,17
110170143,0.23568177637863535,0.14087010396628777,-0.01930359212325419,0.5259184042562282,1.11744141913425,0.3209448610177725,21
110174792,0.5076370663175767,0.1350448245099282,0.2575890534844005,0.787084853003206,-0.30302800057090123,1.6836604185929518,17
110176382,0.38992413900904127,0.1722573400841923,0.06762740122090038,0.7516104399898129,-0.7104689934115762,1.0938236207609553,9
