year_id,bird_id,year,sex,age_cy,nest,MCP95Settle,MCP95Incu1,MCP99Settle,MCP99Incu1,Incu1,Settle,log_mcp95_incu1,contraction95,log_mcp99_incu1,contraction99
2017_1,1,2017,m,4.0,nest,0.2016069851737563,0.2323165825626933,0.9037431742671652,1.043448948053835,268.0,427.0,-1.459654257497403,-0.1417808372084255,0.042531522575815606,-0.14374158079160193
2017_10,10,2017,f,4.0,nest,0.1294196719750955,0.0901902160433192,2.032044903041875,0.9956593308364058,187.0,306.0,-2.405834327383072,0.3611394434502353,-0.004350117218487787,0.7133927446442457
2017_100,100,2017,m,4.0,nest,0.0599420078263308,0.052853126013952,1.2769195148992272,4.232999420963836,292.0,462.0,-2.9402384196175335,0.1258606992323421,1.44291082474781,-1.1984602763874896
2017_101,101,2017,m,4.0,nest,0.019439083453387,0.0390584848468012,0.3682234519376028,0.6639024808140289,300.0,458.0,-3.2426951446904466,-0.6977744838303903,-0.40962000653553843,-0.5894453122006716
2017_103,103,2017,f,4.0,nest,0.0868200820679833,0.0233168037287326,0.5230163117547408,0.1424765198466711,162.0,271.0,-3.758580988268717,1.3146636644234562,-1.9485780658558118,1.3004354392758328
2017_109,109,2017,f,4.0,nest,0.1619468640358627,0.0123055628923509,3.25103589484342,1.3737599822516606,138.0,398.0,-4.397703851175157,2.577216853843086,0.3175514931345244,0.8614221892962137
2017_11,11,2017,f,4.0,nest,0.234319444752391,0.152776700605661,3.265535261932779,0.5798323036429919,176.0,320.0,-1.8787778968236681,0.42770795074566736,-0.5450163488983002,1.7284400375263365
2017_110,110,2017,m,4.0,nest,0.1049900797855032,0.1377385357305339,0.6861365350082724,5.606114534377538,299.0,493.0,-1.982398059599208,-0.2714913519220581,1.723857883211299,-2.100536523647214
2017_111,111,2017,f,4.0,nest,0.8397192965284624,0.0597125579264264,1.0388021666877216,0.3907342288414429,241.0,465.0,-2.8182129301777454,2.6435253163860146,-0.9397276717453944,0.9777959583099004
2017_115,115,2017,m,4.0,nest,0.0200143730527062,0.0850442064552639,2.685255508496214,8.374432288809224,304.0,466.0,-2.4645840817401616,-1.4467205291598275,2.1251832890026887,-1.1374074041183204
2017_120,120,2017,m,4.0,nest,0.0539804734308835,0.0534960358820338,0.838906365442271,3.291500119278921,290.0,481.0,-2.928147723488315,0.00901482254448771,1.1913434241642629,-1.3669996054790108
2017_125,125,2017,m,4.0,nest,0.3231116394492215,0.2652873682063376,1.6727394424835538,4.26522341975855,292.0,476.0,-1.3269416322160996,0.19718424970902992,1.4504945640402174,-0.9360318968523369
2017_13,13,2017,f,15.0,nest,0.0630643918439573,0.0034280344796227,0.1070251662464768,0.0139063224154091,156.0,406.0,-5.675768220064194,2.912169238253656,-4.275411692228977,2.0407204186191037
2017_130,130,2017,m,4.0,nest,0.1311388439285039,0.1810696956476601,2.080469025769093,1.414087698586542,283.0,489.0,-1.7088732630055845,-0.32262537673198866,0.346484587182337,0.3861087742693464
2017_137,137,2017,f,3.0,nest,0.3117490129736452,0.0005682287528412,23.464465474427264,0.1441500831694344,278.0,466.0,-7.472986486443291,6.307429625933353,-1.9369002779333804,5.0923874472240405
2017_138,138,2017,f,3.0,nest,0.6111968181524743,0.000164180590229,10.166999315870026,0.0015945021755811,221.0,389.0,-8.714543576039043,8.222207328993301,-6.441193707086683,8.760340821090438
2017_186,186,2017,f,4.0,nest,0.5280548376553862,0.156750138999356,1.2714507866316862,0.4597281477370976,149.0,383.0,-1.8531022127112482,1.214547071238187,-0.7771199473786117,1.0172785475404111
2017_187,187,2017,m,4.0,nest,0.6370805384114856,0.6157660422116263,1.163117125023822,0.8895867505312113,293.0,479.0,-0.4848881891960166,0.03402899172092655,-0.11699824933412932,0.2681018271926024
2017_2,2,2017,f,4.0,nest,0.0023951234832839,0.0001035742560289,0.0046799728032179,0.0003204798533157,107.0,184.0,-9.175221752948161,3.140901262282216,-8.045691143748755,2.6812281634010615
2017_238,238,2017,m,3.0,nest,0.5699304914212023,0.3502289687527807,1.3252421894290225,0.5332110620796112,304.0,505.0,-1.0491681419553698,0.4869272714908641,-0.6288379443068733,0.9104331715167461
2017_27,27,2017,f,4.0,nest,0.4695810651179999,0.0462923057956029,1.5564760397251176,0.2991125162234241,186.0,249.0,-3.072779513220083,2.316865180639929,-1.2069354679381683,1.6493597850315247
2017_28,28,2017,f,4.0,nest,0.0400032914998323,0.0387937393050345,1.1126440697636817,1.1522637535171734,277.0,414.0,-3.2494964034901983,0.03070286273237466,0.14172848877390823,-0.03498926118899459
2017_61,61,2017,m,4.0,nest,0.3926664124221229,0.2348470391189463,3.9988102896560704,0.5656895771914913,300.0,498.0,-1.448820874129821,0.5140260232090365,-0.5697098014244856,1.9557066907180367
2017_62,62,2017,f,4.0,nest,0.9348805078595857,0.013852544611317,3.611941244682365,0.3785909857519667,268.0,432.0,-4.279286336775546,4.21194977983444,-0.9712988499146458,2.255544218637846
2017_63,63,2017,f,4.0,nest,0.5357208694223535,0.0246419319630618,1.244460596401966,0.4337190562624425,222.0,380.0,-3.7033057357987387,3.0791637162386216,-0.83535829029484,1.0540604704270196
2017_64,64,2017,m,4.0,nest,0.1381850399793311,0.033156605499495,1.648433783319558,1.335584876706723,285.0,493.0,-3.406513321280176,1.4273516987080814,0.2893693058027714,0.21045630908243196
2017_65,65,2017,f,4.0,nest,0.1408668540992104,0.0126678305773781,5.802151005767955,0.2469076068440098,248.0,409.0,-4.3686895244575314,2.408749392555396,-1.398741073692846,3.1569697855559524
2017_77,77,2017,m,4.0,nest,0.0396499300320673,0.0362286187920031,0.6673493666263752,1.2607564469817525,290.0,461.0,-3.317905898124991,0.09023980258324604,0.2317118955699932,-0.6361534777200425
2017_80,80,2017,m,4.0,nest,0.0674652934811315,0.0559553086327193,0.8776729610012101,1.040553970631085,283.0,406.0,-2.8832019669965154,0.1870599830119022,0.03975323540648496,-0.17023447191746022
2018_1,1,2018,m,5.0,nest,0.0243519301248743,0.0206348537767063,0.8503802404817694,5.972752193216644,240.0,405.0,-3.880773701981216,0.16562953529489688,1.78720782506375,-1.9492795128457545
2018_10,10,2018,f,5.0,nest,0.3011844173920757,0.0986932282849888,1.8114851483548295,0.9434352305352086,240.0,382.0,-2.3157389439644067,1.1157064244836323,-0.05822756461130944,0.6523745973962383
2018_109,109,2018,f,5.0,nest,0.5069510350417821,0.2568571139509387,2.3063952479335788,1.6934935478639297,240.0,374.0,-1.3592353255439495,0.6798944676621972,0.5267935833268488,0.3088922236304872
2018_11,11,2018,f,5.0,nest,0.8239964550959084,0.0759154214282345,1.3166524929448349,0.3321192231401907,208.0,241.0,-2.578135434346336,2.3845463831963443,-1.102261268684772,1.3773537940197271
2018_110,110,2018,m,5.0,nest,0.052929423618939,0.0842086089489134,0.7712519167245534,7.213492594850124,240.0,212.0,-2.4744581189115697,-0.4643377637566748,1.97595324383494,-2.235693462382346
2018_115,115,2018,m,5.0,nest,0.0350554950939696,0.0365757023590723,34.56723579807019,1.03572704964726,240.0,405.0,-3.308371129004764,-0.04245177007001999,0.03510364353268715,3.507802647645628
2018_120,120,2018,m,5.0,nest,0.1474399969555777,0.1506012828946115,0.5533220141552126,0.6801369768799947,240.0,405.0,-1.8931194450961093,-0.021214541173010693,-0.3854610645093825,-0.2063540783455105
2018_124,124,2018,f,3.0,nest,0.2298736928850765,0.0169151003138047,1.2259132743113088,0.0857916128621481,240.0,366.0,-4.0795485463026875,2.6093232640301807,-2.4558340294556933,2.659520125732952
2018_129,129,2018,f,5.0,nest,0.0438393919454853,0.0115272118238149,1.7646418906954826,0.403298790026245,240.0,394.0,-4.463044793214337,1.3358222869191416,-0.9080775772901939,1.4760253522994267
2018_13,13,2018,f,16.0,nest,0.560951419207403,0.3220608201839695,1.1154317455555631,0.557978490026261,240.0,405.0,-1.133014868714882,0.554893894727476,-0.5834348656838665,0.6926764113921786
2018_140,140,2018,m,4.0,nest,0.5450550729046739,0.0038914853337784,3.014922434343107,0.323608802390991,224.0,378.0,-5.54896436035559,4.942095922132604,-1.1282198927122806,2.231793995974461
2018_142,142,2018,f,4.0,nest,0.9854002620080284,0.0046614726326745,5.289120188718768,0.0895856279471301,224.0,378.0,-5.368423865171607,5.35371650218932,-2.412560374242869,4.078212290348869
2018_154,154,2018,m,4.0,nest,0.0987299080676114,0.0765873788720659,1.0561454307493627,2.2180156964418623,224.0,337.0,-2.5693229824943256,0.2539556239856289,0.7966129657479778,-0.7419870714335778
2018_165,165,2018,m,4.0,nest,0.1723698090819442,0.1583291597764521,0.9271961150274348,0.754671823991461,224.0,378.0,-1.8430791232696364,0.08496606584713029,-0.28147229443957766,0.20588211746928087
2018_172,172,2018,m,4.0,nest,0.1745905582827773,0.1481420768500909,1.1754544651344971,1.0445600006948337,197.0,246.0,-1.9095834869860797,0.16427177367451695,0.04359574478283878,0.1180591068715002
2018_186,186,2018,f,5.0,nest,0.5893507190737513,0.1811591786267032,1.547188071394168,0.6054775112720887,233.0,400.0,-1.708379194270492,1.1796453700734517,-0.5017378574349782,0.9381769933200355
2018_187,187,2018,m,5.0,nest,0.2273522082896615,0.2749047800208312,0.8466235512784497,0.8483832419141812,240.0,404.0,-1.2913304957451908,-0.1899243898410672,-0.16442280906309556,-0.0020763235580943395
2018_192,192,2018,f,5.0,nest,0.5802940949831994,0.0209193357597122,1.2022341285531335,0.1282493378818726,208.0,284.0,-3.8670813917372944,3.322861148099842,-2.053778957659029,2.2379605572945263
2018_2,2,2018,f,5.0,nest,0.0050904619498566,0.000657168598064,0.0079396903539271,0.0027679074126104,240.0,405.0,-7.327569954342607,2.047183258161688,-5.889663690987596,1.053782688258094
2018_228,228,2018,f,3.0,nest,2.2339321807542785,0.0004819570380109,285.733687797046,0.126237769794516,240.0,219.0,-7.6376555806437025,8.441418923065482,-2.069588088433876,7.724648303904711
2018_28,28,2018,f,5.0,nest,0.2373192139525835,0.0333918458487859,1.8079148545661303,0.3743581171391483,240.0,405.0,-3.3994435450694866,1.9610943952886877,-0.9825424072517593,1.574716574399377
2018_439,439,2018,m,4.0,nest,0.5909723914437433,0.2006893829192099,1.225211865939055,0.430628180176633,204.0,345.0,-1.605996924832177,1.0800109471797534,-0.8425102522159204,1.0456240330451583
2018_440,440,2018,m,4.0,nest,0.6411228741744776,0.3369924003877807,2.12477844291916,1.103936082468488,208.0,264.0,-1.0876948996621467,0.6431607506100749,0.09888204986407194,0.6547854849209425
2018_442,442,2018,m,4.0,nest,0.1979724579449166,0.1925395435718213,1.2829920577346656,1.188577414170269,186.0,132.0,-1.6474537251980157,0.02782636594663246,0.17275714172568635,0.0764377535025774
2018_443,443,2018,f,4.0,nest,0.4262669286337411,0.0059536727373213,2.008187856696206,0.3106979257986947,176.0,304.0,-5.123746983078686,4.271057447175418,-1.168934138502765,1.8661668900879094
2018_445,445,2018,m,4.0,nest,0.5602622837428829,0.3000958544905688,1.5471457850178754,0.6262211498809566,198.0,340.0,-1.2036533403914105,0.6243030993169434,-0.4680516956985887,0.9044635000943773
2018_446,446,2018,f,4.0,nest,0.7918226957891429,0.0139161428963202,3.4706787290213548,0.1446233831597188,145.0,242.0,-4.274705753254202,4.041287972070994,-1.933622273066008,3.177972447039359
2018_447,447,2018,m,4.0,nest,0.3038434087912791,0.2155833843052198,1.257153240491367,1.2786721142682085,200.0,305.0,-1.5344075101470902,0.34316469719995824,0.24582212872060355,-0.01697229684409618
2018_449,449,2018,f,4.0,nest,0.3644781498952207,0.0610450910492031,5.846433867151212,0.3804793429288702,205.0,331.0,-2.7961424903528376,1.7868538156048392,-0.9663233924343488,2.7321552724405516
2018_450,450,2018,f,4.0,nest,0.289017284733762,0.0151846095685891,0.7732895092474881,0.3743625386259284,143.0,111.0,-4.1874728924653475,2.946204108574512,-0.982530596473611,0.725428822801443
2018_452,452,2018,m,4.0,nest,0.084154654671696,0.0588442206940437,0.8508068256618218,0.452175571541105,206.0,266.0,-2.8328616541076337,0.35776260821586536,-0.7936847419572594,0.6321145689086821
2018_454,454,2018,m,10.0,nest,0.1094174859090802,0.1106963066835996,0.7061783981205718,1.4319441381473432,202.0,320.0,-2.200964803115896,-0.011619764015452283,0.3590330581039138,-0.7069204429571341
2018_456,456,2018,m,4.0,nest,0.5171173516085495,0.5493355299716716,1.1732690347291037,1.1021158070798238,193.0,335.0,-0.5990458584539856,-0.060439586073888774,0.09723179330356978,0.0625621061899677
2018_462,462,2018,m,4.0,nest,0.1610608593036836,0.1026341297063508,1.215224175409319,0.5935573915124408,204.0,306.0,-2.27658475335057,0.4506117760232484,-0.5216213695023604,0.7165499357853671
2018_463,463,2018,f,3.0,nest,0.3579458212696814,0.0024147580673441,71.26888547682812,0.2403935485480922,208.0,306.0,-6.026156176049449,4.998782534779851,-1.4254779130035968,5.6919377563542435
2018_5,5,2018,f,3.0,nest,0.9742601286572397,0.0001325492051747,33.31530479884775,0.0143748714624546,240.0,319.0,-8.928556621665928,8.90247968321217,-4.2422736340809895,7.748290529051019
2018_61,61,2018,m,5.0,nest,0.3214650416621271,0.3366035830848921,0.7928345634597329,1.249843550140086,209.0,404.0,-1.0888493523477685,-0.04601712397880986,0.22301838359312615,-0.4551590838148728
2018_63,63,2018,f,5.0,nest,0.5095423461308775,0.06245422914583,1.2819168203471576,0.2087655554389116,240.0,404.0,-2.773321324193793,2.099079007533347,-1.566543400954801,1.814899874623778
2018_64,64,2018,m,5.0,nest,0.0862123454409314,0.0818822404993714,1.3916104605124209,7.667665715719741,238.0,405.0,-2.502473155356631,0.051531262361630414,2.0370122295173854,-1.706550548354025
2018_77,77,2018,m,5.0,nest,0.1433263016641365,0.1117135141589142,2.3770704362480606,1.3813267589613818,240.0,405.0,-2.1918175940218725,0.24918617569865598,0.32304445683859195,0.5428243635144263
2018_80,80,2018,m,5.0,nest,0.3978629447392268,0.3604538265576478,1.26221841578157,0.8755176234336864,240.0,405.0,-1.0203914121311708,0.09874371917627645,-0.13293999789436553,0.3658108181805946
2019_1,1,2019,m,6.0,nest,0.2351172010334904,0.2738331785616836,4.342721498919167,1.9661921573231784,266.0,405.0,-1.2952361953769171,-0.1524349659823505,0.6760987571944754,0.7924024678730943
2019_100,100,2019,m,6.0,nest,0.118846773697101,0.1355121952580094,0.7421624214362038,1.7911507187591371,266.0,405.0,-1.9986936408081815,-0.13122659074293486,0.5828582729488953,-0.881045435903773
2019_101,101,2019,m,6.0,nest,0.0433835326444594,0.0416100008852178,0.4993767248840424,0.5821089134747559,124.0,360.0,-3.179414734713127,0.0417393926794416,-0.5410977122039966,-0.15329679617787473
2019_109,109,2019,f,6.0,nest,0.071332127154472,0.0054346846141241,1.6398905188780108,0.99984727712584,206.0,405.0,-5.2149537887727115,2.5745453269518985,-0.00015273453748568155,0.4947822173635589
2019_110,110,2019,m,6.0,nest,0.049172813888061,0.2293502033496132,0.6241013704367012,10.962558932268744,124.0,157.0,-1.47250517130489,-1.539909200149111,2.3944857334894385,-2.8659282046732275
2019_116,116,2019,m,4.0,nest,0.1259353855984879,0.0706737447626142,6.420313626561656,0.6549519509452593,266.0,405.0,-2.6496811362589794,0.5776948199844991,-0.4231934033731481,2.2826603713711773
2019_120,120,2019,m,6.0,nest,0.1654501453603474,0.1925151231336072,0.6213708486230162,1.0765579658573607,266.0,405.0,-1.647580566607085,-0.1515047994321297,0.07376888296560143,-0.5495960785079193
2019_129,129,2019,f,6.0,nest,0.0619455949196937,0.0236435891125543,0.8862750760586661,0.2421973263680018,266.0,405.0,-3.7446632742561823,0.9631644937942361,-1.4180024868670897,1.2972745798964969
2019_13,13,2019,f,17.0,nest,0.5978487867729358,0.0333388191119946,1.3235068246413422,0.3314094343335743,216.0,394.0,-3.4010328218430272,2.8866153999075945,-1.1044007062790893,1.3846856054610832
2019_140,140,2019,m,5.0,nest,0.1364181775282044,0.0654592740998589,5.919245183521274,7.461978091600992,250.0,378.0,-2.7263270991875315,0.7342968230713962,2.0098205387990773,-0.2316116008159026
2019_142,142,2019,f,5.0,nest,0.2167496802154348,0.6343438341447267,1.3660824436375534,6.847719745279293,250.0,378.0,-0.4551641464006364,-1.0738479922832536,1.9239157129551563,-1.6119685995739448
2019_151,151,2019,m,5.0,nest,0.0065582258627298,0.014733696525591,0.2637979154641297,0.2888244087897367,239.0,288.0,-4.217618127812214,-0.8094170325461176,-1.2419363575649058,-0.09063558312077324
2019_154,154,2019,m,5.0,nest,0.0078571771810307,0.0167134600107368,0.4895776022802159,0.1411153203716946,220.0,275.0,-4.091540895526996,-0.7547869787927093,-1.9581778479048975,1.2439655520977686
2019_161,161,2019,f,5.0,nest,0.3250380898224607,0.078983750113982,2.7583435937858747,1.2873632600246112,250.0,378.0,-2.5385131424329055,1.4147002383669116,0.25259614210939096,0.7620342102802331
2019_165,165,2019,m,5.0,nest,0.1245669838478966,0.117685984619248,2.1949925059168587,1.9055410347528436,250.0,375.0,-2.1397353489578266,0.056823664072709335,0.6447659760003742,0.14141265636004774
2019_172,172,2019,m,5.0,nest,0.2919412104550855,0.2843176284460042,1.295935133076611,5.757102103665784,184.0,245.0,-1.2576632557543501,0.026460424712146047,1.7504342411045395,-1.4912016960654992
2019_186,186,2019,f,6.0,nest,0.8339710797253578,0.0671104157764047,1.9917155175337968,0.4943996999249076,266.0,405.0,-2.7014160193848284,2.5198594655718916,-0.7044109797868426,1.3934073162675418
2019_187,187,2019,m,6.0,nest,0.662810529289095,0.6783286822421204,0.8735211810284215,0.9143026857431144,266.0,405.0,-0.388123326442581,-0.023142781040465354,-0.08959359633043747,-0.045629304913167065
2019_192,192,2019,f,6.0,nest,0.3811393987636467,0.0049047726538301,0.6305341027842921,0.0171161683072904,130.0,280.0,-5.317546536920733,4.352956442169058,-4.067731747145088,3.6065437105814726
2019_2,2,2019,f,6.0,nest,0.1856623283894982,0.1484190944655418,1.6037189438688246,1.4311129700467935,266.0,405.0,-1.9077152876207224,0.22388959367951955,0.3584524422848853,0.11387282977934726
2019_228,228,2019,f,4.0,nest,0.1954062041869274,0.1586099318566949,0.6476917422782749,1.234526194644608,266.0,405.0,-1.8413073496948114,0.20863256102982253,0.21068724840714906,-0.6450276505818655
2019_27,27,2019,f,6.0,nest,0.0010138567997426,0.0005583812010616,0.1903982893786661,0.1368041823871778,266.0,399.0,-7.490468672803445,0.5964750658838431,-1.9892047012553462,0.3305675602343692
2019_270,270,2019,f,3.0,nest,0.698743715550769,0.2734664648231864,1.30085831616659,0.3673818219591941,266.0,326.0,-1.2965762795440061,0.9381050311456798,-1.0013535849450501,1.264377874752956
2019_28,28,2019,f,6.0,nest,0.8314060534616761,0.0123852681141649,3.3428067483744446,0.0478349892417201,237.0,405.0,-4.391247567977606,4.206610596833538,-3.03999791475597,4.246808712678078
2019_286,286,2019,m,3.0,nest,0.239987724754099,0.0016163868408061,0.5559017383199744,0.0032773963150125,266.0,405.0,-6.427561965843514,5.000394462037402,-5.720705978215845,5.133542248225433
2019_337,337,2019,f,3.0,nest,0.0079223345712337,0.0020908526896141,0.0615386366636679,0.0057285484892589,176.0,270.0,-6.170183310747564,1.332113963251052,-5.162293098101715,2.3742030351065226
2019_37,37,2019,f,4.0,nest,0.3568076613394316,0.0181274751170605,1.3533726940020785,0.070785881194347,247.0,394.0,-4.01032652938197,2.9797681232390376,-2.6480957163278487,2.9506954850884313
2019_40,40,2019,f,4.0,nest,0.0655100855028699,0.4095271458149545,0.5244034730121049,1.70093738987183,266.0,405.0,-0.8927520877396986,-1.8327990833114438,0.5311795049008089,-1.1766734091852311
2019_43,43,2019,m,4.0,nest,0.0162800591443851,0.0122442614097471,0.4252093627769506,0.2291903670058856,266.0,134.0,-4.402697908098531,0.28488362263167755,-1.4732023237949188,0.6180287107393454
2019_439,439,2019,m,5.0,nest,0.0233444077374139,0.0238530033459727,0.9549853498035588,0.9507349508446464,242.0,309.0,-3.735845143119979,-0.021552677758344352,-0.05051996101884743,0.004460681879939893
2019_440,440,2019,m,5.0,nest,0.3179363743939444,0.3484081818328809,1.3701401343126096,1.414958275652944,278.0,301.0,-1.0543805502586365,-0.09152344648428912,0.34710004348938145,-0.0321870210609671
2019_442,442,2019,m,5.0,nest,0.3949549738459696,0.315302142569724,1.933559571728228,0.8773745245506942,190.0,260.0,-1.1542239171173119,0.22524040627554476,-0.13082132583146275,0.7901839677288653
2019_443,443,2019,f,5.0,nest,0.0499825429872575,0.0019184694128072,0.1913518888480896,0.0116063354230096,135.0,332.0,-6.256227591689638,3.2601461169171477,-4.456204172803356,2.8025629768126956
2019_446,446,2019,f,5.0,nest,0.5708170711516548,0.0074917078408019,7.007187076750219,0.206446509728154,120.0,288.0,-4.893958491316311,4.333272004903188,-1.5777139329292813,3.524650280512758
2019_447,447,2019,m,5.0,nest,0.4595091322235503,0.3598629905877584,1.3322063134012831,0.7815631179722837,238.0,306.0,-1.0220319016722479,0.24443543855071304,-0.24645936722226358,0.5332958172871558
2019_448,448,2019,f,5.0,nest,0.4268605774813473,0.665340014684067,0.5877698173465061,0.7508335411730263,221.0,324.0,-0.40745706871893794,-0.44384076678979867,-0.2865713013557704,-0.2448485734687656
2019_450,450,2019,f,5.0,nest,0.3483618311366673,0.018290174617062,0.645118085081223,0.1058126014173004,115.0,284.0,-4.001391269491967,2.946877674769823,-2.246085660626864,1.8077637593291398
2019_451,451,2019,f,5.0,nest,0.7569637339789225,0.1214275957649347,2.473001398362948,0.4459763197908239,180.0,300.0,-2.1084371134623763,1.8299971792125183,-0.8074894230110515,1.7129219770022321
2019_452,452,2019,m,5.0,nest,0.0874929564727645,0.0629516683551542,1.9091551247534584,0.8467944872520239,246.0,315.0,-2.7653880159811135,0.32919102966833114,-0.16629724983706282,0.8129580509720327
2019_454,454,2019,m,11.0,nest,0.3470961406335032,0.2555650774731182,1.0057812128932382,0.6244945432277554,228.0,338.0,-1.364278195417821,0.30612472035224925,-0.47081268728053166,0.4765772530919122
2019_456,456,2019,m,5.0,nest,0.5634570603986444,0.5023307701845025,3.1646968078494275,0.8687525561281167,165.0,322.0,-0.6884964715228291,0.11483232151746736,-0.14069693980171785,1.292754195500956
2019_460,460,2019,m,5.0,nest,0.5120118660296231,0.3907354458775546,1.135984812235735,0.7089759830350365,272.0,305.0,-0.9397245570087613,0.2703170786366841,-0.34393362744543,0.47143357814422027
2019_462,462,2019,m,5.0,nest,0.2872144102851574,0.1968560619958584,3.855955978176388,1.616821549320713,266.0,317.0,-1.6252824670659962,0.3777561990867959,0.4804622153959342,0.8691567448391648
2019_463,463,2019,f,4.0,nest,0.0926000846956579,0.1908253868348717,13.987780244250336,27.427594841010844,232.0,299.0,-1.6563964741288377,-0.7230687485616498,3.311549617583791,-0.6733655088113073
2019_469,469,2019,m,4.0,nest,0.0152448907799702,0.0085122194672794,3.697493283022837,2.944859182722088,224.0,374.0,-4.766252563435227,0.5827417005495201,1.0800610002462805,0.22759409872820346
2019_470,470,2019,f,4.0,nest,0.0527354902435707,0.0109995327310059,0.7661294474135835,0.0463035532913897,224.0,378.0,-4.509902486085489,1.5674358751492132,-3.072536575880271,2.8061324437628317
2019_473,473,2019,f,4.0,nest,0.3972084950367924,0.0790115551323834,2.238351522590896,0.5010226698041802,224.0,378.0,-2.538161169712639,1.6148672099759174,-0.6911039298108422,1.496843597335502
2019_475,475,2019,m,4.0,nest,0.5236341074227198,0.4669641588618435,0.9723498284244853,0.7835329438374123,224.0,378.0,-0.7615027718776678,0.11454066503648064,-0.24394217105353222,0.2159025375677897
2019_476,476,2019,m,4.0,nest,0.2123346447753616,0.1541727285311201,2.3885418044661404,1.5141919028274111,224.0,376.0,-1.8696816912689256,0.3200899555078516,0.4148818991806376,0.45580115690726936
2019_477,477,2019,m,4.0,nest,0.0785233249273527,0.0765551469803016,1.1260673929458085,0.7948451083107484,224.0,379.0,-2.5697439222961322,0.025384356799659002,-0.22960801562361,0.34833939518933227
2019_479,479,2019,m,4.0,nest,0.1574092139832854,0.0761275251347165,1.3327485210571888,4.652564583669015,224.0,375.0,-2.5753453826028223,0.7264389765392414,1.5374185909358293,-1.2501752239083106
2019_480,480,2019,m,4.0,nest,0.653653675566105,0.5044114599113302,1.9067704725327823,0.8563561596361429,224.0,376.0,-0.6843629552618162,0.25918533941272365,-0.1550689150340328,0.8004798739117034
2019_481,481,2019,m,4.0,nest,0.0178812331603883,0.0127320050537979,1.894574837137832,1.7533329813150014,224.0,372.0,-4.363636372625683,0.33963282971248887,0.5615185373105769,0.07747591570183532
2019_482,482,2019,m,4.0,nest,0.0103833567408361,1.8582809417655055,3.0242946738575176,28.832786803181392,224.0,376.0,0.6196518355087238,-5.1872029035939144,3.3615131702871217,-2.2548352716585933
2019_49,49,2019,m,4.0,nest,0.5064046323224809,0.0578731166572226,6.240038823932607,2.624565709649854,266.0,404.0,-2.8495023086650955,2.169083048027328,0.9649154384133155,0.8660709657327371
2019_490,490,2019,f,4.0,nest,0.4085714592500593,0.0441214150976035,12.900900551322334,0.6124443127116437,224.0,379.0,-3.120810011276115,2.2257215621401176,-0.4902972587183551,3.04759437782939
2019_493,493,2019,f,4.0,nest,0.4758295994499757,0.024429291134489,2.2831968789406623,0.2175674747502476,223.0,375.0,-3.711972410323028,2.969276937131827,-1.5252462478276123,2.350822848599989
2019_5,5,2019,f,4.0,nest,0.057913968238548,0.0071920535329669,3.6806707620184,0.104231952011615,266.0,404.0,-4.934778538435778,2.0859818625803737,-2.261136555481346,3.5642315633402193
2019_513,513,2019,f,4.0,nest,0.2821518097681302,0.1645865785488347,1.5079880281301912,2.0612433321073707,176.0,206.0,-1.804318533864236,0.5390085134823486,0.7233093600082687,-0.31253302935972643
2019_524,524,2019,m,4.0,nest,0.0857288675511557,0.1262718430071485,1.2611053142545834,0.481418220560808,228.0,293.0,-2.0693182118738416,-0.3872474539863222,-0.7310189052409746,0.9630074751952808
2019_526,526,2019,m,4.0,nest,0.1472986076454646,0.1135584204136476,1.8586160484516911,1.2341365692330464,232.0,307.0,-2.1754378571813318,0.2601444491143776,0.21037159134738542,0.40946055945550747
2019_527,527,2019,m,4.0,nest,0.1556160222225534,0.1672595638039501,0.86808980396182,1.5817620123770382,206.0,301.0,-1.7882083989243611,-0.07215530303262829,0.45853942337482356,-0.5999995322628014
2019_6,6,2019,m,4.0,nest,0.0199406380970019,0.0226989443216039,1.2371549241544226,0.7498791866595031,266.0,403.0,-3.7854368612324176,-0.12955865287539048,-0.28784316988127084,0.5006574972881775
2019_61,61,2019,m,6.0,nest,0.1936666389304485,0.1928014329015481,0.9707910277343836,1.4078821014902183,266.0,405.0,-1.646094464771338,0.004477510756719427,0.34208651949284097,-0.3717305668012277
2019_63,63,2019,f,6.0,nest,0.2823292462072281,0.0374956570103431,2.151615769705409,0.4731306085795165,266.0,405.0,-3.2835301657701392,2.018848816423581,-0.7483838005314568,1.5146028812138927
2019_64,64,2019,m,6.0,nest,0.2662516991016918,0.1880906495895752,1.293141560150216,1.183735801610854,266.0,405.0,-1.6708312536950138,0.3475180733187475,0.16867537103088803,0.08839920470751111
2019_77,77,2019,m,6.0,nest,0.1933833857444052,0.1448623156183863,3.158711624480273,0.9128150198485426,266.0,404.0,-1.931971535126743,0.28889092929167326,-0.0912220258714201,1.2413862565603169
2019_80,80,2019,m,6.0,nest,0.1381718505114414,0.1035012387364899,0.6380493032190363,0.5416797188116679,266.0,405.0,-2.268171697879833,0.28891462288115854,-0.6130803769090247,0.16374065605868848
2019_82,82,2019,m,4.0,nest,0.1350011773301833,0.1471293897998912,1.7009638129642923,1.0865879244007488,266.0,405.0,-1.9164428766343025,-0.08602890298311161,0.08304244187709409,0.44815259733284807
2019_95,95,2019,m,4.0,nest,0.902206083262902,0.0033142453071119,29.140071664211668,0.0854973405166767,266.0,405.0,-5.709525341259193,5.606613029927469,-2.4592700085913037,5.831384268662534
2019_98,98,2019,f,4.0,nest,0.0352264519450831,0.0090244489578477,1.1183722876406046,0.223180126365957,261.0,405.0,-4.707817833929459,1.3618598310474654,-1.4997760920182857,1.611650405632703
2020_1,1,2020,m,7.0,nest,0.0527368215935371,0.0456117348154323,7.077376141926293,13.511404069478754,286.0,405.0,-3.0875902531249926,0.14514888767624434,2.6035340747347004,-0.6466308371415908
2020_100,100,2020,m,7.0,nest,0.2916969274934125,0.2082840488374269,3.018715135307908,2.60707284431396,286.0,395.0,-1.5688525114802467,0.33681257621179506,0.9582280763768645,0.14660321259478337
2020_109,109,2020,f,7.0,nest,0.4576351796642269,0.0131855173624399,2.1090638522699447,1.3500713201691246,286.0,397.0,-4.328636221233023,3.546953257998323,0.3001574208098028,0.4460867563166905
2020_11,11,2020,f,7.0,nest,0.6232198353700423,0.049166976644641,6.489050037877362,0.9010731770125184,221.0,305.0,-3.0125330872534803,2.5396771305788226,-0.10416880712180082,1.9742849539157772
2020_110,110,2020,m,7.0,nest,0.0766713177875546,0.0633257565353589,1.2531868224301617,3.3715020535126983,282.0,397.0,-2.7594631362986646,0.19123554252564823,1.2153583582721594,-0.989668593368664
2020_116,116,2020,m,5.0,nest,0.1395528139754584,0.1002300415407101,5.003506754297704,0.9258139406610704,286.0,395.0,-2.300287319491591,0.3309751649280974,-0.07708199253649806,1.6872210099985612
2020_120,120,2020,m,7.0,nest,0.1876567594002041,0.2453057620228641,1.3286551644848166,2.7392442624030933,286.0,393.0,-1.4052498382957974,-0.267890894436694,1.0076820657143666,-0.7235147895650071
2020_124,124,2020,f,5.0,nest,0.937450901261864,0.0266816981791005,7.383354315871509,0.7910760271306715,286.0,390.0,-3.6237774100689593,3.559186515572583,-0.23436120062380836,2.233589250321565
2020_129,129,2020,f,7.0,nest,0.3561796978875962,0.0165540517219358,20.80383306496916,0.6050831489047751,286.0,401.0,-4.101124390086469,3.06880448395035,-0.5023893941885459,3.537526645887653
2020_13,13,2020,f,18.0,nest,0.7711918472792222,0.3135344414808991,1.5027931928496514,0.5311831006066107,274.0,405.0,-1.1598460637603683,0.900027956544651,-0.6326484949430501,1.0399740000055728
2020_137,137,2020,f,6.0,nest,0.4325600987787829,0.0371874898100681,0.8827386221588083,0.3012821546527126,270.0,278.0,-3.2917828696913016,2.4537488641414575,-1.199708062436917,1.0749819290936158
2020_140,140,2020,m,6.0,nest,0.1653042555094243,0.3789009634984664,5.70300152796713,9.579804924048563,270.0,364.0,-0.9704804180775571,-0.8294871122503299,2.259657228941265,-0.5186646088435025
2020_142,142,2020,f,6.0,nest,0.1279531709585162,0.0154891824977897,1.4779693321866172,0.6296868584535571,270.0,378.0,-4.1676134020732665,2.1115224681840257,-0.4625326332406143,0.8532017060159081
2020_154,154,2020,m,6.0,nest,0.0101440375871005,0.003530150315389,2.40753068809905,0.2998725407754528,270.0,368.0,-5.646414826680358,1.0555456507391936,-1.2043977586880763,2.0829993701709357
2020_157,157,2020,f,6.0,nest,0.0375872601333129,7.817343529235689e-05,0.0646773806222961,0.0002691325090885,270.0,368.0,-9.456580670268625,6.175490558026079,-8.220306700807408,5.481962958223347
2020_165,165,2020,m,6.0,nest,0.1004929745628805,0.0797999921589044,1.6226696189321284,5.25392774977644,270.0,364.0,-2.5282318727857223,0.230564414012298,1.6589759396987616,-1.1749032338520409
2020_172,172,2020,m,6.0,nest,0.0111466304506393,0.0964175829579818,1.0779530533202737,4.339241371052363,266.0,284.0,-2.3390666981680472,-2.1575513303164944,1.4676995335364453,-1.3926356117936243
2020_186,186,2020,f,7.0,nest,0.913139702590514,0.3907767213876109,1.717427608784283,1.049115139408614,286.0,383.0,-0.9396189271495639,0.8487525319423692,0.04794708450487649,0.49288051054173243
2020_2,2,2020,f,7.0,nest,0.5425430076784122,0.0181152775970141,3.942577807196813,0.2729726688372989,286.0,400.0,-4.010999630600476,3.3995117107172783,-1.2983836029580214,2.6702183781153077
2020_228,228,2020,f,5.0,nest,0.0410931728644878,0.0122744755524293,19.79994537487627,2.4293223168582143,286.0,381.0,-4.400233331067295,1.2083200494363995,0.887612336506302,2.098066842345749
2020_251,251,2020,f,4.0,nest,0.1164286344495653,0.2532204397644749,0.9194938854221028,1.152317823541528,276.0,341.0,-1.373494866202197,-0.7769819073099269,0.14177541271437769,-0.22570729756864574
2020_27,27,2020,f,7.0,nest,0.0218887974707752,0.0036873950130734,1.096788489672782,0.341767751089717,286.0,387.0,-5.602835028752449,1.7810547247013133,-1.073623862986793,1.1660102177345113
2020_270,270,2020,f,4.0,nest,0.3291878275479682,0.0139077724306135,8.9715754178102,0.248911456659724,259.0,281.0,-4.275307427451443,3.164180640731878,-1.3906580415006686,3.584719334012802
2020_28,28,2020,f,7.0,nest,0.2894875624770217,0.017695803555033,0.6356167524772615,0.1436101442878059,286.0,405.0,-4.0344277547982585,2.7947848098234482,-1.9406529821903462,1.4874934944731824
2020_303,303,2020,f,4.0,nest,0.0397865087103693,0.0049490570591667,0.6677912164727202,0.5968350823112156,276.0,342.0,-5.30855821364529,2.0843308123614124,-0.5161144477867613,0.11233474329674076
2020_306,306,2020,f,4.0,nest,0.2493379001433361,0.61745498329705,1.381948493243843,2.276041272091931,270.0,346.0,-0.4821491146806904,-0.9067971590799178,0.8224376497077266,-0.4989431947790372
2020_308,308,2020,f,4.0,nest,0.9853981637271716,0.0391543057588655,3.191329924569895,0.6866808164334229,274.0,339.0,-3.240244881523438,3.225535389169796,-0.3758856996224889,1.5363234337926956
2020_325,325,2020,m,4.0,nest,0.6611072910877827,0.1359676165056327,2.9086257672996534,1.2733422218275043,276.0,346.0,-1.995338535528879,1.581499399546957,0.24164511441881506,0.8260356103076297
2020_330,330,2020,f,4.0,nest,0.0188781274265726,0.0021555525755339,0.0334828368892616,0.0154446813030106,275.0,332.0,-6.139708172734303,2.1699568666359834,-4.170490587139109,0.7737682840374491
2020_337,337,2020,f,4.0,nest,0.017449511081592,0.0475963885372515,0.0470444728538271,0.1495110407649704,219.0,106.0,-3.044998391689263,-1.0034452572838335,-1.9003850376075617,-1.1562768561263106
2020_342,342,2020,m,4.0,nest,0.5094631855689368,0.115575562681124,5.576305992683418,1.490769169668517,266.0,377.0,-2.1578307405830435,1.4834330556549342,0.3992922080150517,1.3192343406741225
2020_370,370,2020,m,4.0,nest,0.2930537090395324,0.2877426826815419,3.7731872147354313,4.330666267684759,272.0,347.0,-1.2456886611333937,0.01828928167175148,1.465721402621765,-0.13780134327467652
2020_391,391,2020,m,4.0,nest,0.0561057814821598,0.143231518053274,2.049467270614463,1.3175429742628986,275.0,321.0,-1.943292950536245,-0.9372234645042294,0.27576861893777943,0.4418112724480548
2020_399,399,2020,f,4.0,nest,0.4267825144160629,0.151477882905835,1.5501878635854656,0.7141702427278173,143.0,307.0,-1.8873156521101448,1.0358349226818229,-0.33663390987068426,0.7750100357706362
2020_40,40,2020,f,5.0,nest,0.4957345203083181,0.0031713966593439,6.256281062463966,0.2261971692085649,279.0,394.0,-5.753583201578883,5.051868464715033,-1.4863482299294197,3.319934159027693
2020_416,416,2020,f,4.0,nest,0.6536778184985791,0.2031639725464093,6.127826043975838,0.7799092323400569,255.0,367.0,-1.5937418794579792,1.1686011982847304,-0.24857773486467197,2.0614177798203803
2020_430,430,2020,m,4.0,nest,0.5001670999023138,0.0155430258827818,204.7500665309978,5.9724482586400205,275.0,317.0,-4.164143237245563,3.4713302006579294,1.787156936913666,3.534633110757178
2020_439,439,2020,m,6.0,nest,0.317212124010983,0.2144804241930386,2.373116629102096,1.0387558307420044,264.0,335.0,-1.5395368072820577,0.39135223930678964,0.03802368040113323,0.8261804442232158
2020_440,440,2020,m,6.0,nest,0.3011178203247665,0.2349611478732839,1.1152820533932974,0.8667615205824117,272.0,295.0,-1.4483351067049832,0.24808144553350875,-0.1429914028036805,0.2520987384106691
2020_442,442,2020,m,6.0,nest,0.4089091721165954,0.4089979968781028,1.1709271174172895,1.0535321430458873,208.0,262.0,-0.8940450205598792,-0.0002172001058892148,0.05214846451891111,0.10564737855021628
2020_443,443,2020,f,6.0,nest,0.0823853670050032,0.0413317970523125,4.646596025786133,2.2700586817576744,273.0,311.0,-3.1861231708251743,0.6897757280976617,0.8198056821537504,0.7163292319099085
2020_446,446,2020,f,6.0,nest,0.4867346641921317,0.0219930540678503,3.0340462607702143,0.6079325861713428,178.0,278.0,-3.8170285996638187,3.0969924578986285,-0.49769128117105055,1.6075884094334287
2020_447,447,2020,m,6.0,nest,0.4571790948301393,0.3354420303238677,1.2292480779997512,0.7326612850038733,257.0,342.0,-1.0923061234195248,0.3096260509691263,-0.3110717780222922,0.517474441775766
2020_448,448,2020,f,6.0,nest,0.6012116332536481,0.0591564649174693,1.7716813825788762,0.7294717523188196,229.0,226.0,-2.827569397531587,2.318761126297028,-0.3154346337445847,0.8873636630892533
2020_450,450,2020,f,6.0,nest,0.2292060611538432,0.0349665786599736,2.474497056475223,0.6337117398930652,234.0,226.0,-3.3533625691251303,1.8802287194587153,-0.45616109687655687,1.3621982627424012
2020_452,452,2020,m,6.0,nest,0.0752058841266759,0.0340862370868891,0.7866367790747204,1.431941350202429,276.0,299.0,-3.3788615806529356,0.7913357759308766,0.35903111113716135,-0.5990197741911198
2020_454,454,2020,m,12.0,nest,0.3490579380360117,0.3218981638595521,0.853543973065265,1.236041981102199,268.0,338.0,-1.133520044764621,0.08100268577101977,0.21191432375173277,-0.3702725409533423
2020_455,455,2020,f,6.0,nest,0.7498399083457116,0.0047993429664191,336.1394136225252,2.0622573448092862,275.0,308.0,-5.339276252433508,5.051380701657799,0.7238011813037188,5.093724814098976
2020_456,456,2020,m,6.0,nest,0.1179497511109603,0.5315830760737217,3.109171531691833,26.080027401399686,275.0,333.0,-0.6318957884780311,-1.5056007947759182,3.2611697877250663,-2.126813485545175
2020_462,462,2020,m,6.0,nest,0.14556302549123,0.1343800229034484,1.3516011315466792,4.077425150100291,269.0,349.0,-2.0070835010522226,0.07993737978098436,1.405465698532843,-1.104175785484696
2020_463,463,2020,f,5.0,nest,0.0713413448008183,0.0639056639076966,5.150295154685099,24.25327415094802,276.0,296.0,-2.7503472844735244,0.11006803583064562,3.1885516248035195,-1.5494976001807814
2020_469,469,2020,m,5.0,nest,0.0682694182368444,0.0658809495013508,8.943210917000776,20.04482401117836,266.0,377.0,-2.719905961187748,0.03561259209435619,2.997970966369142,-0.8070762786918229
2020_470,470,2020,f,5.0,nest,0.2954037551844601,0.016338356226884,2.231029619258072,0.2659707285479071,266.0,377.0,-4.114239792720523,2.89482759595683,-1.3243690193085997,2.1268322108959103
2020_473,473,2020,f,5.0,nest,0.0285728845463271,0.0529352418141659,1.6734593997016056,10.495128064729672,266.0,378.0,-2.9386859650633674,-0.6166111386029698,2.3509111556497593,-1.836018174984936
2020_475,475,2020,m,5.0,nest,0.5773286522520538,0.4430332514043459,1.110761828521159,0.4920999992399255,266.0,377.0,-0.8141104521503428,0.2647668654811538,-0.7090733326547575,0.814119444561947
2020_476,476,2020,m,5.0,nest,0.1819995170309831,0.2316969846627744,3.447870632148433,5.8794718085291375,260.0,373.0,-1.4623248616001143,-0.24142638398466532,1.7714669293942766,-0.5337100969752393
2020_477,477,2020,m,5.0,nest,0.0436016673871351,0.0478840393691928,1.2618404365898783,18.11317943113881,257.0,377.0,-3.0389730374149035,-0.09368684911928371,2.896639818669344,-2.664068499477681
2020_480,480,2020,m,5.0,nest,0.2049142847996776,0.192878848652668,1.469726864930858,1.936276033460948,266.0,379.0,-1.6456930143687007,0.060529504158804315,0.6607665579579461,-0.2756899806008905
2020_481,481,2020,m,5.0,nest,0.0971539562051874,0.0997110238007328,1.20556643300429,24.258857567755214,264.0,376.0,-2.3054790384102475,-0.025979342930262384,3.1887818112180937,-3.001832285840014
2020_482,482,2020,m,5.0,nest,0.0141483299586883,0.4490607604665202,0.9163171666165244,7.219863299192921,267.0,378.0,-0.8005970764164595,-3.4575616095627932,1.9768360190957022,-2.0642287415702527
2020_490,490,2020,f,5.0,nest,0.2882167137210529,0.007908589782942,13.742955334079957,0.3270665110995772,267.0,378.0,-4.839805795910751,3.595763192292884,-1.1175917309093892,3.738118084391685
2020_493,493,2020,f,5.0,nest,0.0101463740729911,0.0003605161744824,0.0464438349085238,0.0102017259490617,266.0,377.0,-7.927973735442981,3.3373348639372384,-4.585198362314102,1.5156868144552296
2020_5,5,2020,f,5.0,nest,0.1309994000554767,0.0072364625447313,1.6933335586091434,0.2614270654743255,286.0,399.0,-4.928622790781818,2.8960602552611596,-1.3415999426992975,1.8682990486584652
2020_517,517,2020,m,3.0,nest,1.0870124871398157,0.000268400679564,2.7489429292807666,0.0014063038183514,265.0,235.0,-8.223029620962352,8.306462716744564,-6.566790421916191,7.578006870345698
2020_524,524,2020,m,5.0,nest,0.0641893554463269,0.1128879863627184,1.6946258534812997,5.265626373412911,234.0,294.0,-2.181359223030327,-0.5645586620194489,1.6612001078188467,-1.133738126761342
2020_525,525,2020,f,5.0,nest,0.6317327489128081,0.0184431706860938,1.228947330099453,0.1569852257827078,252.0,317.0,-3.993061129534194,3.5337722896217336,-1.8516035813566767,2.057761555122684
2020_526,526,2020,m,5.0,nest,0.1337445649286962,0.154281049572876,0.9581823800227218,1.7572843846244064,249.0,324.0,-1.868979342626127,-0.14284418745269178,0.5637696541747477,-0.6064867974985995
2020_527,527,2020,m,5.0,nest,0.2462205863839394,0.195308832109771,0.8010341466922203,0.8979299561130284,227.0,307.0,-1.6331732188257277,0.2316457666049374,-0.10766321359621901,-0.1141884891485165
2020_6,6,2020,m,5.0,nest,0.0486124229005345,0.0269916111088841,1.7017412731501351,3.679610028122177,284.0,401.0,-3.61222916092591,0.5883529954235476,1.3028067759465831,-0.771154770775915
2020_61,61,2020,m,7.0,nest,0.1589045600446648,0.2036597393393176,3.822506043803785,2.876922997626534,282.0,399.0,-1.5913046221210159,-0.2481468861552354,1.0567213193959797,0.28418492053667865
2020_63,63,2020,f,7.0,nest,0.5649582204087914,0.056674192219247,1.4040473081628206,0.3618047886709388,286.0,401.0,-2.8704363355485736,2.2994328387995937,-1.0166504704232409,1.3560094707318515
2020_64,64,2020,m,7.0,nest,0.0689412671621546,0.1178578848631177,0.7216977912366191,2.4989870302955604,282.0,158.0,-2.1382757459143167,-0.53622459149594,0.9158854618815885,-1.2420342612909168
2020_74,74,2020,m,5.0,nest,0.0595580491040915,0.062182723234032,1.5778516925754282,4.956744767622432,282.0,401.0,-2.777678079330616,-0.04312574750831377,1.6007492284294678,-1.144684994848816
2020_77,77,2020,m,7.0,nest,0.1642230110893572,0.1046460284005118,5.541654277278758,5.705044907204813,286.0,400.0,-2.2571717820715302,0.450641830906221,1.7413508548351728,-0.029057792642884994
2020_80,80,2020,m,7.0,nest,0.2475864841183975,0.2340957202082513,0.9851030226140236,1.0022994616240422,286.0,396.0,-1.4520251865479397,0.05602985931923454,0.0022968219080046134,-0.01730587370104255
2020_82,82,2020,m,5.0,nest,0.0913358686950627,0.6130418476791736,2.094905092999124,15.979328941860429,286.0,392.0,-0.48932207836267844,-1.903889623849791,2.7712959458306163,-2.0317876951537293
2020_84,84,2020,f,5.0,nest,0.5175503319939968,0.0290201648264982,3.62693164806523,1.0586986282204578,285.0,395.0,-3.5397643517869457,2.881115853106677,0.057040444645622516,1.231346570168836
2020_91,91,2020,m,5.0,nest,0.078919887141978,0.7236295571589846,0.8894556087005144,8.452123412889398,286.0,405.0,-0.3234756789223916,-2.215846348937043,2.1344177012668712,-2.251563380290073
2020_95,95,2020,m,5.0,nest,0.0597491937537599,0.0551075251325649,0.7517494148472271,2.1783885598555592,286.0,401.0,-2.898468999869558,0.08086941794707858,0.7785854107365385,-1.0639376462377999
2021_1,1,2021,m,8.0,nest,0.0684885379537922,0.0511647212826531,25.028862535204656,0.814406766933013,230.0,403.0,-2.972705021880261,0.2916161450235011,-0.20529532411797657,3.425324984470104
2021_108,108,2021,m,6.0,nest,0.1121620185553493,0.1024122500779016,4.880041254140032,2.751679910816589,239.0,393.0,-2.27874894386478,0.09093808511244506,1.0122116018298628,0.5729420717166802
2021_228,228,2021,f,6.0,nest,0.066342920311379,0.0131441122909435,16.3664457363715,0.3399940726342528,226.0,401.0,-4.331781355150408,1.61886312908881,-1.0788270949525622,3.874060342197779
2021_27,27,2021,f,8.0,nest,0.0002959035806929,0.5815895044284055,0.0005078241931577,0.6995239023528051,176.0,388.0,-0.5419903989565986,-7.583486498651072,-0.3573553148345207,-7.2280199319107705
2021_28,28,2021,f,8.0,nest,0.7631271579088643,0.08469148177728,2.9131024520990967,0.406942583697498,240.0,403.0,-2.4687402517171,2.1984096453225375,-0.8990831754874515,1.9683018234947818
2021_342,342,2021,m,5.0,nest,0.0244217599476373,0.2600591997824101,1.2292200955194494,2.3994691299514743,218.0,376.0,-1.3468459824135701,-2.3654347605551034,0.8752475170329367,-0.6688676174385474
2021_403,403,2021,f,5.0,nest,0.9237130922214708,0.0187971178923091,18.046886699354094,0.1023994792251115,206.0,262.0,-3.9740517244990112,3.8946979626876908,-2.2788736520819324,5.171846839953842
2021_426,426,2021,f,5.0,nest,0.3832586099581829,0.0055098539011722,1.8573817630906704,0.0717810480505141,176.0,270.0,-5.201217171382606,4.242171875544356,-2.634134792498355,3.253302634295156
2021_442,442,2021,m,7.0,nest,0.0306831499642636,0.0234440675692551,0.6533194009903941,0.4113624249807468,105.0,140.0,-3.753137798216541,0.26909616204925957,-0.8882806404490016,0.4625914997812335
2021_446,446,2021,f,7.0,nest,0.1808441394700887,0.0041686040126646,0.838252899097385,0.1073367999931223,100.0,212.0,-5.480174068364306,3.770054341781548,-2.231783724554842,2.0553482894247055
2021_454,454,2021,m,13.0,nest,0.3273290940366557,0.2442126692265467,0.7726797802410377,0.6714383674972195,171.0,278.0,-1.4097158381166919,0.292926627728866,-0.3983330505562559,0.1404424785008203
2021_469,469,2021,m,6.0,nest,0.1246550934936272,0.0520602125563442,6.998659101388341,2.636703083349187,224.0,378.0,-2.9553542965131,0.8731496890293222,0.9695293046529327,0.976189269108483
2021_470,470,2021,f,6.0,nest,0.0004861899509295,9.090848282659136e-05,0.0088825682346917,0.0002432268269829,224.0,358.0,-9.305657240710373,1.676746075820323,-8.321516105637931,3.5978515574635326
2021_473,473,2021,f,6.0,nest,0.0770269357062535,0.0617708443328863,3.5757331542392654,14.432397150439217,224.0,378.0,-2.784323800387883,0.2207236964555781,2.6694754816804935,-1.395305248451278
2021_476,476,2021,m,6.0,nest,0.2221032569116872,0.218739019551837,0.8330170150232963,1.2309815682295333,222.0,361.0,-1.5198759513387508,0.015263067317362378,0.20781187408415433,-0.3905130849096257
2021_477,477,2021,m,6.0,nest,0.0890529418756388,0.1139903421995547,3.742503256878141,1.5883892501221348,224.0,375.0,-2.1716415517241416,-0.24688268184522633,0.46272045251227895,0.857034255040309
2021_479,479,2021,m,6.0,nest,0.0817098708619629,0.1157498343510681,0.9586453619772084,5.566815282282319,225.0,378.0,-2.156324017109102,-0.3482564489211524,1.7168231278142156,-1.7590572001209432
2021_481,481,2021,m,6.0,nest,0.2099972583425255,0.1103258544915729,0.7583874395810655,0.5858566353572766,224.0,378.0,-2.2043169786349215,0.6436561747732459,-0.5346801688976717,0.25811927898537246
2021_490,490,2021,f,6.0,nest,0.3871219683502828,0.0159629857712875,5.637198640290985,0.2973794373410825,223.0,378.0,-4.137482626055983,3.188467154145804,-1.21274638876851,2.9421336359007952
2021_5,5,2021,f,6.0,nest,0.0707836198039898,0.0273936233254412,1.7502098052996593,0.3750696946430844,238.0,397.0,-3.59744501802172,0.9493173542709954,-0.9806434178985822,1.5403790873905865
2021_504,504,2021,m,4.0,nest,0.0046096394445961,0.0745912737314537,1.8733776891592544,6.148809206485511,162.0,219.0,-2.5957317527236263,-2.7838738838929995,1.8162584381089881,-1.1885153856646589
2021_514,514,2021,f,4.0,nest,0.4920494758588441,0.2491810707107633,28.992987352412836,1.666013969585322,238.0,264.0,-1.389575455183645,0.6803994483266366,0.5104339288147315,2.856620056495636
2021_527,527,2021,m,6.0,nest,0.0509969094211413,0.0395258620784027,0.4199876222279196,1.4904356286565177,179.0,190.0,-3.2308000851591765,0.2548098374796717,0.39906844545195747,-1.2665984844768614
2021_61,61,2021,m,8.0,nest,0.5087658791584334,0.3138059783568589,1.2985502418222417,0.7156064371321539,240.0,403.0,-1.1589803873769227,0.4832130567695315,-0.3346249319546137,0.595873375527173
2021_74,74,2021,m,6.0,nest,0.1136380275510401,0.1729887865124832,1.6000441906963372,1.515439949972446,240.0,383.0,-1.7545285044320433,-0.42020857471016404,0.4157057928259856,0.05432545522355803
2021_95,95,2021,m,6.0,nest,0.1216352951617794,0.0915211293390956,5.778942424610603,4.273154830311381,222.0,396.0,-2.3911854116202322,0.28445731631859505,1.4523523905739741,0.3018683038483243
2022_157,157,2022,f,8.0,nest,0.4539168476013774,0.0917879970947265,0.8469111319407326,0.6133883708041503,224.0,377.0,-2.3882737405064054,1.5984324877276341,-0.4887569860663935,0.32259747526446336
2022_343,343,2022,f,6.0,nest,0.672854324590912,0.0132127853895715,19.12561105327129,0.4291536222285975,214.0,340.0,-4.3265703280514884,3.930343898509654,-0.8459403303814386,3.796968660081477
2022_350,350,2022,f,6.0,nest,0.3591976541775178,0.2429671188718769,1.7333077233667942,2.5402055114591704,169.0,163.0,-1.414829158081714,0.39094668482009887,0.9322449877807013,-0.38221342595127605
2022_396,396,2022,m,6.0,nest,0.0994895481365963,0.0432477225187815,2.3739607275381704,1.887521308203461,208.0,318.0,-3.140810705516041,0.8331080213276554,0.6352644911917376,0.2292952621201405
2022_440,440,2022,m,8.0,nest,0.220160472814175,0.2225945312685634,1.356228784835008,0.852438819403563,206.0,345.0,-1.5024034079691486,-0.010995168676861011,-0.15965383849530188,0.46436173416162263
2022_442,442,2022,m,8.0,nest,0.1310348227136018,0.119639877984738,1.0906996608260788,0.9986168075003056,207.0,347.0,-2.1232690650743202,0.09097689621009764,-0.0013841499934740258,0.08820353097695571
2022_446,446,2022,f,8.0,nest,0.641327635557574,0.0083192020759547,1.5793399554847345,0.1774938258541568,169.0,337.0,-4.789188933080502,4.344974112350704,-1.7288194545918845,2.185826464655842
2022_448,448,2022,f,8.0,nest,0.3001704914044478,0.1722983634861248,0.7827587560151887,1.3911940208582358,177.0,303.0,-1.7585276335425486,0.5551229724741555,0.33016238621822025,-0.575093118834512
2022_454,454,2022,m,14.0,nest,0.4048061476949973,0.229924129059806,0.9599900985119144,0.7560664629934885,143.0,332.0,-1.4700058981322408,0.5656589240016087,-0.2796259926542635,0.23879368403072906
2022_456,456,2022,m,8.0,nest,0.2478848806614485,0.2418967378008218,1.885902041099148,2.594631188619259,206.0,351.0,-1.4192443471915999,0.02445351572324994,0.9534443826711582,-0.31903813984108764
2022_469,469,2022,m,7.0,nest,0.0612423826392205,0.0275676501716139,21.5684948033433,13.16739027389896,288.0,485.0,-3.5911122889312455,0.7981964865660167,2.5777433392401714,0.49349033677624243
2022_470,470,2022,f,7.0,nest,0.0094565418624544,0.0003145919903261,0.5878510489170654,0.0185991508686707,282.0,486.0,-8.064234027530384,3.403185511129256,-3.9846393515270813,3.4533576701848485
2022_473,473,2022,f,7.0,nest,0.0884815815726331,0.2940814324623412,13.46886842961941,33.097320527851025,288.0,484.0,-1.2238985688312305,-1.2010622976198968,3.499452328286112,-0.8990713481023698
2022_476,476,2022,m,7.0,nest,0.1748343671876276,0.194524698505397,0.9465779321902232,2.355891760068733,284.0,484.0,-1.6371961393819148,-0.10672008707885805,0.8569193224880941,-0.9118212969782346
2022_477,477,2022,m,7.0,nest,0.2277589201406159,0.2277994775886543,0.6448155488886511,2.7285608180885985,220.0,377.0,-1.4792895212611743,-0.00017805597854292365,1.0037742973310813,-1.4425652711301375
2022_481,481,2022,m,7.0,nest,0.1173789395063249,0.1671077913105633,0.7033986419499739,1.919863721953736,288.0,486.0,-1.7891162178336457,-0.35323156076413476,0.6522542053715263,-1.0040856950094552
2022_487,487,2022,f,5.0,nest,0.2147228421275773,0.0076118809741196,5.914462801577586,0.1387317613221017,379.0,648.0,-4.878044966281155,3.339637777430917,-1.975212984926691,3.752613658550112
2022_490,490,2022,f,7.0,nest,0.3521738731321236,0.1609978805907624,1.4671115344375958,1.3768507719753575,286.0,466.0,-1.8263640781168524,0.7827338105375514,0.3197988420331666,0.06349668316577539
2022_504,504,2022,m,5.0,nest,0.38255573741796,0.0526692348487372,2.2883256348725616,0.5755479562557156,199.0,267.0,-2.9437237728614476,1.9828428552697215,-0.5524327245687038,1.3802531108931193
2022_526,526,2022,m,7.0,nest,0.2617174504135726,0.3669874821829663,1.0426836393827228,2.92532258119122,175.0,242.0,-1.0024275400025546,-0.33806225068233187,1.0734047587709066,-1.031606946708079
2022_55,55,2022,f,7.0,nest,0.0550991281772864,0.0126440703592599,23.214573354756126,0.6991973309979218,240.0,405.0,-4.3705669200080655,1.4719455345058332,-0.35782227187074883,3.5026025151748814
2022_61,61,2022,m,9.0,nest,0.1586881797641847,0.2361973916474518,4.475616789293459,3.9519366365741218,239.0,396.0,-1.4430874182626952,-0.3977267175981207,1.3742057465015514,0.12443842573729569
