TransponderHexCode,first_blup,first_blup_sd,total_blup,total_blup_sd,early_chronotype,AgeSex
011016FC5B,3.983719366807088,5.399957280575195,-15.23212378495929,2.662152613688809,-3.983719366807088,A Male
011016FFC0,13.911110517577843,5.429343119035468,-25.371090528293234,2.6770003089138883,-13.911110517577843,A Male
0110171BB9,53.72057046271092,5.5204652648510715,-25.408906539957997,2.7230797588684523,-53.72057046271092,A Male
0110174D98,66.77091029539613,5.683094394552863,-25.848239665328002,2.8054667568728235,-66.77091029539613,A Female
0110175CF7,5.538581931219769,5.399957280575195,-24.670195456357547,2.662152613688809,-5.538581931219769,A Female
0110175DA5,9.765497847918336,5.399957280575195,-21.4455864869378,2.662152613688809,-9.765497847918336,A Male
01103F3BC1,-17.879646016519562,5.371043479413832,-0.043042207041868244,2.6475492626940045,17.879646016519562,A Male
01103F3C5F,-14.260828142962822,5.371043479413832,-9.05842092730921,2.6475492626940045,14.260828142962822,A Male
01103F3D08,-38.747035063105066,5.371043479413832,30.01186719171302,2.6475492626940045,38.747035063105066,A Male
01103F3D42,-10.248604968865932,5.551874291475641,0.3721053206103417,2.738976563853332,10.248604968865932,J Female
01103F3D99,-17.51886400912468,5.371043479413832,15.328280659214757,2.6475492626940045,17.51886400912468,J Female
01103F3E01,-26.373124629222474,5.551874291475641,21.13567147633322,2.738976563853332,26.373124629222474,A Female
01103F3E62,-7.63914279895167,9.712936194372018,20.781657892184974,4.926276991772256,7.63914279895167,J Female
01103F3EEC,0.1974579854934467,9.547630995251215,36.26886611406901,4.835543811608027,-0.1974579854934467,J Female
01103F3F50,24.96703620851228,5.489583354605166,-16.17757557647333,2.707456570725702,-24.96703620851228,A Female
01103F4010,-19.052367008666906,5.371043479413832,6.59736777235363,2.6475492626940045,19.052367008666906,J Female
01103F404A,-1.6162712174537168,5.371043479413832,-15.483953169137202,2.6475492626940045,1.6162712174537168,A Female
01103F4270,-18.266906700037094,5.616334984308238,-6.22232576204866,2.771623686679005,18.266906700037094,A Female
01103F4866,30.73958826760023,5.551874291475641,-11.977245010453107,2.738976563853332,-30.73958826760023,J Male
01103F4C53,17.065499354913282,5.429343119035468,-9.66713066731245,2.6770003089138883,-17.065499354913282,A Male
01103F4DD0,18.26598980356573,5.371043479413832,0.6900043636594897,2.6475492626940045,-18.26598980356573,A Male
01103F51A9,-20.416585084173935,10.265640912594339,-35.88228523533552,5.232551590532261,20.416585084173935,A Male
01103F5611,-10.398347500240932,5.459213980066951,12.321105263107428,2.692099239243994,10.398347500240932,A Female
01103F5614,-4.671884971387793,5.371043479413832,-2.6829906658450127,2.6475492626940045,4.671884971387793,A Female
01103F57D3,-16.653587389185773,5.371043479413832,3.512007579252407,2.6475492626940045,16.653587389185773,J Female
01103F61A9,-2.6385514832471118,5.399957280575195,11.86254554989234,2.662152613688809,2.6385514832471118,J Female
01103F6215,-3.413795861308614,5.583825602546677,-9.467741651933245,2.755155066730065,3.413795861308614,J Female
01103F62A9,-8.34818037658416,5.717379392284118,-14.387586405867925,2.82285990812942,8.34818037658416,J Female
01103F630A,-10.030512284007331,5.371043479413832,39.59300857579756,2.6475492626940045,10.030512284007331,A Female
01103F641C,-11.025964531740522,5.371043479413832,6.8169607754917125,2.6475492626940045,11.025964531740522,A Male
01103F692D,143.6818051737154,9.390488363599523,-47.08127474687324,4.749646197114794,-143.6818051737154,A Male
01103F6971,-10.544066454021735,5.9761103547838195,-34.29007232011183,2.9544012644322684,10.544066454021735,J Female
01103F75F6,-5.436111049131027,5.717379392284118,-5.927685486642508,2.82285990812942,5.436111049131027,A Female
01103F7EFA,-5.204025005372244,5.371043479413832,-16.028606977055432,2.6475492626940045,5.204025005372244,J Female
01103F84FD,18.34369812623909,5.399957280575195,-14.128087426240326,2.662152613688809,-18.34369812623909,A Female
01103F8695,-15.854318433375145,5.371043479413832,7.4843613846376815,2.6475492626940045,15.854318433375145,A Male
01103F8AD2,-23.310310052764756,5.371043479413832,67.95206396770618,2.6475492626940045,23.310310052764756,A Female
01103F8CA1,-8.20439799875744,5.551874291475641,24.487646146349956,2.738976563853332,8.20439799875744,J Female
01103F8DDA,5.262485387549714,5.649418873954534,-28.722315212177683,2.7883911994218913,-5.262485387549714,J Male
01103F8E93,60.03183451965687,5.824081410510502,-24.085677284584765,2.877046855833953,-60.03183451965687,A Female
01103FA15F,-17.01431456886378,5.371043479413832,-8.361366340382316,2.6475492626940045,17.01431456886378,A Female
01103FAAB7,-11.474590384431632,5.399957280575195,3.2401472362932546,2.662152613688809,11.474590384431632,A Male
01103FAB74,-10.198002755292153,5.429343119035468,11.105695720034502,2.6770003089138883,10.198002755292153,J Female
01103FAD87,-11.204537483548192,5.616334984308238,14.32205036079916,2.771623686679005,11.204537483548192,A Female
01103FAE27,-5.298458454659744,5.371043479413832,-1.4466583898859426,2.6475492626940045,5.298458454659744,A Female
01103FB054,-12.324564986993046,5.551874291475641,28.236468796597464,2.738976563853332,12.324564986993046,A Male
01103FB276,-26.320999626638983,5.429343119035468,15.560641970788058,2.6770003089138883,26.320999626638983,A Female
01103FB422,-10.911539825722873,5.371043479413832,-6.2473587053091055,2.6475492626940045,10.911539825722873,J Female
01103FB7D8,-4.253819500871619,5.371043479413832,33.1719452327552,2.6475492626940045,4.253819500871619,J Male
01103FB7D9,-17.63490144916932,5.371043479413832,7.427787309467846,2.6475492626940045,17.63490144916932,J Male
01103FBA7C,-14.292457997070464,5.371043479413832,8.826934593525616,2.6475492626940045,14.292457997070464,A Female
01103FBBD7,-22.499523920799998,5.399957280575195,-5.111680216737265,2.662152613688809,22.499523920799998,A Male
01103FBC46,32.99508406049827,5.371043479413832,-21.226674909439737,2.6475492626940045,-32.99508406049827,J Male
01103FBCBC,-35.48315682751535,5.371043479413832,10.821364430367641,2.6475492626940045,35.48315682751535,A Male
01103FC12B,-24.21065342730731,5.371043479413832,39.680536524537665,2.6475492626940045,24.21065342730731,A Female
01103FC250,-5.985833025377297,5.551874291475641,-11.169276588608229,2.738976563853332,5.985833025377297,J Male
01103FC2AF,-29.00525212842153,5.371043479413832,-10.515442182326538,2.6475492626940045,29.00525212842153,J Male
01103FC468,-8.956222159601896,5.551874291475641,-35.766125258816544,2.738976563853332,8.956222159601896,A Female
01103FC52C,-18.478806909898612,5.371043479413832,11.083948276589165,2.6475492626940045,18.478806909898612,A Male
01103FC816,-15.230781714773851,5.371043479413832,0.18484955119477733,2.6475492626940045,15.230781714773851,J Male
01103FCAE4,15.709457934467018,5.399957280575195,12.083550604387112,2.662152613688809,-15.709457934467018,J Male
01103FD08F,1.658349524562277,5.649418873954534,-1.0129854350115772,2.7883911994218913,-1.658349524562277,A Female
01103FD0A8,-19.899665241727895,5.371043479413832,29.420280406428013,2.6475492626940045,19.899665241727895,J Female
01103FD1CF,13.883424276455743,5.429343119035468,-10.4775246930262,2.6770003089138883,-13.883424276455743,A Male
01103FD7DD,42.14432530811286,5.583825602546677,-31.249872359850684,2.755155066730065,-42.14432530811286,J Male
01103FD7FC,-0.08995389840023389,5.371043479413832,5.097355674253084,2.6475492626940045,0.08995389840023389,J Male
01103FD876,-17.515816886581547,5.371043479413832,-2.988038590646907,2.6475492626940045,17.515816886581547,J Male
01103FD8F9,23.17685774102835,5.399957280575195,-18.921005739352918,2.662152613688809,-23.17685774102835,J Female
01103FD9AE,12.434274496482253,5.399957280575195,36.596993830765356,2.662152613688809,-12.434274496482253,J Male
01103FD9DF,-26.640664004734823,5.489583354605166,15.360001588949808,2.707456570725702,26.640664004734823,A Male
01103FD9FD,-35.38899280119378,5.371043479413832,43.79751911833618,2.6475492626940045,35.38899280119378,A Male
01103FDB14,-1.2399013951099245,5.649418873954534,-30.03770995740463,2.7883911994218913,1.2399013951099245,A Male
01103FDB64,-30.219583560369127,5.371043479413832,44.97914642633235,2.6475492626940045,30.219583560369127,A Male
01103FDBEF,16.597792732070936,5.371043479413832,8.597173728081838,2.6475492626940045,-16.597792732070936,A Female
01103FDC06,-23.53943819495312,5.583825602546677,-10.337011734494743,2.755155066730065,23.53943819495312,J Male
01103FDC1D,-3.4871780604408213,5.371043479413832,7.1662994391664485,2.6475492626940045,3.4871780604408213,J Female
01103FDC66,-6.601917050805635,5.459213980066951,-5.068677272722509,2.692099239243994,6.601917050805635,A Female
01103FDD4E,28.495448428321584,8.961874142323277,3.33619713272952,4.517052633510116,-28.495448428321584,A Male
01103FDD7E,-38.348287106429446,5.551874291475641,9.910808214174837,2.738976563853332,38.348287106429446,A Male
01103FDF11,-18.15396061883449,5.371043479413832,-3.5460292638673097,2.6475492626940045,18.15396061883449,J Male
01103FDF17,-15.946165465100485,5.551874291475641,-0.8062033519030197,2.738976563853332,15.946165465100485,J Male
01103FDFE4,38.52117633925817,5.898627014848292,-36.97409106859041,2.914954556962674,-38.52117633925817,A Male
01103FDFE5,-13.41623722157944,5.551874291475641,-10.654050348591436,2.738976563853332,13.41623722157944,J Male
01103FE0A4,15.21077801156844,5.551874291475641,-15.093216207414484,2.738976563853332,-15.21077801156844,J Female
01103FE0CE,52.607200794126015,5.371043479413832,16.773264944719077,2.6475492626940045,-52.607200794126015,A Male
01103FE0F7,25.294002523865718,5.399957280575195,-3.4313841328642316,2.662152613688809,-25.294002523865718,A Male
01103FE1DD,-0.2970331103089944,5.898627014848292,30.067791265474714,2.914954556962674,0.2970331103089944,J Female
01103FE221,-1.7773646840336363,5.371043479413832,-11.57801845659439,2.6475492626940045,1.7773646840336363,A Female
01103FE230,10.748965801864001,5.399957280575195,-5.490609838336602,2.662152613688809,-10.748965801864001,J Male
01103FE254,-10.898877888487995,5.616334984308238,-16.451049645304145,2.771623686679005,10.898877888487995,A Female
01103FE25A,1.365761427224408,5.371043479413832,6.464979873322823,2.6475492626940045,-1.365761427224408,J Male
01103FE271,17.827234051235827,24.15091606281593,-28.706046298338183,16.34054008261475,-17.827234051235827,A Female
01103FE2A6,1.521511949056089,5.551874291475641,-1.1361537171285705,2.738976563853332,-1.521511949056089,A Female
01103FE316,-10.48450140044494,5.399957280575195,-3.962088182088161,2.662152613688809,10.48450140044494,A Female
01103FE38B,-23.007563881991405,5.399957280575195,21.012662303724497,2.662152613688809,23.007563881991405,J Male
01103FE395,-13.898115816452796,5.583825602546677,28.950565446272726,2.755155066730065,13.898115816452796,J Female
01103FE3A3,-39.36097027441314,5.371043479413832,24.421019465916793,2.6475492626940045,39.36097027441314,A Male
01103FE46B,-15.475718331746437,5.551874291475641,6.920111126773403,2.738976563853332,15.475718331746437,A Female
01103FE494,15.503967968280486,10.924889041624773,5.454031851518035,5.604117261357703,-15.503967968280486,A Female
01103FE4F7,-1.6495199860866914,5.399957280575195,-13.705408476943251,2.662152613688809,1.6495199860866914,J Female
01103FE565,5.745011664570586,5.371043479413832,-13.020929715022135,2.6475492626940045,-5.745011664570586,J Male
01103FE56E,33.31427107796148,5.5204652648510715,7.263918450545205,2.7230797588684523,-33.31427107796148,A Male
01103FE690,-9.057603007700163,7.77947577769053,17.822036499196265,3.8871914370131546,9.057603007700163,A Male
01103FE6BB,-44.16681776001854,5.551874291475641,24.360562309196602,2.738976563853332,44.16681776001854,A Male
01103FE6F0,33.281913758662775,5.371043479413832,-5.06812726902243,2.6475492626940045,-33.281913758662775,A Female
01103FE76D,-19.88317443419059,5.583825602546677,-19.15440005333691,2.755155066730065,19.88317443419059,J Male
0700EDE465,33.269901738564094,5.583825602546677,-32.16532426126666,2.755155066730065,-33.269901738564094,A Male
3B00181532,-12.092218175838585,5.371043479413832,52.36244799410052,2.6475492626940045,12.092218175838585,J Male
3B00181AAB,-15.765505221520813,5.371043479413832,31.35574029639137,2.6475492626940045,15.765505221520813,J Male
3B00181BC1,26.798899531213337,5.616334984308238,-20.56095557706051,2.771623686679005,-26.798899531213337,J Female
3B0018220E,12.52256613700132,5.616334984308238,0.20868786512040316,2.771623686679005,-12.52256613700132,J Female
3B00183630,-2.238322242697996,9.547630995251215,8.52548739553879,4.835543811608027,2.238322242697996,J Female
3B0018519C,-31.16727595381826,5.371043479413832,28.42542312079271,2.6475492626940045,31.16727595381826,A Male
3B00185576,-13.778647523183903,5.371043479413832,-19.310905054822403,2.6475492626940045,13.778647523183903,J Female
3B001856A5,-19.79793342916888,5.551874291475641,23.639253932286525,2.738976563853332,19.79793342916888,J Female
3B001863B0,-9.260081012301164,5.649418873954534,-26.044710754836025,2.7883911994218913,9.260081012301164,J Female
3B001869F8,3.202826484996163,5.371043479413832,3.5752576690978297,2.6475492626940045,-3.202826484996163,A Female
3B00187872,-1.8740862912512197,5.371043479413832,-11.270370740212897,2.6475492626940045,1.8740862912512197,J Male
3B001878E9,7.969148468930717,5.371043479413832,-3.2604674545407684,2.6475492626940045,-7.969148468930717,J Female
3B00187E18,-18.577096781298653,5.371043479413832,6.673954727501368,2.6475492626940045,18.577096781298653,J Female
3B00187F8D,-13.655117831552502,5.551874291475641,20.165846554242904,2.738976563853332,13.655117831552502,J Male
3B00188697,5.6946254117645285,7.377209237728946,1.5585486541822817,3.676455810899473,-5.6946254117645285,J Female
3B00188763,-12.24763563739848,5.489583354605166,36.36441202634564,2.707456570725702,12.24763563739848,A Female
3B00188B0E,-24.429339720428338,5.583825602546677,-6.493869203605603,2.755155066730065,24.429339720428338,A Male
3B00188F26,-18.951438021308142,5.459213980066951,17.10825808300844,2.692099239243994,18.951438021308142,J Male
3B0018941D,12.684838179967015,5.717379392284118,-20.953575068773514,2.82285990812942,-12.684838179967015,A Male
3B00189685,63.25093506324203,5.683094394552863,-36.69086222553213,2.8054667568728235,-63.25093506324203,J Male
3B00189A9F,-21.305539494819495,5.371043479413832,-5.722191012866113,2.6475492626940045,21.305539494819495,J Female
3B0018A4C3,-5.301927112133537,5.371043479413832,0.10935857196698316,2.6475492626940045,5.301927112133537,J Female
3B0018AB69,-25.563035112120662,5.371043479413832,-15.28461941276162,2.6475492626940045,25.563035112120662,J Female
3B0018AFA2,90.61532042746427,5.649418873954534,-43.27046740775557,2.7883911994218913,-90.61532042746427,J Female
3B0018B868,-0.3585304350362547,5.429343119035468,-26.51897237648312,2.6770003089138883,0.3585304350362547,A Female
3B0018C2B9,3.318641451365726,5.371043479413832,-0.0996162822116994,2.6475492626940045,-3.318641451365726,J Male
3B0018CDB0,13.079409999242092,6.415256770611662,0.186625876043698,3.1788729598449827,-13.079409999242092,J Female
3B0018D242,39.562069263999376,5.399957280575195,-2.595518663499857,2.662152613688809,-39.562069263999376,J Female
3B0018E829,-9.227068520512907,5.371043479413832,-0.8436038465056093,2.6475492626940045,9.227068520512907,J Male
3B0018EE3F,63.82835250646303,5.371043479413832,-0.15322527425444304,2.6475492626940045,-63.82835250646303,J Female
3B0018FE65,-12.694070184099642,5.371043479413832,-14.901684637021862,2.6475492626940045,12.694070184099642,J Female
3B001903B2,34.361432394648546,5.399957280575195,-25.991932962939476,2.662152613688809,-34.361432394648546,J Male
3B00191A7D,8.75729817475788,5.399957280575195,-16.713099173591313,2.662152613688809,-8.75729817475788,J Female
3B00191B19,-9.089492616980754,5.371043479413832,29.13581457302223,2.6475492626940045,9.089492616980754,J Female
3B00193F5A,7.978781733201376,5.371043479413832,-2.6816907700553734,2.6475492626940045,-7.978781733201376,J Male
3B004B62CA,9.173587491399992,6.846056870228265,15.40375867886612,3.400660107289565,-9.173587491399992,J Male
