TransponderHexCode,first_resid_mean,total_resid_mean,AgeSex,early_resid_mean
011016FC5B,7.446518010809638,-17.357465763832973,A Male,-7.446518010809638
011016FFC0,17.78997384958971,-27.669391413066396,A Male,-17.78997384958971
0110171BB9,59.31714286051698,-27.68733151358915,A Male,-59.31714286051698
0110174D98,71.04611711042239,-27.335009791924314,A Female,-71.04611711042239
0110175CF7,7.019318000687736,-26.112828768657206,A Female,-7.019318000687736
0110175DA5,13.466034942741235,-23.67031971658003,A Male,-13.466034942741235
01103F3BC1,-15.293999891124335,-1.9308960523470824,A Male,15.293999891124335
01103F3C5F,-11.52918507630952,-11.086451607902639,A Male,11.52918507630952
01103F3D08,-37.00325915038359,28.59132616987514,A Male,37.00325915038359
01103F3D42,-10.515627575582831,1.5106912669767107,J Female,10.515627575582831
01103F3D99,-18.045541600501693,16.66912356245502,J Female,18.045541600501693
01103F3E01,-26.257411240329517,20.464865692054325,A Female,26.257411240329517
01103F3E62,-8.63015747536432,22.82601972935827,J Female,8.63015747536432
01103F3EEC,0.2906591035137462,39.17582371200456,J Female,-0.2906591035137462
01103F3F50,27.26142380438457,-17.50181529712103,A Female,-27.26142380438457
01103F4010,-19.640911970872065,7.802456895788355,J Female,19.640911970872065
01103F404A,-0.4216506620737789,-16.777495663261014,A Female,0.4216506620737789
01103F4270,-17.82953238997597,-7.359737974868998,A Female,17.82953238997597
01103F4866,32.378430378097605,-12.32600473838807,J Male,-32.378430378097605
01103F4C53,21.064725788574016,-11.708653825481612,A Male,-21.064725788574016
01103F4DD0,22.30988899776455,-1.1864516079026377,A Male,-22.30988899776455
01103F51A9,-20.5373688039119,-40.273009619569585,A Male,20.5373688039119
01103F5611,-9.57988521387608,11.47521211225821,A Female,9.57988521387608
01103F5614,-3.6005395509626736,-3.7774956632610164,A Female,3.6005395509626736
01103F57D3,-17.14535641531651,4.669123562455021,J Female,17.14535641531651
01103F61A9,-2.57280147634549,13.15291589840983,J Female,2.57280147634549
01103F6215,-3.392622053365631,-8.496708609973291,J Female,3.392622053365631
01103F62A9,-8.608716363546513,-13.555138835905256,J Female,8.608716363546513
01103F630A,-9.175354365777482,39.155837670072316,A Female,9.175354365777482
01103F641C,-8.163814705939147,5.035770614319584,A Male,8.163814705939147
01103F692D,166.33720162218677,-51.26666169025189,A Male,-166.33720162218677
01103F6971,-10.928085452860595,-33.85378107534675,J Female,10.928085452860595
01103F75F6,-4.448084724742347,-7.0683699393538655,A Female,4.448084724742347
01103F7EFA,-5.233874933835029,-15.175320881989423,J Female,5.233874933835029
01103F84FD,20.346846090575383,-15.404963600117878,A Female,-20.346846090575383
01103F8695,-13.186962854087298,5.713548392097362,A Male,13.186962854087298
01103F8AD2,-22.99090992133304,67.95583767007231,A Female,22.99090992133304
01103F8CA1,-8.412743546100632,25.992253410427836,J Female,8.412743546100632
01103F8DDA,5.794422666795879,-29.370953826389645,J Male,-5.794422666795879
01103F8E93,64.14854862989095,-25.578693465277624,A Female,-64.14854862989095
01103FA15F,-16.440909921333038,-9.544162329927682,A Female,16.440909921333038
01103FAAB7,-8.640171027581623,1.4013963037005945,A Male,8.640171027581623
01103FAB74,-10.442457721634296,12.378896882085742,J Female,10.442457721634296
01103FAD87,-10.449632100189175,13.541560711062536,A Female,10.449632100189175
01103FAE27,-4.252391402814524,-2.521940107705461,A Female,4.252391402814524
01103FB054,-9.554443009062613,26.849560541063493,A Male,9.554443009062613
01103FB276,-26.160355596305557,14.757743682288352,A Female,26.160355596305557
01103FB422,-11.1716527116128,-5.241987548656089,J Female,11.1716527116128
01103FB7D8,-4.111205869043491,33.50861803328072,J Male,4.111205869043491
01103FB7D9,-18.032131794969416,7.364173588836273,J Male,18.032131794969416
01103FBA7C,-13.609243254666373,7.911393225627873,A Female,13.609243254666373
01103FBBD7,-20.114890128705216,-7.081749763715137,A Male,20.114890128705216
01103FBC46,34.64046079762318,-21.73582641116373,J Male,-34.64046079762318
01103FBCBC,-33.60770359482804,9.102437280986251,A Male,33.60770359482804
01103FC12B,-23.927576587999706,39.244726558961204,A Female,23.927576587999706
01103FC250,-5.934466447299225,-11.504576166959499,J Male,5.934466447299225
01103FC2AF,-29.86120586904349,-10.858048633385948,J Male,29.86120586904349
01103FC468,-8.086083768880943,-37.4314306613758,A Female,8.086083768880943
01103FC52C,-15.917333224457671,9.369103947652917,A Male,15.917333224457671
01103FC816,-15.531020683858305,0.008618033280717283,J Male,15.531020683858305
01103FCAE4,16.657882569719455,12.095781155752379,J Male,-16.657882569719455
01103FD08F,2.9633719185971477,-2.0582178572177856,A Female,-2.9633719185971477
01103FD0A8,-20.522393452353544,30.98023467356613,J Female,20.522393452353544
01103FD1CF,17.76717121557851,-12.530468103756801,A Male,-17.76717121557851
01103FD7DD,44.300721653341675,-31.929740811229347,J Male,-44.300721653341675
01103FD7FC,0.2206459828083633,4.997506922169606,J Male,-0.2206459828083633
01103FD876,-17.908242906080527,-3.2136041889415052,J Male,17.908242906080527
01103FD8F9,24.302826761224082,-18.112616675005295,J Female,-24.302826761224082
01103FD9AE,13.249081071592114,36.99465756024676,J Male,-13.249081071592114
01103FD9DF,-24.46327135980324,13.745102089115893,A Male,24.46327135980324
01103FD9FD,-33.50974063186507,42.59132616987514,A Male,33.50974063186507
01103FDB14,2.0111425508567575,-32.40693228880709,A Male,-2.0111425508567575
01103FDB64,-28.131777668902114,43.79132616987514,A Male,28.131777668902114
01103FDBEF,18.527238226815108,7.67805989229454,A Female,-18.527238226815108
01103FDC06,-24.256747858289874,-10.663010457109783,J Male,24.256747858289874
01103FDC1D,-3.4477638227239167,8.380234673566132,J Female,3.4477638227239167
01103FDC66,-5.632103115281522,-6.2095126198991455,A Female,5.632103115281522
01103FDD4E,35.10855985752157,1.585399828755026,A Male,-35.10855985752157
01103FDD7E,-36.703054120173725,8.218608160111115,A Male,36.703054120173725
01103FDF11,-18.572131794969415,-3.7802708556081717,J Male,18.572131794969415
01103FDF17,-16.32533946317225,-0.9688618812452124,J Male,16.32533946317225
01103FDFE4,43.67281184994194,-39.60820150920337,A Male,-43.67281184994194
01103FDFE5,-13.686053748886533,-10.980766643149975,J Male,13.686053748886533
01103FE0A4,16.023541404458427,-14.253667511101114,J Female,-16.023541404458427
01103FE0CE,58.036555664431226,15.146881725430697,A Male,-58.036555664431226
01103FE0F7,29.627855163647173,-5.374468858117804,A Male,-29.627855163647173
01103FE1DD,-0.18711203792773903,31.7597900019429,J Female,0.18711203792773903
01103FE221,-0.5892432546663662,-12.81082899659435,A Female,0.5892432546663662
01103FE230,11.496875157081755,-5.756398639691305,J Male,-11.496875157081755
01103FE254,-10.122691622800867,-17.751052774267823,A Female,10.122691622800867
01103FE25A,1.7350904272528078,6.386395811058495,J Male,-1.7350904272528078
01103FE271,83.71411750209919,-70.13076839177842,A Female,-83.71411750209919
01103FE2A6,2.842985585067306,-2.177991450802819,A Female,-2.842985585067306
01103FE316,-9.657461025529484,-5.079120903488667,A Female,9.657461025529484
01103FE38B,-23.63165773203682,21.167327234022647,J Male,23.63165773203682
01103FE395,-14.336750621877005,30.572600897834086,J Female,14.336750621877005
01103FE3A3,-37.6419628540873,22.91354839209736,A Male,37.6419628540873
01103FE46B,-14.888958859377144,6.012484739673371,A Female,14.888958859377144
01103FE494,19.62733431450265,4.6437138231227735,A Female,-19.62733431450265
01103FE4F7,-1.5413931478566842,-12.820306695746597,J Female,1.5413931478566842
01103FE565,6.2910163531787395,-13.402493077830394,J Male,-6.2910163531787395
01103FE56E,38.03438517469207,5.480834297941401,A Male,-38.03438517469207
01103FE690,-6.652830838741861,16.381032815444136,A Male,6.652830838741861
01103FE6BB,-42.77309380271341,22.909084350587303,A Male,42.77309380271341
01103FE6F0,35.88446044903733,-6.1997178854832375,A Female,-35.88446044903733
01103FE76D,-20.44834656287128,-19.628298476496994,J Male,20.44834656287128
0700EDE465,38.01683949786536,-34.57187164549078,A Male,-38.01683949786536
3B00181532,-12.265835498673122,52.997506922169606,J Male,12.265835498673122
3B00181AAB,-16.087316980154597,31.664173588836274,J Male,16.087316980154597
3B00181BC1,28.158659968730962,-19.785017188590192,J Female,-28.158659968730962
3B0018220E,13.240520391623246,1.3451245464092234,J Female,-13.240520391623246
3B00183630,-2.4801007429721804,9.930975258170319,J Female,2.4801007429721804
3B0018519C,-29.11770359482804,26.980215058764028,A Male,29.11770359482804
3B00185576,-14.154430489390577,-18.508654215322757,J Female,14.154430489390577
3B001856A5,-20.477730750185998,25.16545317173862,J Female,20.477730750185998
3B001863B0,-9.51900168369272,-25.360624841926853,J Female,9.51900168369272
3B001869F8,4.591867856444739,2.5780598922945392,A Female,-4.591867856444739
3B00187872,-1.6354651283027455,-11.624715300052618,J Male,1.6354651283027455
3B001878E9,8.470754695794604,-2.2086542153227566,J Female,-8.470754695794604
3B00187E18,-19.146467526427617,7.880234673566133,J Female,19.146467526427617
3B00187F8D,-13.935260098092877,20.35256669018336,J Male,13.935260098092877
3B00188697,6.223210094554743,2.5611281977082534,J Female,-6.223210094554743
3B00188763,-11.529731473173609,35.90661750409593,A Female,11.529731473173609
3B00188B0E,-22.194969980285105,-8.456518171274123,A Male,22.194969980285105
3B00188F26,-19.431214032670542,17.220224666250086,J Male,19.431214032670542
3B0018941D,16.536222724995472,-23.2382228405714,A Male,-16.536222724995472
3B00189685,66.43582244213684,-37.50235570081885,J Male,-66.43582244213684
3B00189A9F,-21.984986044946137,-4.708654215322756,J Female,21.984986044946137
3B0018A4C3,-5.335726785686873,1.2135680068994659,J Female,5.335726785686873
3B0018AB69,-26.414245304205394,-14.419765326433867,J Female,26.414245304205394
3B0018AFA2,94.86444702068488,-42.91984055711685,J Female,-94.86444702068488
3B0018B868,0.8904255631918758,-27.991139133320257,A Female,-0.8904255631918758
3B0018C2B9,3.7667570939194785,-0.2802708556081716,J Male,-3.7667570939194785
3B0018CDB0,13.945304101727498,1.1992116518062816,J Female,-13.945304101727498
3B0018D242,41.349483167849264,-1.5324773600171377,J Female,-41.349483167849264
3B0018E829,-9.285094757932377,-1.0358264111637272,J Male,9.285094757932377
3B0018EE3F,66.58353247357238,0.9469013402327991,J Female,-66.58353247357238
3B0018FE65,-13.026097156057247,-14.030876437544977,J Female,13.026097156057247
3B001903B2,36.07080391803406,-26.57837614761841,J Male,-36.07080391803406
3B00191A7D,9.289621818814133,-15.87532315093118,J Female,-9.289621818814133
3B00191B19,-9.276097156057244,30.691345784677242,J Female,9.276097156057244
3B00193F5A,8.614905242067616,-2.902493077830394,J Male,-8.614905242067616
3B004B62CA,9.998788114831664,15.514613103308738,J Male,-9.998788114831664
