rule_id,season,year,status,item_type,proposal_number,proposer,rulebook_ref,summary,effect,reason,category,mechanism,affected_phase,affected_party,temporality,source_kind,source_key,source_url,source_section,extraction_method,confidence
nfl-1926-historical-context-league-rule-1-26427122,1926,1926,historical_context,league_rule,1,,,Halas pushed through a rule that prohibited any team from signing a player whose college class had not graduated.,Halas pushed through a rule that prohibited any team from signing a player whose college class had not graduated.,,league_governance,rule_text_change,player_acquisition,clubs/players,permanent_or_unspecified,secondary_history,hof_chronology,https://www.profootballhof.com/football-history/chronology-of-professional-football/,Pro Football Hall of Fame chronology,chronology_sentence_filter,0.65
nfl-1933-historical-context-playing-rule-6bea3f8c,1933,1933,historical_context,playing_rule,,,,Forward pass allowed from anywhere behind the line of scrimmage.,Forward pass allowed from anywhere behind the line of scrimmage.,,gameplay,rule_text_change,general,league,permanent_or_unspecified,official_history,nflops_evolution,https://operations.nfl.com/the-rules/evolution-of-the-nfl-rules/,NFL Ops evolution narrative,curated_history_seed,0.75
nfl-1933-historical-context-playing-rule-1-146a0e0f,1933,1933,historical_context,playing_rule,1,,,The innovations from the 1932 championship game-inbounds line or hashmarks and goal posts on the goal lines-were adopted.,The innovations from the 1932 championship game-inbounds line or hashmarks and goal posts on the goal lines-were adopted.,,gameplay,rule_text_change,general,league,permanent_or_unspecified,secondary_history,hof_chronology,https://www.profootballhof.com/football-history/chronology-of-professional-football/,Pro Football Hall of Fame chronology,chronology_sentence_filter,0.65
nfl-1933-historical-context-playing-rule-2-418e0d0e,1933,1933,historical_context,playing_rule,2,,,"Also the forward pass was legalized from anywhere behind the line of scrimmage, February 25.","Also the forward pass was legalized from anywhere behind the line of scrimmage, February 25.",,gameplay,rule_text_change,general,league,permanent_or_unspecified,secondary_history,hof_chronology,https://www.profootballhof.com/football-history/chronology-of-professional-football/,Pro Football Hall of Fame chronology,chronology_sentence_filter,0.65
nfl-1934-historical-context-league-rule-1-5ac13d8b,1934,1934,historical_context,league_rule,1,,,"The player waiver rule was adopted, December 10.","The player waiver rule was adopted, December 10.",,league_governance,rule_text_change,player_acquisition,clubs/players,permanent_or_unspecified,secondary_history,hof_chronology,https://www.profootballhof.com/football-history/chronology-of-professional-football/,Pro Football Hall of Fame chronology,chronology_sentence_filter,0.65
nfl-1935-historical-context-league-rule-1-80748f19,1935,1935,historical_context,league_rule,1,,,"The NFL adopted Bert Bell's proposal to hold an annual draft of college players, to begin in 1936, with teams selecting in an inverse order of finish, May 19.","The NFL adopted Bert Bell's proposal to hold an annual draft of college players, to begin in 1936, with teams selecting in an inverse order of finish, May 19.",,league_governance,rule_text_change,player_acquisition,clubs/players,permanent_or_unspecified,secondary_history,hof_chronology,https://www.profootballhof.com/football-history/chronology-of-professional-football/,Pro Football Hall of Fame chronology,chronology_sentence_filter,0.65
nfl-1935-historical-context-playing-rule-2-1ac68a3d,1935,1935,historical_context,playing_rule,2,,,"The inbounds line or hashmarks were moved nearer the center of the field, 15 yards from the sidelines.","The inbounds line or hashmarks were moved nearer the center of the field, 15 yards from the sidelines.",,gameplay,rule_text_change,general,league,permanent_or_unspecified,secondary_history,hof_chronology,https://www.profootballhof.com/football-history/chronology-of-professional-football/,Pro Football Hall of Fame chronology,chronology_sentence_filter,0.65
nfl-1938-historical-context-playing-rule-1-8c79504e,1938,1938,historical_context,playing_rule,1,,,A new rule called for a 15-yard penalty for roughing the passer.,A new rule called for a 15-yard penalty for roughing the passer.,,player_safety,prohibit_contact_technique,contact,players,permanent_or_unspecified,secondary_history,hof_chronology,https://www.profootballhof.com/football-history/chronology-of-professional-football/,Pro Football Hall of Fame chronology,chronology_sentence_filter,0.65
nfl-1943-historical-context-playing-rule-a6d2b89c,1943,1943,historical_context,playing_rule,,,,Substitution restrictions relaxed during wartime roster pressure.,Substitution restrictions relaxed during wartime roster pressure.,,roster_management,rule_text_change,roster,clubs/players,permanent_or_unspecified,official_history,nflops_evolution,https://operations.nfl.com/the-rules/evolution-of-the-nfl-rules/,NFL Ops evolution narrative,curated_history_seed,0.75
nfl-1949-historical-context-playing-rule-de398003,1949,1949,historical_context,playing_rule,,,,"Free substitution restored, accelerating specialist offensive, defensive, and kicking roles.","Free substitution restored, accelerating specialist offensive, defensive, and kicking roles.",,roster_management,rule_text_change,roster,clubs/players,permanent_or_unspecified,official_history,nflops_evolution,https://operations.nfl.com/the-rules/evolution-of-the-nfl-rules/,NFL Ops evolution narrative,curated_history_seed,0.75
nfl-1974-historical-context-playing-rule-d1fc4626,1974,1974,historical_context,playing_rule,,,,Kickoff spot moved from the 40-yard line to the 35-yard line to increase returns.,Kickoff spot moved from the 40-yard line to the 35-yard line to increase returns.,,special_teams,rule_text_change,kickoff,kicking_team/receiving_team,permanent_or_unspecified,official_history,nflops_evolution,https://operations.nfl.com/the-rules/evolution-of-the-nfl-rules/,NFL Ops evolution narrative,curated_history_seed,0.75
nfl-1994-historical-context-playing-rule-874b8938,1994,1994,historical_context,playing_rule,,,,Kickoff spot moved to the 30-yard line after return rates fell.,Kickoff spot moved to the 30-yard line after return rates fell.,,special_teams,rule_text_change,kickoff,kicking_team/receiving_team,permanent_or_unspecified,official_history,nflops_evolution,https://operations.nfl.com/the-rules/evolution-of-the-nfl-rules/,NFL Ops evolution narrative,curated_history_seed,0.75
nfl-2009-historical-context-playing-rule-9b05463f,2009,2009,historical_context,playing_rule,,,,Three-or-more-player blocking wedge on returns banned.,Three-or-more-player blocking wedge on returns banned.,,special_teams,rule_text_change,kickoff,kicking_team/receiving_team,permanent_or_unspecified,official_history,nflops_evolution,https://operations.nfl.com/the-rules/evolution-of-the-nfl-rules/,NFL Ops evolution narrative,curated_history_seed,0.75
nfl-2011-historical-context-playing-rule-be36ffbf,2011,2011,historical_context,playing_rule,,,,Kickoff spot moved from the 30-yard line to the 35-yard line.,Kickoff spot moved from the 30-yard line to the 35-yard line.,,special_teams,rule_text_change,kickoff,kicking_team/receiving_team,permanent_or_unspecified,official_history,nflops_evolution,https://operations.nfl.com/the-rules/evolution-of-the-nfl-rules/,NFL Ops evolution narrative,curated_history_seed,0.75
nfl-2022-approved-playing-rule-16-1-4-9756258f,2022,2022,approved,playing_rule,16-1-4,,16-1-4,Modified overtime in postseason games to require that each team has the opportunity to possess the ball.,Modified overtime in postseason games to require that each team has the opportunity to possess the ball.,,competitive_equity,rule_text_change,overtime,both_teams,permanent_or_unspecified,official_rulebook_pdf_change_list,nflops_rulebook_2022_changes,https://operations.nfl.com/media/5kvgzyss/2022-nfl-rulebook-final.pdf,2022 Rules Changes,pdf_rulebook_change_list,0.96
nfl-2022-approved-playing-rule-6-1-3-03867475,2022,2022,approved,playing_rule,6-1-3,,6-1-3,Makes permanent the free kick formation change implemented during the 2021 season.,Makes permanent the free kick formation change implemented during the 2021 season.,,special_teams,rule_text_change,kickoff,kicking_team/receiving_team,made_permanent,official_rulebook_pdf_change_list,nflops_rulebook_2022_changes,https://operations.nfl.com/media/5kvgzyss/2022-nfl-rulebook-final.pdf,2022 Rules Changes,pdf_rulebook_change_list,0.96
nfl-2022-approved-resolution-g-1-912b95ad,2022,2022,approved,resolution,G-1,"Commissioner's Office, with support of the Competition Committee",,To require the AFC Championship Game to be played at a neutral site and to provide for a possible site change in a Wild Card Game under defined conditions.,To require the AFC Championship Game to be played at a neutral site and to provide for a possible site change in a Wild Card Game under defined conditions.,To mitigate competitive effects in the AFC playoffs resulting from two clubs playing fewer regular season games.,competitive_equity,rule_text_change,postseason_format,clubs,permanent_or_unspecified,official_resolution_article,nflops_resolution_2023_g1_special,https://operations.nfl.com/updates/football-ops/2023-resolution-g-1-approved-at-special-league-meeting/,2023 Resolution G-1,special_resolution_article,0.96
nfl-2023-approved-playing-rule-1-bcd5eb5a,2023,2023,approved,playing_rule,1,Philadelphia,"Rule 5, Section 1, Article 2","amends Rule 5, Section 1, Article 2, to permit the use of zero (""0"") as a jersey numeral; to allow kickers and punters to use any jersey numeral between 0-49 and 90-99.",,,equipment_identity,rule_text_change,roster/equipment,players,permanent_or_unspecified,official_summary,nflops_approved_2023,https://operations.nfl.com/updates/the-rules/approved-2023-playing-rules/,By Clubs,html_summary,0.9
nfl-2023-approved-playing-rule-10-54a9a265,2023,2023,approved,playing_rule,10,Competition Committee,,to change the definition of a launch to leaving one or both feet.,,,player_safety,prohibit_contact_technique,contact,players,permanent_or_unspecified,official_summary,nflops_approved_2023,https://operations.nfl.com/updates/the-rules/approved-2023-playing-rules/,By Competition Committee,html_summary,0.9
nfl-2023-approved-playing-rule-11-b17f8196,2023,2023,approved,playing_rule,11,Competition Committee,,to make the penalty for tripping a personal foul.,,,player_safety,prohibit_contact_technique,contact,players,permanent_or_unspecified,official_summary,nflops_approved_2023,https://operations.nfl.com/updates/the-rules/approved-2023-playing-rules/,By Competition Committee,html_summary,0.9
nfl-2023-approved-playing-rule-12-a106c937,2023,2023,approved,playing_rule,12,Competition Committee,,"to make the penalty for illegally handing the ball forward consistent with other illegal acts, such as illegal forward passes.",,,gameplay,rule_text_change,general,league,permanent_or_unspecified,official_summary,nflops_approved_2023,https://operations.nfl.com/updates/the-rules/approved-2023-playing-rules/,By Competition Committee,html_summary,0.9
nfl-2023-approved-playing-rule-13-01b77aaa,2023,2023,approved,playing_rule,13,Competition Committee,,"to make the penalty for illegal punts, drop kicks, or placekicks consistent with other illegal acts, such as illegal forward passes.",,,gameplay,rule_text_change,general,league,permanent_or_unspecified,official_summary,nflops_approved_2023,https://operations.nfl.com/updates/the-rules/approved-2023-playing-rules/,By Competition Committee,html_summary,0.9
nfl-2023-approved-playing-rule-15-259309eb,2023,2023,approved,playing_rule,15,Competition Committee,,to prevent the offense from benefitting by an extension of the half as a result of their foul.,,,gameplay,rule_text_change,general,league,permanent_or_unspecified,official_summary,nflops_approved_2023,https://operations.nfl.com/updates/the-rules/approved-2023-playing-rules/,By Competition Committee,html_summary,0.9
nfl-2023-approved-playing-rule-16a-dce84f6c,2023,2023,approved,playing_rule,16A,Competition Committee,"Rule 10, Section 2, Article 4","For one year only, puts the ball in play at the receiving team's 25-yard line if there is a fair catch on a free kick behind the receiving team's 25-yard line.","For one year only, puts the ball in play at the receiving team's 25-yard line if there is a fair catch on a free kick behind the receiving team's 25-yard line.",Player Safety,special_teams,rule_text_change,kickoff,kicking_team/receiving_team,one_year_trial,official_full_proposal_article,nflops_adopted_2023_fair_catch,https://operations.nfl.com/updates/the-rules/adopted-playing-rules-change-proposal-putting-ball-in-play-after-fair-catch/,2023 PLAYING RULE PROPOSAL NO. 16A,special_adopted_article,0.98
nfl-2023-approved-playing-rule-17-fb6177a8,2023,2023,approved,playing_rule,17,Competition Committee,,"to clarify use of the helmet against an opponent by removing the ""butt, ram, spear"" language from Article 8 and incorporating those actions into Impermissible Use of the Helmet.",,,player_safety,prohibit_contact_technique,contact,players,permanent_or_unspecified,official_summary,nflops_approved_2023,https://operations.nfl.com/updates/the-rules/approved-2023-playing-rules/,By Competition Committee,html_summary,0.9
nfl-2023-approved-playing-rule-3-f9a21d75,2023,2023,approved,playing_rule,3,Los Angeles Chargers,"Rule 4, Section 6, Article 3","amends Rule 4, Section 6, Article 3 and Section 7, Article 4, to make the adjustment of the play clock following an Instant Replay reversal consistent with other timing rules.",,,officiating,review_or_officiating_authority,game_administration,officials/league,permanent_or_unspecified,official_summary,nflops_approved_2023,https://operations.nfl.com/updates/the-rules/approved-2023-playing-rules/,By Clubs,html_summary,0.9
nfl-2023-approved-playing-rule-7-ce1ddf76,2023,2023,approved,playing_rule,7,Houston,"Rule 15, Section 1, Article 2","amends Rule 15, Section 1, Article 2, to expand the Replay Official's jurisdiction to allow for review on failed fourth down attempts.",,,officiating,review_or_officiating_authority,game_administration,officials/league,permanent_or_unspecified,official_summary,nflops_approved_2023,https://operations.nfl.com/updates/the-rules/approved-2023-playing-rules/,By Clubs,html_summary,0.9
nfl-2023-proposed-playing-rule-1-e42847ba,2023,2023,proposed,playing_rule,1,Competition Committee,,to change the definition of a launch to leaving one or both feet.,,,player_safety,prohibit_contact_technique,contact,players,permanent_or_unspecified,official_summary,nflops_proposals_2023,https://operations.nfl.com/updates/the-rules/2023-rules-change-proposals/,COMPETITION COMMITTEE RULES PROPOSALS,html_summary,0.9
nfl-2023-proposed-playing-rule-1-657e10bc,2023,2023,proposed,playing_rule,1,Philadelphia,"Rule 5, Section 1, Article 2","amends Rule 5, Section 1, Article 2, to permit the use of zero (""0"") as a jersey numeral; to allow kickers and punters to use any jersey numeral between 0-49 and 90-99.",,,equipment_identity,rule_text_change,roster/equipment,players,permanent_or_unspecified,official_summary,nflops_proposals_2023,https://operations.nfl.com/updates/the-rules/2023-rules-change-proposals/,CLUB PLAYING RULES PROPOSALS,html_summary,0.9
nfl-2023-proposed-playing-rule-2-8e54871b,2023,2023,proposed,playing_rule,2,Competition Committee,,to make the penalty for tripping a personal foul.,,,player_safety,prohibit_contact_technique,contact,players,permanent_or_unspecified,official_summary,nflops_proposals_2023,https://operations.nfl.com/updates/the-rules/2023-rules-change-proposals/,COMPETITION COMMITTEE RULES PROPOSALS,html_summary,0.9
nfl-2023-proposed-playing-rule-2-7b78d726,2023,2023,proposed,playing_rule,2,Philadelphia,"Rule 6, Section 1","amends Rule 6, Section 1, to permit a team to maintain possession of the ball after a score by substituting one offensive play (4th-and-20 from the kicking team's 20-yard line) for an onside kickoff attempt.",,,special_teams,rule_text_change,kickoff,kicking_team/receiving_team,permanent_or_unspecified,official_summary,nflops_proposals_2023,https://operations.nfl.com/updates/the-rules/2023-rules-change-proposals/,CLUB PLAYING RULES PROPOSALS,html_summary,0.9
nfl-2023-proposed-playing-rule-3-eb6717ff,2023,2023,proposed,playing_rule,3,Competition Committee,,"to make the penalty for illegally handing the ball forward consistent with other illegal acts, such as illegal forward passes.",,,gameplay,rule_text_change,general,league,permanent_or_unspecified,official_summary,nflops_proposals_2023,https://operations.nfl.com/updates/the-rules/2023-rules-change-proposals/,COMPETITION COMMITTEE RULES PROPOSALS,html_summary,0.9
nfl-2023-proposed-playing-rule-3-1306b640,2023,2023,proposed,playing_rule,3,Los Angeles Chargers,"Rule 4, Section 6, Article 3","amends Rule 4, Section 6, Article 3 and Section 7, Article 4, to make the adjustment of the play clock following an instant replay reversal consistent with other timing rules.",,,officiating,review_or_officiating_authority,game_administration,officials/league,permanent_or_unspecified,official_summary,nflops_proposals_2023,https://operations.nfl.com/updates/the-rules/2023-rules-change-proposals/,CLUB PLAYING RULES PROPOSALS,html_summary,0.9
nfl-2023-proposed-playing-rule-4-b547f295,2023,2023,proposed,playing_rule,4,Competition Committee,,"to make the penalty for illegal punts, drop kicks, or placekicks consistent with other illegal acts, such as illegal forward passes.",,,gameplay,rule_text_change,general,league,permanent_or_unspecified,official_summary,nflops_proposals_2023,https://operations.nfl.com/updates/the-rules/2023-rules-change-proposals/,COMPETITION COMMITTEE RULES PROPOSALS,html_summary,0.9
nfl-2023-proposed-playing-rule-4-e46ef70c,2023,2023,proposed,playing_rule,4,Detroit,"Rule 15, Section 3, Article 9","amends Rule 15, Section 3, Article 9, to expand the coaches' challenge system to include personal fouls called on the field.",,,officiating,review_or_officiating_authority,game_administration,officials/league,permanent_or_unspecified,official_summary,nflops_proposals_2023,https://operations.nfl.com/updates/the-rules/2023-rules-change-proposals/,CLUB PLAYING RULES PROPOSALS,html_summary,0.9
nfl-2023-proposed-playing-rule-5-564602f9,2023,2023,proposed,playing_rule,5,Competition Committee,,to put the ball in play at the receiving team’s 25-yard line when a touchback occurs from a punt.,,,special_teams,rule_text_change,kickoff,kicking_team/receiving_team,permanent_or_unspecified,official_summary,nflops_proposals_2023,https://operations.nfl.com/updates/the-rules/2023-rules-change-proposals/,COMPETITION COMMITTEE RULES PROPOSALS,html_summary,0.9
nfl-2023-proposed-playing-rule-5-734fb4bf,2023,2023,proposed,playing_rule,5,Detroit,"Rule 15, Section 1","amends Rule 15, Section 1, to provide clubs more opportunities for a third challenge.",,,officiating,review_or_officiating_authority,game_administration,officials/league,permanent_or_unspecified,official_summary,nflops_proposals_2023,https://operations.nfl.com/updates/the-rules/2023-rules-change-proposals/,CLUB PLAYING RULES PROPOSALS,html_summary,0.9
nfl-2023-proposed-playing-rule-6-4430c8e3,2023,2023,proposed,playing_rule,6,Competition Committee,,to prevent the offense from benefitting by an extension of the half as a result of their foul.,,,gameplay,rule_text_change,general,league,permanent_or_unspecified,official_summary,nflops_proposals_2023,https://operations.nfl.com/updates/the-rules/2023-rules-change-proposals/,COMPETITION COMMITTEE RULES PROPOSALS,html_summary,0.9
nfl-2023-proposed-playing-rule-6-00fe50da,2023,2023,proposed,playing_rule,6,Detroit,"Rule 15, Section 3","amends Rule 15, Section 3, to expand the replay official's jurisdiction to allow for consultation regarding penalty assessment.",,,officiating,review_or_officiating_authority,game_administration,officials/league,permanent_or_unspecified,official_summary,nflops_proposals_2023,https://operations.nfl.com/updates/the-rules/2023-rules-change-proposals/,CLUB PLAYING RULES PROPOSALS,html_summary,0.9
nfl-2023-proposed-playing-rule-7-1805ee6c,2023,2023,proposed,playing_rule,7,Competition Committee,,to put the ball in play at the receiving team’s 25-yard line if there is a fair catch on a free kick (kickoff and safety kick) behind the receiving team’s 25-yard line.,,,special_teams,rule_text_change,kickoff,kicking_team/receiving_team,permanent_or_unspecified,official_summary,nflops_proposals_2023,https://operations.nfl.com/updates/the-rules/2023-rules-change-proposals/,COMPETITION COMMITTEE RULES PROPOSALS,html_summary,0.9
nfl-2023-proposed-playing-rule-7-553416e8,2023,2023,proposed,playing_rule,7,Houston,"Rule 15, Section 1, Article 2","amends Rule 15, Section 1, Article 2, to expand the replay official's jurisdiction to allow for review on failed fourth-down attempts.",,,officiating,review_or_officiating_authority,game_administration,officials/league,permanent_or_unspecified,official_summary,nflops_proposals_2023,https://operations.nfl.com/updates/the-rules/2023-rules-change-proposals/,CLUB PLAYING RULES PROPOSALS,html_summary,0.9
nfl-2023-proposed-playing-rule-8-01624077,2023,2023,proposed,playing_rule,8,Competition Committee,,"to clarify use of the helmet against an opponent by removing the “butt, ram, spear” language from Article 8 and incorporating those actions into Impermissible Use of the Helmet.",,,player_safety,prohibit_contact_technique,contact,players,permanent_or_unspecified,official_summary,nflops_proposals_2023,https://operations.nfl.com/updates/the-rules/2023-rules-change-proposals/,COMPETITION COMMITTEE RULES PROPOSALS,html_summary,0.9
nfl-2023-proposed-playing-rule-8-ee48f28a,2023,2023,proposed,playing_rule,8,Los Angeles Rams,"Rule 15, Section 1","amends Rule 15, Section 1 and Section 3, to make fouls for roughing the passer called on the field subject to replay assist and/or review by a coach's challenge.",,,officiating,review_or_officiating_authority,game_administration,officials/league,permanent_or_unspecified,official_summary,nflops_proposals_2023,https://operations.nfl.com/updates/the-rules/2023-rules-change-proposals/,CLUB PLAYING RULES PROPOSALS,html_summary,0.9
nfl-2023-proposed-playing-rule-9-ab1b281e,2023,2023,proposed,playing_rule,9,New York Jets,"Rule 12, Section 2, Article 6","amends Rule 12, Section 2, Article 6, to expand the crackback prohibition to players who go in motion and go beyond the center to block (""split-flow block"") a defender below the waist.",,,player_safety,prohibit_contact_technique,contact,players,permanent_or_unspecified,official_summary,nflops_proposals_2023,https://operations.nfl.com/updates/the-rules/2023-rules-change-proposals/,CLUB PLAYING RULES PROPOSALS,html_summary,0.9
nfl-2024-approved-playing-rule-1-b0908ec2,2024,2024,approved,playing_rule,1,Detroit,"Rule 15, Section 1, Article 1","amends Rule 15, Section 1, Article 1 , to protect a club’s ability to challenge a third ruling following one successful challenge.",,,officiating,review_or_officiating_authority,game_administration,officials/league,permanent_or_unspecified,official_summary,nflops_approved_2024,https://operations.nfl.com/updates/the-rules/approved-2024-playing-rules/,By Clubs,html_summary,0.9
nfl-2024-approved-playing-rule-1-b970bc09,2024,2024,approved,playing_rule,1,Competition Committee,"Rule 14, Section 5, Article 2","amends Rule 14, Section 5, Article 2 , to allow for an enforcement of a major foul by the offense prior to a change of possession in a situation where there are fouls by both teams.",,,gameplay,rule_text_change,general,league,permanent_or_unspecified,official_summary,nflops_approved_2024,https://operations.nfl.com/updates/the-rules/approved-2024-playing-rules/,By Competition Committee,html_summary,0.9
nfl-2024-approved-playing-rule-2-6eb04967,2024,2024,approved,playing_rule,2,Competition Committee,"Rule 15, Section 3, Article 3","amends Rule 15, Section 3, Article 3 , to include a ruling of a passer down by contact or out of bounds before throwing a pass as a reviewable play.",,,officiating,review_or_officiating_authority,game_administration,officials/league,permanent_or_unspecified,official_summary,nflops_approved_2024,https://operations.nfl.com/updates/the-rules/approved-2024-playing-rules/,By Competition Committee,html_summary,0.9
nfl-2024-approved-playing-rule-3-83f96d00,2024,2024,approved,playing_rule,3,Competition Committee,"Rule 15, Section 3, Article 9","amends Rule 15, Section 3, Article 9 , to allow a replay review when there is clear and obvious visual evidence that the game clock expired before any snap.",,,officiating,review_or_officiating_authority,game_administration,officials/league,permanent_or_unspecified,official_summary,nflops_approved_2024,https://operations.nfl.com/updates/the-rules/approved-2024-playing-rules/,By Competition Committee,html_summary,0.9
nfl-2024-approved-playing-rule-4-10074132,2024,2024,approved,playing_rule,4,Competition Committee,"Rule 12, Section 2","amends Rule 12, Section 2 , to eliminate a potentially dangerous tackling technique.",,,player_safety,prohibit_contact_technique,contact,players,permanent_or_unspecified,official_summary,nflops_approved_2024,https://operations.nfl.com/updates/the-rules/approved-2024-playing-rules/,By Competition Committee,html_summary,0.9
nfl-2024-approved-playing-rule-5-8010c9ca,2024,2024,approved,playing_rule,5,Competition Committee,Rule 6,"for one year only , amends Rule 6 , to create a new form of a free kick play that is designed to: (1) resemble a typical scrimmage play by aligning players on both teams closer together and restricting movement to reduce space and speed; and (2) promote more returns. Permits the Replay Official automatically review whether a free kick legally touched the ground or a receiving team player in the landing zone.",,,special_teams,rule_text_change,kickoff,kicking_team/receiving_team,one_year_trial,official_summary,nflops_approved_2024,https://operations.nfl.com/updates/the-rules/approved-2024-playing-rules/,By Competition Committee,html_summary,0.9
nfl-2025-approved-bylaw-1-e27db1c0,2025,2025,approved,bylaw,1,Competition Committee,"Article XVII, Section 17.16; Article XVII","amends Article XVII, Section 17.16 of the Constitution and Bylaws, to permit clubs to designate two players for return at the roster reduction to 53 players.",,,roster_management,rule_text_change,roster,clubs/players,permanent_or_unspecified,official_summary,nflops_approved_2025,https://operations.nfl.com/updates/the-rules/approved-2025-playing-rules-bylaws-and-resolutions/,2025 Approved Bylaws Summary,html_summary,0.9
nfl-2025-approved-bylaw-2-c010116b,2025,2025,approved,bylaw,2,Competition Committee,"Article XVII, Section 17.16; Article XVII","amends Article XVII, Section 17.16 of the Constitution and Bylaws, to permit clubs participating in the postseason to receive two additional DFRs increasing the maximum from 8 to 10.",,,roster_management,rule_text_change,roster,clubs/players,permanent_or_unspecified,official_summary,nflops_approved_2025,https://operations.nfl.com/updates/the-rules/approved-2025-playing-rules-bylaws-and-resolutions/,2025 Approved Bylaws Summary,html_summary,0.9
nfl-2025-approved-bylaw-3-33da97be,2025,2025,approved,bylaw,3,Competition Committee,"Article XVIII, Section 18.5; Article XVIII","amends Article XVIII, Section 18.5 of the Constitution and Bylaws, to insert Point Differential as the third tiebreaker for awarding contracts.",,,club_business_rules,rule_text_change,league_business,clubs,permanent_or_unspecified,official_summary,nflops_approved_2025,https://operations.nfl.com/updates/the-rules/approved-2025-playing-rules-bylaws-and-resolutions/,2025 Approved Bylaws Summary,html_summary,0.9
nfl-2025-approved-playing-rule-1-a-dc31b08f,2025,2025,approved,playing_rule,1-A,Competition Committee,Rule 6,"amends Rule 6 , to make permanent the new form of free kick play implemented in 2024 designed to 1) resemble a typical scrimmage play by aligning players on both teams closer together and restricting movement to reduce space and speed and 2) promote more returns, subject to the following changes: (a) modifies the alignment requirements for receiving team players in the setup zone; (b) changes the dead ball spot after a touchback to the 35-yard line if the ball lands in the end zone and is downed in the end zone by the receiving team or goes out of bounds behind the receiving team’s goal line.",,,special_teams,rule_text_change,kickoff,kicking_team/receiving_team,made_permanent,official_summary,nflops_approved_2025,https://operations.nfl.com/updates/the-rules/approved-2025-playing-rules-bylaws-and-resolutions/,2025 Approved Playing Rules Summary,html_summary,0.9
nfl-2025-approved-playing-rule-15-9-27bc52f5,2025,2025,approved,playing_rule,15-9,,15-9,"Expands Instant Replay’s ability to advise the on-field officials on specific, objective aspects of a play and/or to address game administration issues when clear and obvious video evidence is present.","Expands Instant Replay’s ability to advise the on-field officials on specific, objective aspects of a play and/or to address game administration issues when clear and obvious video evidence is present.",,officiating,review_or_officiating_authority,game_administration,officials/league,permanent_or_unspecified,official_rulebook_change_list,nflops_rulebook_2025_changes,https://operations.nfl.com/the-rules/nfl-rulebook/,2025 Rule Changes,rulebook_change_list,0.96
nfl-2025-approved-playing-rule-15-9-dbca0e89,2025,2025,approved,playing_rule,15-9,,15-9,"Expands Instant Replay’s ability to advise the on- field officials on specific, objective aspects of a play and/or to address g ame administration issues when clear and obvious video evidence is present.","Expands Instant Replay’s ability to advise the on- field officials on specific, objective aspects of a play and/or to address g ame administration issues when clear and obvious video evidence is present.",,officiating,review_or_officiating_authority,game_administration,officials/league,permanent_or_unspecified,official_rulebook_pdf_change_list,nflops_rulebook_2025_pdf,https://operations.nfl.com/media/e4sneelu/2025-nfl-rulebook-final.pdf,2025 Rules Changes,pdf_rulebook_change_list,0.98
nfl-2025-approved-playing-rule-16-1-3-42bc30c4,2025,2025,approved,playing_rule,16-1-3,,16-1-3,"Modifies overtime in regular season to allow both teams an opportunity to possess the ball regardless of the outcome of the first possession, subject to a 10-minute overtime period.","Modifies overtime in regular season to allow both teams an opportunity to possess the ball regardless of the outcome of the first possession, subject to a 10-minute overtime period.",,competitive_equity,rule_text_change,overtime,both_teams,permanent_or_unspecified,official_rulebook_change_list,nflops_rulebook_2025_changes,https://operations.nfl.com/the-rules/nfl-rulebook/,2025 Rule Changes,rulebook_change_list,0.96
nfl-2025-approved-playing-rule-16-1-3-c23dbdbc,2025,2025,approved,playing_rule,16-1-3,,16-1-3,"Modifies overtime in regular season to allow both teams an opportunity to possess the ball regardless of the outcome of the first possession, subject to a 10-minute overtime period.","Modifies overtime in regular season to allow both teams an opportunity to possess the ball regardless of the outcome of the first possession, subject to a 10-minute overtime period.",,competitive_equity,rule_text_change,overtime,both_teams,permanent_or_unspecified,official_rulebook_pdf_change_list,nflops_rulebook_2025_pdf,https://operations.nfl.com/media/e4sneelu/2025-nfl-rulebook-final.pdf,2025 Rules Changes,pdf_rulebook_change_list,0.98
nfl-2025-approved-playing-rule-2-a-89e3583e,2025,2025,approved,playing_rule,2-A,Philadelphia,,"aligns the postseason and regular season overtime rules by granting both teams an opportunity to possess the ball regardless of the outcome of the first possession, subject to a 10-minute overtime period in the regular season.",,,competitive_equity,rule_text_change,overtime,both_teams,permanent_or_unspecified,official_summary,nflops_approved_2025,https://operations.nfl.com/updates/the-rules/approved-2025-playing-rules-bylaws-and-resolutions/,2025 Approved Playing Rules Summary,html_summary,0.9
nfl-2025-approved-playing-rule-3-d0482303,2025,2025,approved,playing_rule,3,Competition Committee,Rule 15,"amends Rule 15 , to expand Instant Replay’s ability to advise the on-field officials on specific, objective aspects of a play and/or to address game administration issues when clear and obvious video evidence is present.",,,officiating,review_or_officiating_authority,game_administration,officials/league,permanent_or_unspecified,official_summary,nflops_approved_2025,https://operations.nfl.com/updates/the-rules/approved-2025-playing-rules-bylaws-and-resolutions/,2025 Approved Playing Rules Summary,html_summary,0.9
nfl-2025-approved-playing-rule-6-1-3-5c038768,2025,2025,approved,playing_rule,6-1-3,,6-1-3,Modifies alignment requirements for receiving team players in the setup zone on a kickoff or safety kick.,Modifies alignment requirements for receiving team players in the setup zone on a kickoff or safety kick.,,special_teams,rule_text_change,kickoff,kicking_team/receiving_team,permanent_or_unspecified,official_rulebook_change_list,nflops_rulebook_2025_changes,https://operations.nfl.com/the-rules/nfl-rulebook/,2025 Rule Changes,rulebook_change_list,0.96
nfl-2025-approved-playing-rule-6-1-3-a92ae268,2025,2025,approved,playing_rule,6-1-3,,6-1-3,Modifies alignment requirements for receiving team players in the setup zone on a kickoff or safety kick.,Modifies alignment requirements for receiving team players in the setup zone on a kickoff or safety kick.,,special_teams,rule_text_change,kickoff,kicking_team/receiving_team,permanent_or_unspecified,official_rulebook_pdf_change_list,nflops_rulebook_2025_pdf,https://operations.nfl.com/media/e4sneelu/2025-nfl-rulebook-final.pdf,2025 Rules Changes,pdf_rulebook_change_list,0.98
nfl-2025-approved-playing-rule-6-1-5-9dddced0,2025,2025,approved,playing_rule,6-1-5,,6-1-5,"Changes the dead ball spot after a touchback if the ball lands in the end zone and is downed in the end zone by the receiving team, goes out of bounds beyond the receiving team’s goal line, or strikes the receiving team’s goal post, uprights, or crossbar.","Changes the dead ball spot after a touchback if the ball lands in the end zone and is downed in the end zone by the receiving team, goes out of bounds beyond the receiving team’s goal line, or strikes the receiving team’s goal post, uprights, or crossbar.",,special_teams,rule_text_change,kickoff,kicking_team/receiving_team,permanent_or_unspecified,official_rulebook_change_list,nflops_rulebook_2025_changes,https://operations.nfl.com/the-rules/nfl-rulebook/,2025 Rule Changes,rulebook_change_list,0.96
nfl-2025-approved-playing-rule-6-1-5-26807943,2025,2025,approved,playing_rule,6-1-5,,6-1-5,"Changes the dead ball spot after a touchback if the ball lands in the end zone and is downed in the end zone by the receiving team, goes out of bounds beyond the receiving team’s goal line, or strikes the receiving team’s goal post, uprights, or crossbar.","Changes the dead ball spot after a touchback if the ball lands in the end zone and is downed in the end zone by the receiving team, goes out of bounds beyond the receiving team’s goal line, or strikes the receiving team’s goal post, uprights, or crossbar.",,special_teams,rule_text_change,kickoff,kicking_team/receiving_team,permanent_or_unspecified,official_rulebook_pdf_change_list,nflops_rulebook_2025_pdf,https://operations.nfl.com/media/e4sneelu/2025-nfl-rulebook-final.pdf,2025 Rules Changes,pdf_rulebook_change_list,0.98
nfl-2025-approved-playing-rule-6-1-6-e87929b9,2025,2025,approved,playing_rule,6-1-6,,6-1-6,Modifies the alignment requirements for the kicking team on an onside kick and permits the kicking team to declare an onside kick at any time during the game if trailing its opponent.,Modifies the alignment requirements for the kicking team on an onside kick and permits the kicking team to declare an onside kick at any time during the game if trailing its opponent.,,special_teams,rule_text_change,kickoff,kicking_team/receiving_team,permanent_or_unspecified,official_rulebook_change_list,nflops_rulebook_2025_changes,https://operations.nfl.com/the-rules/nfl-rulebook/,2025 Rule Changes,rulebook_change_list,0.96
nfl-2025-approved-playing-rule-6-1-6-5ddf9afa,2025,2025,approved,playing_rule,6-1-6,,6-1-6,Modifies the alignment requirements for the kicking team on an onside kick and permits the kicking team to declare an onside kick at any time during the game if trailing its opponent.,Modifies the alignment requirements for the kicking team on an onside kick and permits the kicking team to declare an onside kick at any time during the game if trailing its opponent.,,special_teams,rule_text_change,kickoff,kicking_team/receiving_team,permanent_or_unspecified,official_rulebook_pdf_change_list,nflops_rulebook_2025_pdf,https://operations.nfl.com/media/e4sneelu/2025-nfl-rulebook-final.pdf,2025 Rules Changes,pdf_rulebook_change_list,0.98
nfl-2025-approved-playing-rule-rule-6-5d6a9423,2025,2025,approved,playing_rule,Rule 6,,Rule 6,Makes permanent the new form of kickoff play implemented in 2024.,Makes permanent the new form of kickoff play implemented in 2024.,,special_teams,rule_text_change,kickoff,kicking_team/receiving_team,made_permanent,official_rulebook_change_list,nflops_rulebook_2025_changes,https://operations.nfl.com/the-rules/nfl-rulebook/,2025 Rule Changes,rulebook_change_list,0.96
nfl-2025-approved-playing-rule-rule-6-e22e257b,2025,2025,approved,playing_rule,Rule 6,,Rule 6,Makes permanent the new form of kickoff play implemented in 2024.,Makes permanent the new form of kickoff play implemented in 2024.,,special_teams,rule_text_change,kickoff,kicking_team/receiving_team,made_permanent,official_rulebook_pdf_change_list,nflops_rulebook_2025_pdf,https://operations.nfl.com/media/e4sneelu/2025-nfl-rulebook-final.pdf,2025 Rules Changes,pdf_rulebook_change_list,0.98
nfl-2025-approved-resolution-g-1a-94cb255d,2025,2025,approved,resolution,G-1A,Pittsburgh,,"for one-year only, permits clubs to have one video or phone call with no more than five prospective Unrestricted Free Agent during the Two-Day Negotiation Period. Permits clubs to make travel arrangements with such players upon agreeing to terms.",,,club_business_rules,rule_text_change,free_agent_negotiation,clubs/players,one_year_trial,official_summary,nflops_approved_2025,https://operations.nfl.com/updates/the-rules/approved-2025-playing-rules-bylaws-and-resolutions/,2025 Approved Resolutions Summary,html_summary,0.9
nfl-2025-approved-resolution-g-2-03ea1b5b,2025,2025,approved,resolution,G-2,"Baltimore, Cleveland, Houston, Las Vegas, Minnesota, Philadelphia, and Washington",,"to permit clubs to prepare kicking footballs (“K-Balls”) before game day, similar to the process permitted for game footballs.",,,special_teams,rule_text_change,kickoff,kicking_team/receiving_team,permanent_or_unspecified,official_summary,nflops_approved_2025,https://operations.nfl.com/updates/the-rules/approved-2025-playing-rules-bylaws-and-resolutions/,2025 Approved Resolutions Summary,html_summary,0.9
nfl-2025-approved-resolution-g-3-7d80e316,2025,2025,approved,resolution,G-3,Washington,,to permit clubs that may qualify for the postseason to obtain scouting credentials for two consecutive games (Weeks 17 and 18) played by a potential postseason opponent. Also requires clubs hosting Wild Card games to provide scouting credentials to all teams within the same conference who are participating in the postseason.,,,club_business_rules,rule_text_change,league_business,clubs,permanent_or_unspecified,official_summary,nflops_approved_2025,https://operations.nfl.com/updates/the-rules/approved-2025-playing-rules-bylaws-and-resolutions/,2025 Approved Resolutions Summary,html_summary,0.9
nfl-2025-proposed-bylaw-1-96621bac,2025,2025,proposed,bylaw,1,Competition Committee,,to permit clubs to designate two players for return at the roster reduction to 53 players.,,,roster_management,rule_text_change,roster,clubs/players,permanent_or_unspecified,official_summary,nflops_proposals_2025,https://operations.nfl.com/updates/the-rules/2025-rules-change-proposals/,2025 bylaw PROPOSALS summary,html_summary,0.9
nfl-2025-proposed-bylaw-2-c75c4ab9,2025,2025,proposed,bylaw,2,Competition Committee,,to permit clubs participating in the postseason to receive two additional DFRs increasing the maximum from 8 to 10.,,,roster_management,rule_text_change,roster,clubs/players,permanent_or_unspecified,official_summary,nflops_proposals_2025,https://operations.nfl.com/updates/the-rules/2025-rules-change-proposals/,2025 bylaw PROPOSALS summary,html_summary,0.9
nfl-2025-proposed-bylaw-3-2dbc9e77,2025,2025,proposed,bylaw,3,Competition Committee,,to insert Point Differential as the third tiebreaker for awarding contracts.,,,club_business_rules,rule_text_change,league_business,clubs,permanent_or_unspecified,official_summary,nflops_proposals_2025,https://operations.nfl.com/updates/the-rules/2025-rules-change-proposals/,2025 bylaw PROPOSALS summary,html_summary,0.9
nfl-2025-proposed-bylaw-4-0422674f,2025,2025,proposed,bylaw,4,Detroit,"Article XX, Section 20.2; Article XX","amends Article XX, Section 20.2 of the Constitution & Bylaws, to amend the current playoff seeding format to allow Wild Card teams to be seeded higher than Division Champions if the Wild Card team has a better regular season record.",,,competitive_equity,rule_text_change,postseason_format,clubs,permanent_or_unspecified,official_summary,nflops_proposals_2025,https://operations.nfl.com/updates/the-rules/2025-rules-change-proposals/,2025 bylaw PROPOSALS summary,html_summary,0.9
nfl-2025-proposed-bylaw-5-08069037,2025,2025,proposed,bylaw,5,Detroit,"Article XVII, Section 17.1; Article XVII","Article XVII, Section 17.1 of the Constitution and Bylaws, to exclude from the 90-player limit a player placed on Reserve/Injured before or on the day of the roster reduction to 53 players, unless such player is Designated for Return.",,,roster_management,rule_text_change,roster,clubs/players,permanent_or_unspecified,official_summary,nflops_proposals_2025,https://operations.nfl.com/updates/the-rules/2025-rules-change-proposals/,2025 bylaw PROPOSALS summary,html_summary,0.9
nfl-2025-proposed-playing-rule-1-90f3196b,2025,2025,proposed,playing_rule,1,Competition Committee,"Rule 6, Section 1","amends Rule 6, Section 1 , to make permanent the new form of free kick play implemented in 2024 designed to 1) resemble a typical scrimmage play by aligning players on both teams closer together and restricting movement to reduce space and speed and 2) promote more returns, subject to the following changes: (a) modifies the alignment requirements for receiving team players in the setup zone; (b) changes the dead ball spot after a touchback to the 35-yard line if the ball lands in the end zone and is downed in the end zone by the receiving team or goes out of bounds behind the receiving team’s goal line; (c) changes the alignment requirements for the kicking team on an onside kick; and (d) permits the kicking team to declare an onside kick at any time during the game if trailing its opponent.",,,special_teams,rule_text_change,kickoff,kicking_team/receiving_team,made_permanent,official_summary,nflops_proposals_2025,https://operations.nfl.com/updates/the-rules/2025-rules-change-proposals/,2025 PLAYING RULES PROPOSALS SUMMARY,html_summary,0.9
nfl-2025-proposed-playing-rule-2-3fd21bf4,2025,2025,proposed,playing_rule,2,Philadelphia,"Rule 16, Section 1","amends Rule 16, Section 1 , to align the postseason and regular season overtime rules by granting both teams an opportunity to possess the ball regardless of the outcome of the first possession, subject to a 15-minute overtime period in the regular season.",,,competitive_equity,rule_text_change,overtime,both_teams,permanent_or_unspecified,official_summary,nflops_proposals_2025,https://operations.nfl.com/updates/the-rules/2025-rules-change-proposals/,2025 PLAYING RULES PROPOSALS SUMMARY,html_summary,0.9
nfl-2025-proposed-playing-rule-3-3e0806cb,2025,2025,proposed,playing_rule,3,Competition Committee,Rule 15,"amends Rule 15 , to expand Instant Replay’s ability to advise the on-field officials on specific, objective aspects of a play and/or to address game administration issues when clear and obvious video evidence is present.",,,officiating,review_or_officiating_authority,game_administration,officials/league,permanent_or_unspecified,official_summary,nflops_proposals_2025,https://operations.nfl.com/updates/the-rules/2025-rules-change-proposals/,2025 PLAYING RULES PROPOSALS SUMMARY,html_summary,0.9
nfl-2025-proposed-playing-rule-4-51ccb6bc,2025,2025,proposed,playing_rule,4,Detroit,"Rule 8, Section 4","amends Rule 8, Section 4 , to eliminate an automatic first down as a penalty imposed for defensive holding and illegal contact.",,,gameplay,rule_text_change,general,league,permanent_or_unspecified,official_summary,nflops_proposals_2025,https://operations.nfl.com/updates/the-rules/2025-rules-change-proposals/,2025 PLAYING RULES PROPOSALS SUMMARY,html_summary,0.9
nfl-2025-proposed-playing-rule-5-729903fd,2025,2025,proposed,playing_rule,5,Green Bay,"Rule 12, Section 1","amends Rule 12, Section 1 , to prohibit an offensive player from pushing a teammate who was lined up directly behind the snapper and receives the snap, immediately at the snap.",,,gameplay,rule_text_change,general,league,permanent_or_unspecified,official_summary,nflops_proposals_2025,https://operations.nfl.com/updates/the-rules/2025-rules-change-proposals/,2025 PLAYING RULES PROPOSALS SUMMARY,html_summary,0.9
nfl-2025-proposed-resolution-g-1-0baca18f,2025,2025,proposed,resolution,G-1,Pittsburgh,,to permit clubs during the two-day negotiation period to: (i) have one video or phone call with a prospective unrestricted free agent and his player agent; and (ii) permits clubs to arrange for the player’s travel upon agreeing to terms with a prospective unrestricted free agent. Travel cannot occur until the beginning of the new league year.,,,club_business_rules,rule_text_change,free_agent_negotiation,clubs/players,permanent_or_unspecified,official_summary,nflops_proposals_2025,https://operations.nfl.com/updates/the-rules/2025-rules-change-proposals/,2025 Resolutions Proposals SUMMARY,html_summary,0.9
nfl-2025-proposed-resolution-g-2-a8a7c55b,2025,2025,proposed,resolution,G-2,"Baltimore, Cleveland, Houston, Las Vegas, Minnesota, Philadelphia, and Washington",,"to permit clubs to prepare kicking footballs (“K-Balls”) before game day, similar to the process permitted for game footballs.",,,special_teams,rule_text_change,kickoff,kicking_team/receiving_team,permanent_or_unspecified,official_summary,nflops_proposals_2025,https://operations.nfl.com/updates/the-rules/2025-rules-change-proposals/,2025 Resolutions Proposals SUMMARY,html_summary,0.9
nfl-2025-proposed-resolution-g-3-132f44b8,2025,2025,proposed,resolution,G-3,Washington,,to permit clubs that may qualify for the postseason to obtain scouting credentials for two consecutive games (Weeks 17 and 18) played by a potential postseason opponent. Also requires clubs hosting Wild Card games to provide scouting credentials to all teams within the same conference who are participating in the postseason.,,,club_business_rules,rule_text_change,league_business,clubs,permanent_or_unspecified,official_summary,nflops_proposals_2025,https://operations.nfl.com/updates/the-rules/2025-rules-change-proposals/,2025 Resolutions Proposals SUMMARY,html_summary,0.9
nfl-2026-approved-bylaw-1-9409c1e5,2026,2026,approved,bylaw,1,Competition Committee,"Article XVII, Section 17.1; Article XVII","amends Article XVII, Section 17.1 of the Constitution and Bylaws to permit the League office to adjust the procedures and related dates and deadlines for the final roster reduction to accommodate an international game scheduled in the first week of the regular season.",,,roster_management,rule_text_change,roster,clubs/players,permanent_or_unspecified,official_summary,nflops_approved_2026,https://operations.nfl.com/updates/the-game/approved-2026-playing-rules-bylaws-and-resolutions/,2026 Approved Bylaws Summary,html_summary,0.9
nfl-2026-approved-bylaw-2-36e0c06a,2026,2026,approved,bylaw,2,Competition Committee,"Article XVII, Section 18.1; Article XVII","amends Article XVII, Section 18.1 (B) of the Constitution and Bylaws to establish the Saturday and Sunday of Labor Day weekend as business days to provide clubs with personnel notices during the first weekend after the roster reduction.",,,roster_management,rule_text_change,roster,clubs/players,permanent_or_unspecified,official_summary,nflops_approved_2026,https://operations.nfl.com/updates/the-game/approved-2026-playing-rules-bylaws-and-resolutions/,2026 Approved Bylaws Summary,html_summary,0.9
nfl-2026-approved-bylaw-3-216fb6a7,2026,2026,approved,bylaw,3,Competition Committee,,to permit players on Reserve/Physically Unable to Perform to begin a 21-day practice period after the club’s second game of the regular season.,,,roster_management,rule_text_change,roster,clubs/players,permanent_or_unspecified,official_summary,nflops_approved_2026,https://operations.nfl.com/updates/the-game/approved-2026-playing-rules-bylaws-and-resolutions/,2026 Approved Bylaws Summary,html_summary,0.9
nfl-2026-approved-playing-rule-1-8b4006e9,2026,2026,approved,playing_rule,1,Competition Committee,,to permit the kicking team to declare an onside kick at any time during the game.,,,special_teams,rule_text_change,kickoff,kicking_team/receiving_team,permanent_or_unspecified,official_summary,nflops_approved_2026,https://operations.nfl.com/updates/the-game/approved-2026-playing-rules-bylaws-and-resolutions/,2026 Approved Playing Rules Summary,html_summary,0.9
nfl-2026-approved-playing-rule-2-bdab757d,2026,2026,approved,playing_rule,2,Competition Committee,,to eliminate the kicking team’s incentive to intentionally kick the ball out of bounds when kicking off from the 50-yard line.,,,special_teams,rule_text_change,kickoff,kicking_team/receiving_team,permanent_or_unspecified,official_summary,nflops_approved_2026,https://operations.nfl.com/updates/the-game/approved-2026-playing-rules-bylaws-and-resolutions/,2026 Approved Playing Rules Summary,html_summary,0.9
nfl-2026-approved-playing-rule-3-6c6323b7,2026,2026,approved,playing_rule,3,Competition Committee,,to modify the kickoff alignment requirements for the receiving team players in the setup zone.,,,special_teams,rule_text_change,kickoff,kicking_team/receiving_team,permanent_or_unspecified,official_summary,nflops_approved_2026,https://operations.nfl.com/updates/the-game/approved-2026-playing-rules-bylaws-and-resolutions/,2026 Approved Playing Rules Summary,html_summary,0.9
nfl-2026-approved-playing-rule-4-a-c21f59c2,2026,2026,approved,playing_rule,4-A,Competition Committee,,to allow League personnel to consult with on-field officials when considering disqualifications for both flagrant football acts and non-football acts without being called on the field.,,,officiating,review_or_officiating_authority,game_administration,officials/league,permanent_or_unspecified,official_summary,nflops_approved_2026,https://operations.nfl.com/updates/the-game/approved-2026-playing-rules-bylaws-and-resolutions/,2026 Approved Playing Rules Summary,html_summary,0.9
nfl-2026-approved-playing-rule-5-26967250,2026,2026,approved,playing_rule,5,Competition Committee,,"for one year only, to allow the NFL Officiating department to correct clear and obvious mistakes made by on-field officials that impact the game, in the event that there is a work stoppage involving the game officials represented by the NFL Referees Association.",,,officiating,review_or_officiating_authority,game_administration,officials/league,one_year_trial,official_summary,nflops_approved_2026,https://operations.nfl.com/updates/the-game/approved-2026-playing-rules-bylaws-and-resolutions/,2026 Approved Playing Rules Summary,html_summary,0.9
nfl-2026-approved-resolution-1-213979c9,2026,2026,approved,resolution,1,Pittsburgh,,"to make permanent the change implemented during the 2025 season that permits clubs to have one video or phone call with no more than five prospective Unrestricted Free Agent during the Two-Day Negotiation Period, and to permit clubs to make travel arrangements with such players upon agreeing to terms.",,,club_business_rules,rule_text_change,free_agent_negotiation,clubs/players,made_permanent,official_summary,nflops_approved_2026,https://operations.nfl.com/updates/the-game/approved-2026-playing-rules-bylaws-and-resolutions/,2026 Approved Resolutions Summary,html_summary,0.9
nfl-2026-proposed-bylaw-1-510a9e0e,2026,2026,proposed,bylaw,1,Competition Committee,"Article XVII, Section 17.1; Article XVII","amends Article XVII, Section 17.1 of the Constitution and Bylaws to permit the League office to adjust the procedures and related dates and deadlines for the final roster reduction to accommodate an international game scheduled in the first week of the regular season.",,,roster_management,rule_text_change,roster,clubs/players,permanent_or_unspecified,official_summary,nflops_proposals_2026,https://operations.nfl.com/updates/the-rules/2026-playing-rules-bylaw-and-resolution-proposals/,2026 Bylaw Proposals Summary,html_summary,0.9
nfl-2026-proposed-bylaw-2-9fcc1342,2026,2026,proposed,bylaw,2,Competition Committee,"Article XVII, Section 18.1; Article XVII","amends Article XVII, Section 18.1 (B) of the Constitution and Bylaws to establish the Saturday and Sunday of Labor Day weekend as business days to provide clubs with personnel notices during the first weekend after the roster reduction.",,,roster_management,rule_text_change,roster,clubs/players,permanent_or_unspecified,official_summary,nflops_proposals_2026,https://operations.nfl.com/updates/the-rules/2026-playing-rules-bylaw-and-resolution-proposals/,2026 Bylaw Proposals Summary,html_summary,0.9
nfl-2026-proposed-bylaw-3-a3d31fec,2026,2026,proposed,bylaw,3,Competition Committee,,to permit players on Reserve/Physically Unable to Perform to begin a 21-day practice period after the club’s second game of the regular season.,,,roster_management,rule_text_change,roster,clubs/players,permanent_or_unspecified,official_summary,nflops_proposals_2026,https://operations.nfl.com/updates/the-rules/2026-playing-rules-bylaw-and-resolution-proposals/,2026 Bylaw Proposals Summary,html_summary,0.9
nfl-2026-proposed-playing-rule-1-87ef0705,2026,2026,proposed,playing_rule,1,Competition Committee,"Rule 6, Section 1, Article 6",Permits the kicking team to declare an onside kick at any time during the game.,Permits the kicking team to declare an onside kick at any time during the game.,Competitive Equity.,special_teams,rule_text_change,kickoff,kicking_team/receiving_team,permanent_or_unspecified,official_full_proposal_pdf,nflops_2026_full_proposals_pdf,https://operations.nfl.com/media/dxfj3uak/2026-playing-rules-bylaw-and-resolution-proposals.pdf,2026 PLAYING RULE PROPOSAL,pdf_full_proposal,0.97
nfl-2026-proposed-playing-rule-1-f185315a,2026,2026,proposed,playing_rule,1,Competition Committee,,to permit the kicking team to declare an onside kick at any time during the game.,,,special_teams,rule_text_change,kickoff,kicking_team/receiving_team,permanent_or_unspecified,official_summary,nflops_proposals_2026,https://operations.nfl.com/updates/the-rules/2026-playing-rules-bylaw-and-resolution-proposals/,2026 Playing Rules Proposals Summary,html_summary,0.9
nfl-2026-proposed-playing-rule-2-b2ed303a,2026,2026,proposed,playing_rule,2,Competition Committee,"Rule 6, Section 1, Article 5",Eliminates the kicking team’s incentive to intentionally kick the ball out of bounds when kicking off from the 50-yard line.,Eliminates the kicking team’s incentive to intentionally kick the ball out of bounds when kicking off from the 50-yard line.,Competitive Equity.,special_teams,rule_text_change,kickoff,kicking_team/receiving_team,permanent_or_unspecified,official_full_proposal_pdf,nflops_2026_full_proposals_pdf,https://operations.nfl.com/media/dxfj3uak/2026-playing-rules-bylaw-and-resolution-proposals.pdf,2026 PLAYING RULE PROPOSAL,pdf_full_proposal,0.97
nfl-2026-proposed-playing-rule-2-e2c316f3,2026,2026,proposed,playing_rule,2,Competition Committee,,to eliminate the kicking team’s incentive to intentionally kick the ball out of bounds when kicking off from the 50-yard line.,,,special_teams,rule_text_change,kickoff,kicking_team/receiving_team,permanent_or_unspecified,official_summary,nflops_proposals_2026,https://operations.nfl.com/updates/the-rules/2026-playing-rules-bylaw-and-resolution-proposals/,2026 Playing Rules Proposals Summary,html_summary,0.9
nfl-2026-proposed-playing-rule-3-ca65a188,2026,2026,proposed,playing_rule,3,Competition Committee,"Rule 6, Section 1, Article 3",Modifies the alignment requirements for the receiving team players in the setup zone.,Modifies the alignment requirements for the receiving team players in the setup zone.,Player safety. Provides excitement and competition in the game.,special_teams,rule_text_change,kickoff,kicking_team/receiving_team,permanent_or_unspecified,official_full_proposal_pdf,nflops_2026_full_proposals_pdf,https://operations.nfl.com/media/dxfj3uak/2026-playing-rules-bylaw-and-resolution-proposals.pdf,2026 PLAYING RULE PROPOSAL,pdf_full_proposal,0.97
nfl-2026-proposed-playing-rule-3-963ff8d4,2026,2026,proposed,playing_rule,3,Competition Committee,,to modify the kickoff alignment requirements for the receiving team players in the setup zone.,,,special_teams,rule_text_change,kickoff,kicking_team/receiving_team,permanent_or_unspecified,official_summary,nflops_proposals_2026,https://operations.nfl.com/updates/the-rules/2026-playing-rules-bylaw-and-resolution-proposals/,2026 Playing Rules Proposals Summary,html_summary,0.9
nfl-2026-proposed-playing-rule-4-3a3e17af,2026,2026,proposed,playing_rule,4,Competition Committee,"Rule 19, Section 2",Allow League personnel to consult with on -field officials when considering a disqualification for both flagrant football and non-football acts without being called on the field.,Allow League personnel to consult with on -field officials when considering a disqualification for both flagrant football and non-football acts without being called on the field.,Integrity of the Game,officiating,review_or_officiating_authority,game_administration,officials/league,permanent_or_unspecified,official_full_proposal_pdf,nflops_2026_full_proposals_pdf,https://operations.nfl.com/media/dxfj3uak/2026-playing-rules-bylaw-and-resolution-proposals.pdf,2026 PLAYING RULE PROPOSAL,pdf_full_proposal,0.97
nfl-2026-proposed-playing-rule-4-d33342b2,2026,2026,proposed,playing_rule,4,Competition Committee,,to allow League personnel to consult with on-field officials when considering disqualifications for both flagrant football acts and non-football acts without being called on the field.,,,officiating,review_or_officiating_authority,game_administration,officials/league,permanent_or_unspecified,official_summary,nflops_proposals_2026,https://operations.nfl.com/updates/the-rules/2026-playing-rules-bylaw-and-resolution-proposals/,2026 Playing Rules Proposals Summary,html_summary,0.9
nfl-2026-proposed-playing-rule-5-9523212a,2026,2026,proposed,playing_rule,5,Competition Committee,"Rule 15; Rule 12; Rule 8; Rule 15, Section 9; Rule 15, Section 1","For one year only, allows the Officiating department to correct a clear and obvious miss made by on-field officials that impact the game in the event that there is a work stoppage involving the game officials represented by the NFL Referees Association and during the period that replacement game officials are utilized as the on-field officials.","For one year only, allows the Officiating department to correct a clear and obvious miss made by on-field officials that impact the game in the event that there is a work stoppage involving the game officials represented by the NFL Referees Association and during the period that replacement game officials are utilized as the on-field officials.",Integrity of the Game; Competitive Equity,officiating,review_or_officiating_authority,game_administration,officials/league,one_year_trial,official_full_proposal_pdf,nflops_2026_full_proposals_pdf,https://operations.nfl.com/media/dxfj3uak/2026-playing-rules-bylaw-and-resolution-proposals.pdf,2026 PLAYING RULE PROPOSAL,pdf_full_proposal,0.97
nfl-2026-proposed-playing-rule-5-78f50f4d,2026,2026,proposed,playing_rule,5,Competition Committee,,"for one year only, to allow the NFL Officiating Department to correct clear and obvious misses made by on-field officials that impact the game, in the event that there is a work stoppage involving the game officials represented by the NFL Referees Association.",,,officiating,review_or_officiating_authority,game_administration,officials/league,one_year_trial,official_summary,nflops_proposals_2026,https://operations.nfl.com/updates/the-rules/2026-playing-rules-bylaw-and-resolution-proposals/,2026 Playing Rules Proposals Summary,html_summary,0.9
nfl-2026-proposed-resolution-1-d3d391af,2026,2026,proposed,resolution,1,Pittsburgh,,"to make permanent the change implemented during the 2025 season that permits clubs to have one video or phone call with no more than five prospective Unrestricted Free Agent during the Two-Day Negotiation Period, and to permit clubs to make travel arrangements with such players upon agreeing to terms.",,,club_business_rules,rule_text_change,free_agent_negotiation,clubs/players,made_permanent,official_summary,nflops_proposals_2026,https://operations.nfl.com/updates/the-rules/2026-playing-rules-bylaw-and-resolution-proposals/,2026 Resolution Proposals Summary,html_summary,0.9
nfl-2026-proposed-resolution-2-cd27d635,2026,2026,proposed,resolution,2,Cleveland,,to allow draft selections to be traded up to five (5) seasons in the future.,,,club_business_rules,rule_text_change,league_business,clubs,permanent_or_unspecified,official_summary,nflops_proposals_2026,https://operations.nfl.com/updates/the-rules/2026-playing-rules-bylaw-and-resolution-proposals/,2026 Resolution Proposals Summary,html_summary,0.9
