variable,label,n,deaths,nonconsumers,consumers,hr,ci_low,ci_high,p,status,model,q_bh,is_chili
HAN1AS,Chocolate milk and hot cocoa - times/mo,18906,8255,13519,5387,0.9390729543443358,0.8645932496863935,1.0199686545099302,0.13596096014459422,ok,model2,0.2399311061375192,False
HAN1BS,Milk to drink or on cereal - times/month,18887,8247,3087,15800,0.9093108535885057,0.8248573906335245,1.002411129296914,0.05593500837421486,ok,model2,0.13424402009811567,False
HAN1ES,Yogurt and frozen yogurt - times/month,18918,8262,13349,5569,0.8392613148093467,0.7862858388176156,0.8958059776260251,1.3828748648990545e-07,ok,model2,2.765749729798109e-06,False
HAN1FS,"Ice cream,ice milk,milkshakes - times/mo",18904,8250,5642,13262,0.9509626982207705,0.890927102768057,1.0150438241216697,0.13074088897074557,ok,model2,0.2377107072195374,False
HAN1GS,"Cheese, all types - times/month",18904,8249,2442,16462,1.042026879191408,0.951730187203094,1.1408905922679085,0.3733687188875755,ok,model2,0.5091391621194211,False
HAN1HS,"Pizza, calzone, lasagna - times/month",18912,8255,7301,11611,0.8841926033839542,0.8183574741088127,0.9553240296733005,0.0018227648061509849,ok,model2,0.007811849169218507,False
HAN1IS,Cheese dishes - times/month,18910,8256,5773,13137,1.0517612890813428,0.9753835980163045,1.1341197570471724,0.1895228878643342,ok,model2,0.30733441275297435,False
HAN2AS,Stew or soup with vegetables - times/mo,18902,8250,3832,15070,0.950754053221723,0.8627276130167087,1.047762070066057,0.3083224247767884,ok,model2,0.4404606068239834,False
HAN2BS,Spaghetti/pasta w/ tomato sauce-times/mo,18912,8255,5549,13363,0.929269444311099,0.8583431291677306,1.0060565184084,0.07015604119106925,ok,model2,0.15590231375793165,False
HAN2CS,Bacon/sausage/processed meats - times/mo,18917,8259,3818,15099,1.062262625664491,0.9822285367130359,1.1488180639301544,0.13071104111596152,ok,model2,0.2377107072195374,False
HAN2DS,Liver and other organ meats - times/mo,18914,8257,13120,5794,1.1027564998852857,1.02896212444036,1.1818432079807144,0.005642193765951049,ok,model2,0.01781745399774016,False
HAN2ES,Beef - times/month,18914,8257,1056,17858,1.029027831762257,0.895460202900667,1.1825185252356714,0.6866651664774792,ok,model2,0.7773567922386557,False
HAN2FS,Pork and ham - times/month,18919,8258,5313,13606,1.0235017855344335,0.9447140162997897,1.1088603396562169,0.5697699699585991,ok,model2,0.6837239639503189,False
HAN2GS,"Shrimp, clams, etc - times/mo",18910,8255,9885,9025,0.9839384877822133,0.9148052560855846,1.058296223484504,0.6631157530989789,ok,model2,0.772564301884801,False
HAN2HS,Fish - times/month,18916,8256,3316,15600,0.9776358134026268,0.8707499995311158,1.0976420145415822,0.7018097302519393,ok,model2,0.7797885891688213,False
HAN2IS,Chicken and turkey - times/month,18917,8256,696,18221,0.8551074194448145,0.7096398937029036,1.0303940143135417,0.09991745085211068,ok,model2,0.19983490170422133,False
HAN2JS,Eggs - times/month,18914,8263,3220,15694,0.9757244505569419,0.8979973134521657,1.0601793448075378,0.5617634971187189,ok,model2,0.6837239639503189,False
HAN3AS,"Orange juice, etc - times/month",18915,8259,4208,14707,0.8552574717276593,0.7971110321589209,0.9176454890667665,1.3466052242756017e-05,ok,model2,0.00012426868492323718,False
HAN3BS,Other fruit juices - times/month,18900,8252,8801,10099,0.9691965538837249,0.9159002956698782,1.0255941225273488,0.27826999371029326,ok,model2,0.4072243810394535,False
HAN3CS,Citrus fruits - times/month,18909,8255,7355,11554,0.8888237277062969,0.8271314345828498,0.9551173923551158,0.0013221079152288932,ok,model2,0.0061020365318256616,False
HAN3DS,Melons - times/month,18914,8260,10531,8383,0.8832010166217894,0.830610021880312,0.9391218685225109,7.333908262789188e-05,ok,model2,0.0004889272175192792,False
HAN3ES,"Peaches, nectarines, etc - times/month",18899,8248,9949,8950,0.9029095092353342,0.8429367738671929,0.9671491470557627,0.0035855410841577795,ok,model2,0.013445779065591672,False
HAN3FS,Any other fruits - times/month,18904,8254,1609,17295,0.739474643967244,0.6491370923887968,0.8423840749235234,5.624815786205606e-06,ok,model2,8.437223679308408e-05,False
HAN4AS,Carrots - times/month,18900,8242,3904,14996,0.8183986102859504,0.7419246671495718,0.9027551110966744,6.231138874839131e-05,ok,model2,0.00046733541561293484,False
HAN4BS,Broccoli - times/month,18912,8253,6514,12398,0.8407823082260379,0.7773925110791016,0.9093410082438702,1.4498013241044338e-05,ok,model2,0.00012426868492323718,False
HAN4CS,Brussel sprouts/cauliflower - times/mo,18909,8252,10856,8053,0.9086984548399526,0.8406022090340349,0.982311101439283,0.01599497483950507,ok,model2,0.045699928112871636,False
HAN4DS,White potatoes - times/month,18907,8252,725,18182,1.0046251534787696,0.8112001063589578,1.2441710634535301,0.9662663738732695,ok,model2,0.9662663738732695,False
HAN4ES,"Sweet potatoes, yams, etc - times/month",18909,8252,10318,8591,1.01003272956126,0.9398827828233648,1.0854184515652439,0.7857665645568322,ok,model2,0.8128619633346541,False
HAN4FS,Tomatoes - times/month,18907,8254,2676,16231,0.862128254292133,0.7761622450522279,0.9576156680988607,0.005639236650845376,ok,model2,0.01781745399774016,False
HAN4GS,"Spinach, greens, etc - times/month",18902,8244,8486,10416,0.9597875132787271,0.8921409329317661,1.0325633951336908,0.27105249545495086,ok,model2,0.40657874318242626,False
HAN4HS,Tossed salad - times/month,18908,8249,3829,15079,0.8535401793163957,0.7787354783908241,0.9355305593792879,0.0007143632453522273,ok,model2,0.0035718162267611366,False
HAN4IS,"Cabbage, cole slaw, sauerkraut-times/mo",18902,8246,6427,12475,0.9921558255186013,0.9170962094641235,1.0733586857650244,0.8444506922898839,ok,model2,0.8587634158880175,False
HAN4JS,Hot red chili peppers - times/month,18911,8252,14226,4685,0.9205410659429055,0.839096439890022,1.0098908943033609,0.07982135322888764,ok,model2,0.17104575691904494,True
HAN4KS,Other peppers - times/month,18896,8245,8809,10087,0.8744454546938383,0.8103838147972562,0.9435712304126124,0.0005477183897397555,ok,model2,0.0029875548531259396,False
HAN4LS,Any other vegetables - times/month,18902,8248,1171,17731,0.8342337776281424,0.7021590874876371,0.9911514472109918,0.039299662821088786,ok,model2,0.1025208595332751,False
HAN5AS,"Beans, lentils, chickpeas - times/month",18906,8253,3342,15564,0.9811378683972598,0.8989772766887084,1.0708073960989026,0.6695557283001609,ok,model2,0.772564301884801,False
HAN5BS,"Peanuts, peanut butter, etc - times/mo",18906,8252,6693,12213,0.912080931595026,0.8416291914470225,0.9884300998982343,0.024852126690506456,ok,model2,0.06777852733774488,False
HAN5CS,"Cereals: All-Bran, etc - times/month",18907,8253,16340,2567,0.9344044224677983,0.8601606609325098,1.0150564474557924,0.10823518668918128,ok,model2,0.2094874581080928,False
HAN5DS,"Cereals: Total, etc - times/month",18906,8253,16831,2075,0.9470685999483114,0.8629610739783342,1.039373570899414,0.2517508399400495,ok,model2,0.38730898452315304,False
HAN5ES,All other cold cereals - times/month,18910,8254,7080,11830,0.942482612479986,0.8883333001516943,0.9999326544163268,0.04973980717970121,ok,model2,0.12434951794925303,False
HAN5FS,"Cooked, hot cereals - times/month",18907,8257,9473,9434,1.0562518350513748,0.9795174991336091,1.1389974554167879,0.1549784556499558,ok,model2,0.26567735254278135,False
HAN5GS,"White bread, rolls, etc - times/month",18911,8256,2523,16388,0.971112274596127,0.8827060043400932,1.068372759712097,0.5472302155278705,ok,model2,0.6837239639503189,False
HAN5HS,Dark breads and rolls - times/month,18910,8257,8043,10867,0.8715543334340585,0.8136118748799218,0.9336232417204996,8.976046244968806e-05,ok,model2,0.0005385627746981284,False
HAN5IS,"Corn bread, muffins, tortillas-times/mo",18902,8249,6342,12560,1.0533233012686911,0.973134330329199,1.1401200660758184,0.19848385644417244,ok,model2,0.31339556280658803,False
HAN5JS,Flour tortillas - times/month,18912,8257,12259,6653,0.9266998800504691,0.8291165954103611,1.0357682772716843,0.1799449906866041,ok,model2,0.29990831781100685,False
HAN5KS,Rice - times/month,18903,8254,3196,15707,0.8530156832785637,0.7943212054868155,0.9160472500205367,1.2382807353855143e-05,ok,model2,0.00012426868492323718,False
HAN5LS,Salted snacks - times/month,18894,8246,5899,12995,0.9087530425960897,0.8487611977232657,0.9729852102604115,0.006034392933191715,ok,model2,0.018103178799575147,False
HAN6AS,"Cakes, cookies, brownies, etc - times/mo",18916,8257,3241,15675,0.7731210969751,0.7148477087292208,0.8361448505592016,1.229472977956729e-10,ok,model2,7.376837867740374e-09,False
HAN6BS,Chocolate candy and fudge - times/month,18913,8257,9910,9003,0.9190774661074139,0.8661483545485865,0.9752410014640754,0.005297031309480653,ok,model2,0.01781745399774016,False
HAN6CS,"Hi-C, Tang, Koolaid, etc - times/month",18915,8259,10892,8023,0.9878867354091077,0.9136024977937156,1.0682109608435195,0.7599382603777538,ok,model2,0.8103377240415909,False
HAN6DS,"Diet colas, diet sodas, etc - times/mo",18911,8255,13050,5861,0.9882017096893396,0.9126836119109609,1.0699683946206353,0.7698208378395113,ok,model2,0.8103377240415909,False
HAN6ES,Regular colas and sodas - times/month,18916,8259,7184,11732,0.9335504016997529,0.8635462640021097,1.0092294864142228,0.08381697611199666,ok,model2,0.1734144333351655,False
HAN6FS,Regular coffee - times/month,18899,8247,7178,11721,1.0350456642726606,0.9616572695397106,1.1140346577345706,0.3586201126468348,ok,model2,0.5004001571816299,False
HAN6GS,Regular tea - times/month,18908,8257,10373,8535,0.9662163996692537,0.8916544078184778,1.0470134200019243,0.40161221847475004,ok,model2,0.5303824668387838,False
HAN6HS,Beer and lite beer - times/month,18911,8253,12271,6640,0.9253743353293742,0.8522629020437572,1.004757638086558,0.06475661384798868,ok,model2,0.14943833964920467,False
HAN6IS,"Wine, etc - times/month",18913,8259,15206,3707,0.7755237949278204,0.7121585899029705,0.8445269986579703,5.051755901763178e-09,ok,model2,1.5155267705289533e-07,False
HAN6JS,Hard liquor - times/month,18910,8257,14857,4053,0.874705720410467,0.8025230858243494,0.9533807946881369,0.002316079747588555,ok,model2,0.00926431899035422,False
HAN7AS,Margarine - times/month,18877,8230,5897,12980,1.0136077580317642,0.9412841510969933,1.0914883523161674,0.720449529949983,ok,model2,0.7859449417636178,False
HAN7BS,Butter - times/month,18879,8232,12902,5977,0.9690187447516116,0.8996030378966288,1.043790747834143,0.40662655790973423,ok,model2,0.5303824668387838,False
HAN7CS,"Oil/vinegar, mayonnaise, etc - times/mo",18881,8232,3099,15782,0.9645108694141384,0.8804637504938527,1.056580940096877,0.4372831892650362,ok,model2,0.5582338586362163,False
