variable,label,period
A1_01,WATCH TV,week
A2_01,READ PAPERS/MAGS,week
A3_01,READ BOOKS,week
A4_01,LISTEN MUSIC,week
A5_01,SLEEP/NAP,week
A6_01,WALK,week
A7_01,SPORTS/EXERCISE,week
A8_01,VISIT IN PERSON,week
A9_01,PHONE/LETTERS/EMAIL,week
A10_01,WORK FOR PAY,week
A11_01,USE COMPUTER,week
A12_01,PRAY/MEDITATE,week
A13_01,HOUSE CLEANING,week
A14_01,WASH/IRON/MEND,week
A15_01,YARD WORK/GARDEN,week
A16_01,SHOP/RUN ERRANDS,week
A17_01,MEALS PREP/CLEAN-UP,week
A18_01,PERSONAL GROOMING,week
A19_01,PET CARE,week
A20_01,SHOW AFFECTION,week
A21_01,HELP OTHERS,month
A22_01,VOLUNTEER WORK,month
A23_01,RELIGIOUS ATTENDANCE,month
A24_01,ATTEND MEETINGS,month
A25_01,MONEY MANAGEMENT,month
A26_01,SELF CARE,month
A27_01,PLAY CARDS/GAMES/PUZZLES,month
A28_01,CONCERTS/MOVIES/LECTURES,month
A29_01,SING/PLAY MUSIC,month
A30_01,ARTS AND CRAFTS,month
A31_01,HOME IMPROVEMENTS,month
