date,Temperature,Precipitation,Daylength,Sunrise,Sunset
2022-12-01,-25.3,0,7.85,8:27,16:18
2022-12-02,-25,0,7.81,8:29,16:18
2022-12-03,-18.3,0,7.78,8:30,16:17
2022-12-04,-4.5,0,7.74,8:32,16:16
2022-12-05,-18.19,0,7.71,8:33,16:16
2022-12-06,-30.4,0,7.68,8:34,16:15
2022-12-07,-10.3,0,7.65,8:36,16:15
2022-12-08,-10.4,0,7.63,8:37,16:15
2022-12-09,-12.1,0,7.6,8:38,16:14
2022-12-10,-11.1,0,7.58,8:39,16:14
2022-12-11,-16.2,1,7.56,8:40,16:14
2022-12-12,-19,0,7.54,8:41,16:14
2022-12-13,-11.2,0.7,7.52,8:42,16:14
2022-12-14,-7.3,0,7.51,8:43,16:14
2022-12-15,-13.2,0,7.5,8:44,16:14
2022-12-16,-5.9,1.2,7.48,8:45,16:14
2022-12-17,-17.2,0.1,7.48,8:46,16:14
2022-12-18,-21.7,1.9,7.47,8:47,16:15
2022-12-19,-25.5,0.9,7.46,8:47,16:15
2022-12-20,-33.4,0,7.46,8:48,16:15
2022-12-21,-33.2,0,7.46,8:48,16:16
2022-12-22,-33.7,0,7.46,8:49,16:16
2022-12-23,-22.3,0,7.46,8:49,16:17
2022-12-24,-16.8,0.9,7.47,8:50,16:18
2022-12-25,-14.5,0.7,7.47,8:50,16:18
2022-12-26,-11.4,0,7.48,8:50,16:19
2022-12-27,-12.6,1.6,7.49,8:50,16:20
2022-12-28,-10.8,0.3,7.51,8:50,16:21
2022-12-29,-8.9,0,7.52,8:50,16:22
2022-12-30,-13.3,0,7.54,8:50,16:23
2022-12-31,-15.4,0,7.56,8:50,16:24
2023-01-01,-8.3,0,7.58,8:50,16:25
2023-01-02,-9.6,0,7.6,8:50,16:26
2023-01-03,-13.8,0,7.62,8:50,16:27
2023-01-04,-12.1,0,7.65,8:49,16:29
2023-01-05,-12.1,0,7.68,8:49,16:30
2023-01-06,-9.9,0,7.71,8:49,16:31
2023-01-07,-11.1,0,7.74,8:48,16:33
2023-01-08,-11.1,0,7.77,8:48,16:34
2023-01-09,-8.4,0,7.81,8:47,16:35
2023-01-10,-8.2,0,7.84,8:46,16:37
2023-01-11,-7.2,0,7.88,8:46,16:38
2023-01-12,-12.6,0,7.92,8:45,16:40
2023-01-13,-13.1,0,7.96,8:44,16:42
2023-01-14,-10.7,0,8,8:43,16:43
2023-01-15,-8.8,0,8.05,8:42,16:45
2023-01-16,-5.4,0,8.09,8:41,16:47
2023-01-17,-8.8,0,8.14,8:40,16:48
2023-01-18,-13.4,0,8.18,8:39,16:50
2023-01-19,-10.6,0,8.23,8:38,16:52
2023-01-20,-4.1,0,8.28,8:37,16:54
2023-01-21,0.4,0,8.33,8:35,16:55
2023-01-22,0.5,0,8.38,8:34,16:57
2023-01-23,-2.8,0,8.44,8:33,16:59
2023-01-24,-0.1,0.1,8.49,8:31,17:01
2023-01-25,-0.7,0,8.55,8:30,17:03
2023-01-26,4.7,0,8.6,8:29,17:05
2023-01-27,-6.7,0.1,8.66,8:27,17:07
2023-01-28,-16.8,0,8.72,8:26,17:09
2023-01-29,-17.1,0.1,8.78,8:24,17:11
2023-01-30,-11.7,0.2,8.83,8:22,17:13
2023-01-31,-10.3,0.4,8.89,8:21,17:14
2023-02-01,-15.5,0,8.96,8:19,17:16
2023-02-02,-16.9,0,9.02,8:17,17:18
2023-02-03,-6.3,0,9.08,8:16,17:20
2023-02-04,-1.8,0,9.14,8:14,17:22
2023-02-05,-2,0,9.2,8:12,17:24
2023-02-06,-0.7,0,9.27,8:10,17:26
2023-02-07,0.5,0,9.33,8:08,17:28
2023-02-08,-3.2,1.1,9.4,8:06,17:30
2023-02-09,-6.1,0,9.46,8:05,17:32
2023-02-10,-1.9,0,9.53,8:03,17:34
2023-02-11,-2.9,0,9.59,8:01,17:36
2023-02-12,-2.6,0.3,9.66,7:59,17:38
2023-02-13,0,0,9.73,7:57,17:40
2023-02-14,-10,0,9.79,7:55,17:42
2023-02-15,-8.2,0,9.86,7:53,17:44
2023-02-16,-2.6,0,9.93,7:50,17:46
2023-02-17,-3.2,0,10,7:48,17:48
2023-02-18,-4.9,0.9,10.07,7:47,17:50
2023-02-19,-4.6,1.7,10.13,7:44,17:52
2023-02-20,-10.2,0,10.2,7:42,17:54
2023-02-21,-18.4,0,10.27,7:40,17:56
2023-02-22,-25.1,0,10.34,7:38,17:58
2023-02-23,-25.3,0.2,10.41,7:35,18:00
2023-02-24,-26.8,0,10.48,7:33,18:02
2023-02-25,-14.4,0,10.55,7:31,18:04
2023-02-26,-13.2,0,10.62,7:29,18:06
2023-02-27,-10.9,0,10.69,7:26,18:08
2023-02-28,-13.7,0.4,10.76,7:24,18:10
